frame_idx,level,iou_gate,model
0,0,0.34285715222358704,kan
1,0,0.32380953431129456,kan
2,0,0.32380953431129456,kan
3,0,0.3142857253551483,kan
4,0,0.3142857253551483,kan
5,0,0.3047619163990021,kan
6,0,0.3142857253551483,kan
7,0,0.3333333432674408,kan
0,1,0.42990654706954956,kan
1,1,0.4112149477005005,kan
2,1,0.40498441457748413,kan
3,1,0.4112149477005005,kan
4,1,0.4080996811389923,kan
5,1,0.40186914801597595,kan
6,1,0.41433021426200867,kan
7,1,0.4236760139465332,kan
0,2,0.46167248487472534,kan
1,2,0.45121949911117554,kan
2,2,0.4477351903915405,kan
3,2,0.4533565938472748,kan
4,2,0.444638192653656,kan
5,2,0.45248475670814514,kan
6,2,0.4625435471534729,kan
7,2,0.4695121943950653,kan
8,0,0.33707866072654724,kan
9,0,0.3483146131038666,kan
10,0,0.4175824224948883,kan
11,0,0.41304346919059753,kan
12,0,0.41304346919059753,kan
13,0,0.44565218687057495,kan
14,0,0.4157303273677826,kan
15,0,0.3483146131038666,kan
8,1,0.40247678756713867,kan
9,1,0.401840478181839,kan
10,1,0.4346504509449005,kan
11,1,0.43425077199935913,kan
12,1,0.4264264404773712,kan
13,1,0.4363636374473572,kan
14,1,0.4440993666648865,kan
15,1,0.4285714328289032,kan
8,2,0.45437079668045044,kan
9,2,0.4755513072013855,kan
10,2,0.4952740967273712,kan
11,2,0.5103969573974609,kan
12,2,0.49533581733703613,kan
13,2,0.5037593841552734,kan
14,2,0.5180487632751465,kan
15,2,0.531737744808197,kan
16,0,0.2884615361690521,kan
17,0,0.2857142984867096,kan
18,0,0.3619047701358795,kan
19,0,0.2884615361690521,kan
20,0,0.32710281014442444,kan
21,0,0.35779815912246704,kan
22,0,0.30909091234207153,kan
23,0,0.33636364340782166,kan
16,1,0.2895376980304718,kan
17,1,0.29197078943252563,kan
18,1,0.35121950507164,kan
19,1,0.36764705181121826,kan
20,1,0.38235294818878174,kan
21,1,0.4436274468898773,kan
22,1,0.406862735748291,kan
23,1,0.406862735748291,kan
16,2,0.3135935366153717,kan
17,2,0.31919193267822266,kan
18,2,0.3497636616230011,kan
19,2,0.40040650963783264,kan
20,2,0.4265305995941162,kan
21,2,0.459809273481369,kan
22,2,0.46049046516418457,kan
23,2,0.45163488388061523,kan
24,0,0.42307692766189575,kan
25,0,0.3921568691730499,kan
26,0,0.4019607901573181,kan
27,0,0.4117647111415863,kan
28,0,0.3980582654476166,kan
29,0,0.40776699781417847,kan
30,0,0.40776699781417847,kan
31,0,0.40776699781417847,kan
24,1,0.43523314595222473,kan
25,1,0.438144326210022,kan
26,1,0.42783504724502563,kan
27,1,0.43927648663520813,kan
28,1,0.43410852551460266,kan
29,1,0.4329896867275238,kan
30,1,0.4315245449542999,kan
31,1,0.44186046719551086,kan
24,2,0.4751098155975342,kan
25,2,0.4765051305294037,kan
26,2,0.48676469922065735,kan
27,2,0.48748159408569336,kan
28,2,0.4801178276538849,kan
29,2,0.48527246713638306,kan
30,2,0.4823269546031952,kan
31,2,0.48527246713638306,kan
32,0,0.35849055647850037,kan
33,0,0.37735849618911743,kan
34,0,0.38679245114326477,kan
35,0,0.3679245412349701,kan
36,0,0.3679245412349701,kan
37,0,0.349056601524353,kan
38,0,0.3396226465702057,kan
39,0,0.3523809611797333,kan
32,1,0.43264248967170715,kan
33,1,0.43376624584198,kan
34,1,0.43376624584198,kan
35,1,0.43376624584198,kan
36,1,0.43376624584198,kan
37,1,0.4233766198158264,kan
38,1,0.4259740114212036,kan
39,1,0.41558441519737244,kan
32,2,0.46908316016197205,kan
33,2,0.4747330844402313,kan
34,2,0.47686833143234253,kan
35,2,0.47578346729278564,kan
36,2,0.4740213453769684,kan
37,2,0.4740213453769684,kan
38,2,0.4797152876853943,kan
39,2,0.4672364592552185,kan
40,0,0.3451327383518219,kan
41,0,0.3571428656578064,kan
42,0,0.3482142984867096,kan
43,0,0.36036035418510437,kan
44,0,0.36036035418510437,kan
45,0,0.36036035418510437,kan
46,0,0.3482142984867096,kan
47,0,0.3482142984867096,kan
40,1,0.3752860426902771,kan
41,1,0.3844393491744995,kan
42,1,0.3752860426902771,kan
43,1,0.3752860426902771,kan
44,1,0.3798626959323883,kan
45,1,0.3775743842124939,kan
46,1,0.4091953933238983,kan
47,1,0.3977011442184448,kan
40,2,0.4057508111000061,kan
41,2,0.40871235728263855,kan
42,2,0.4154340922832489,kan
43,2,0.4182754158973694,kan
44,2,0.42682141065597534,kan
45,2,0.42258065938949585,kan
46,2,0.4402068555355072,kan
47,2,0.445019394159317,kan
48,0,0.31200000643730164,kan
49,0,0.35483869910240173,kan
50,0,0.3306451737880707,kan
51,0,0.30894309282302856,kan
52,0,0.30894309282302856,kan
53,0,0.24590164422988892,kan
54,0,0.23770491778850555,kan
55,0,0.23770491778850555,kan
48,1,0.38944724202156067,kan
49,1,0.4096692204475403,kan
50,1,0.421875,kan
51,1,0.42895442247390747,kan
52,1,0.42702701687812805,kan
53,1,0.36486485600471497,kan
54,1,0.37567567825317383,kan
55,1,0.3540540635585785,kan
48,2,0.44769230484962463,kan
49,2,0.46297740936279297,kan
50,2,0.46178343892097473,kan
51,2,0.4772162437438965,kan
52,2,0.5108601450920105,kan
53,2,0.49125874042510986,kan
54,2,0.48200175166130066,kan
55,2,0.46485060453414917,kan
56,0,0.21167883276939392,kan
57,0,0.20437955856323242,kan
58,0,0.1985294073820114,kan
59,0,0.2647058963775635,kan
60,0,0.2647058963775635,kan
61,0,0.2647058963775635,kan
62,0,0.27941176295280457,kan
63,0,0.2720588147640228,kan
56,1,0.33510637283325195,kan
57,1,0.332446813583374,kan
58,1,0.3306666612625122,kan
59,1,0.3743315637111664,kan
60,1,0.3914209008216858,kan
61,1,0.3962264060974121,kan
62,1,0.4177897572517395,kan
63,1,0.42587602138519287,kan
56,2,0.3555062711238861,kan
57,2,0.34464943408966064,kan
58,2,0.3637036979198456,kan
59,2,0.39375928044319153,kan
60,2,0.4186747074127197,kan
61,2,0.44173648953437805,kan
62,2,0.4545454680919647,kan
63,2,0.4660045802593231,kan
64,0,0.17543859779834747,kan
65,0,0.17543859779834747,kan
66,0,0.17543859779834747,kan
67,0,0.18421052396297455,kan
68,0,0.17543859779834747,kan
69,0,0.15789473056793213,kan
70,0,0.15789473056793213,kan
71,0,0.1666666716337204,kan
64,1,0.27636364102363586,kan
65,1,0.2800000011920929,kan
66,1,0.2836363613605499,kan
67,1,0.2836363613605499,kan
68,1,0.28727272152900696,kan
69,1,0.2836363613605499,kan
70,1,0.2800000011920929,kan
71,1,0.2836363613605499,kan
64,2,0.2982456088066101,kan
65,2,0.2994152009487152,kan
66,2,0.30327868461608887,kan
67,2,0.30562061071395874,kan
68,2,0.3024618923664093,kan
69,2,0.3024618923664093,kan
70,2,0.3016431927680969,kan
71,2,0.30516430735588074,kan
72,0,0.1979166716337204,kan
73,0,0.1979166716337204,kan
74,0,0.1875,kan
75,0,0.1875,kan
76,0,0.1875,kan
77,0,0.1979166716337204,kan
78,0,0.2083333283662796,kan
79,0,0.1875,kan
72,1,0.24605678021907806,kan
73,1,0.24290220439434052,kan
74,1,0.23974762856960297,kan
75,1,0.24290220439434052,kan
76,1,0.24290220439434052,kan
77,1,0.24605678021907806,kan
78,1,0.2555204927921295,kan
79,1,0.24290220439434052,kan
72,2,0.2857142984867096,kan
73,2,0.28464818000793457,kan
74,2,0.28358209133148193,kan
75,2,0.2825160026550293,kan
76,2,0.2889125943183899,kan
77,2,0.2857142984867096,kan
78,2,0.28678038716316223,kan
79,2,0.28464818000793457,kan
80,0,0.1875,kan
81,0,0.1979166716337204,kan
82,0,0.1979166716337204,kan
83,0,0.1875,kan
84,0,0.1979166716337204,kan
85,0,0.2083333283662796,kan
86,0,0.2083333283662796,kan
87,0,0.2083333283662796,kan
80,1,0.266211599111557,kan
81,1,0.276450514793396,kan
82,1,0.266211599111557,kan
83,1,0.26279863715171814,kan
84,1,0.266211599111557,kan
85,1,0.266211599111557,kan
86,1,0.266211599111557,kan
87,1,0.2593856751918793,kan
80,2,0.2752293646335602,kan
81,2,0.27828747034072876,kan
82,2,0.2793068289756775,kan
83,2,0.27420997619628906,kan
84,2,0.2762487232685089,kan
85,2,0.2752293646335602,kan
86,2,0.27828747034072876,kan
87,2,0.2721712589263916,kan
88,0,0.19387754797935486,kan
89,0,0.19387754797935486,kan
90,0,0.19387754797935486,kan
91,0,0.19387754797935486,kan
92,0,0.19387754797935486,kan
93,0,0.19387754797935486,kan
94,0,0.19387754797935486,kan
95,0,0.19387754797935486,kan
88,1,0.25850340723991394,kan
89,1,0.2687074840068817,kan
90,1,0.2687074840068817,kan
91,1,0.27210885286331177,kan
92,1,0.2687074840068817,kan
93,1,0.261904776096344,kan
94,1,0.261904776096344,kan
95,1,0.25850340723991394,kan
88,2,0.2845275104045868,kan
89,2,0.2931392788887024,kan
90,2,0.2931392788887024,kan
91,2,0.29106029868125916,kan
92,2,0.29106029868125916,kan
93,2,0.28898128867149353,kan
94,2,0.29106029868125916,kan
95,2,0.29002079367637634,kan
96,0,0.1875,kan
97,0,0.1979166716337204,kan
98,0,0.1875,kan
99,0,0.1875,kan
100,0,0.1875,kan
101,0,0.1770833283662796,kan
102,0,0.1770833283662796,kan
103,0,0.1666666716337204,kan
96,1,0.25167784094810486,kan
97,1,0.25503355264663696,kan
98,1,0.24832214415073395,kan
99,1,0.24832214415073395,kan
100,1,0.24832214415073395,kan
101,1,0.24832214415073395,kan
102,1,0.25167784094810486,kan
103,1,0.24496644735336304,kan
96,2,0.293864369392395,kan
97,2,0.2949407994747162,kan
98,2,0.29278793931007385,kan
99,2,0.2906350791454315,kan
100,2,0.2906350791454315,kan
101,2,0.2906350791454315,kan
102,2,0.29278793931007385,kan
103,2,0.28955867886543274,kan
104,0,0.15094339847564697,kan
105,0,0.1603773534297943,kan
106,0,0.16981132328510284,kan
107,0,0.16981132328510284,kan
108,0,0.16981132328510284,kan
109,0,0.16981132328510284,kan
110,0,0.17924527823925018,kan
111,0,0.18867924809455872,kan
104,1,0.25177305936813354,kan
105,1,0.2597864866256714,kan
106,1,0.2633451819419861,kan
107,1,0.2633451819419861,kan
108,1,0.2633451819419861,kan
109,1,0.2597864866256714,kan
110,1,0.2775800824165344,kan
111,1,0.2775800824165344,kan
104,2,0.29336437582969666,kan
105,2,0.29789718985557556,kan
106,2,0.30140188336372375,kan
107,2,0.3052631616592407,kan
108,2,0.3079625368118286,kan
109,2,0.300936758518219,kan
110,2,0.30327868461608887,kan
111,2,0.30562061071395874,kan
112,0,0.13750000298023224,kan
113,0,0.1265822798013687,kan
114,0,0.08860759437084198,kan
115,0,0.10126582533121109,kan
116,0,0.1139240488409996,kan
117,0,0.10126582533121109,kan
118,0,0.07594936341047287,kan
119,0,0.08860759437084198,kan
112,1,0.15000000596046448,kan
113,1,0.14220184087753296,kan
114,1,0.1376146823167801,kan
115,1,0.11926605552434921,kan
116,1,0.10091742873191833,kan
117,1,0.12385321408510208,kan
118,1,0.13302752375602722,kan
119,1,0.15596330165863037,kan
112,2,0.21095333993434906,kan
113,2,0.23505154252052307,kan
114,2,0.21030928194522858,kan
115,2,0.20867767930030823,kan
116,2,0.21576763689517975,kan
117,2,0.22727273404598236,kan
118,2,0.22727273404598236,kan
119,2,0.2417355328798294,kan
120,0,0.04285714402794838,kan
121,0,0.0714285746216774,kan
122,0,0.0845070406794548,kan
123,0,0.08571428805589676,kan
124,0,0.10000000149011612,kan
125,0,0.0714285746216774,kan
126,0,0.0714285746216774,kan
127,0,0.0714285746216774,kan
120,1,0.1170731708407402,kan
121,1,0.12195122241973877,kan
122,1,0.12682926654815674,kan
123,1,0.12254901975393295,kan
124,1,0.11764705926179886,kan
125,1,0.1034482792019844,kan
126,1,0.07352941483259201,kan
127,1,0.06372549384832382,kan
120,2,0.2698863744735718,kan
121,2,0.28080227971076965,kan
122,2,0.2779369652271271,kan
123,2,0.2628571391105652,kan
124,2,0.25,kan
125,2,0.25072887539863586,kan
126,2,0.2182890921831131,kan
127,2,0.1871345043182373,kan
128,0,0.014492753893136978,kan
129,0,0.014705882407724857,kan
130,0,0.05882352963089943,kan
131,0,0.04477611929178238,kan
132,0,0.02985074557363987,kan
133,0,0.07352941483259201,kan
134,0,0.05882352963089943,kan
135,0,0.10447761416435242,kan
128,1,0.029556650668382645,kan
129,1,0.03431372717022896,kan
130,1,0.054999999701976776,kan
131,1,0.07035175710916519,kan
132,1,0.06598984450101852,kan
133,1,0.07575757801532745,kan
134,1,0.09090909361839294,kan
135,1,0.07999999821186066,kan
128,2,0.08021390438079834,kan
129,2,0.05454545468091965,kan
130,2,0.11716621369123459,kan
131,2,0.17696629464626312,kan
132,2,0.16246499121189117,kan
133,2,0.18233618140220642,kan
134,2,0.1869688332080841,kan
135,2,0.21652421355247498,kan
136,0,0.09333333373069763,kan
137,0,0.06756756454706192,kan
138,0,0.0810810774564743,kan
139,0,0.054054055362939835,kan
140,0,0.04054053872823715,kan
141,0,0.06756756454706192,kan
142,0,0.06756756454706192,kan
143,0,0.054054055362939835,kan
136,1,0.095238097012043,kan
137,1,0.10096153616905212,kan
138,1,0.10576923191547394,kan
139,1,0.09615384787321091,kan
140,1,0.07692307978868484,kan
141,1,0.09615384787321091,kan
142,1,0.10096153616905212,kan
143,1,0.09615384787321091,kan
136,2,0.15531915426254272,kan
137,2,0.16559140384197235,kan
138,2,0.17456896603107452,kan
139,2,0.16379310190677643,kan
140,2,0.1443965584039688,kan
141,2,0.1767241358757019,kan
142,2,0.1681034415960312,kan
143,2,0.15948276221752167,kan
144,0,0.04444444552063942,kan
145,0,0.05494505539536476,kan
146,0,0.021978022530674934,kan
147,0,0.011111111380159855,kan
148,0,0.02222222276031971,kan
149,0,0.04444444552063942,kan
150,0,0.056179776787757874,kan
151,0,0.056179776787757874,kan
144,1,0.053921569138765335,kan
145,1,0.07352941483259201,kan
146,1,0.05000000074505806,kan
147,1,0.04522613063454628,kan
148,1,0.055837564170360565,kan
149,1,0.0949999988079071,kan
150,1,0.05076142027974129,kan
151,1,0.08585858345031738,kan
144,2,0.08070866018533707,kan
145,2,0.09437751024961472,kan
146,2,0.09572301059961319,kan
147,2,0.10450819879770279,kan
148,2,0.1036585345864296,kan
149,2,0.12731006741523743,kan
150,2,0.11434511095285416,kan
151,2,0.138364776968956,kan
152,0,0.021978022530674934,kan
153,0,0.032967034727334976,kan
154,0,0.05494505539536476,kan
155,0,0.032967034727334976,kan
156,0,0.03333333507180214,kan
157,0,0.03333333507180214,kan
158,0,0.05494505539536476,kan
159,0,0.04444444552063942,kan
152,1,0.05747126415371895,kan
153,1,0.06358381360769272,kan
154,1,0.08670520037412643,kan
155,1,0.0872092992067337,kan
156,1,0.06936416029930115,kan
157,1,0.08139535039663315,kan
158,1,0.080924853682518,kan
159,1,0.08139535039663315,kan
152,2,0.08501118421554565,kan
153,2,0.1098654717206955,kan
154,2,0.11872146278619766,kan
155,2,0.12211981415748596,kan
156,2,0.13333334028720856,kan
157,2,0.14351852238178253,kan
158,2,0.1339491903781891,kan
159,2,0.1359446942806244,kan
160,0,0.037974681705236435,kan
161,0,0.025316456332802773,kan
162,0,0.02500000037252903,kan
163,0,0.037974681705236435,kan
164,0,0.025316456332802773,kan
165,0,0.025316456332802773,kan
166,0,0.025316456332802773,kan
167,0,0.037974681705236435,kan
160,1,0.041450776159763336,kan
161,1,0.03141361102461815,kan
162,1,0.03191489353775978,kan
163,1,0.05347593501210213,kan
164,1,0.05347593501210213,kan
165,1,0.04838709533214569,kan
166,1,0.02688172087073326,kan
167,1,0.037634409964084625,kan
160,2,0.041015625,kan
161,2,0.06599999964237213,kan
162,2,0.06085192784667015,kan
163,2,0.0649087205529213,kan
164,2,0.04897959157824516,kan
165,2,0.05979381501674652,kan
166,2,0.04732510447502136,kan
167,2,0.05773195996880531,kan
168,0,0.014705882407724857,kan
169,0,0.007352941203862429,kan
170,0,0.022058824077248573,kan
171,0,0.0,kan
172,0,0.007352941203862429,kan
173,0,0.0,kan
174,0,0.0,kan
175,0,0.0,kan
168,1,0.025531914085149765,kan
169,1,0.025423727929592133,kan
170,1,0.025316456332802773,kan
171,1,0.012711863964796066,kan
172,1,0.021276595070958138,kan
173,1,0.008510638028383255,kan
174,1,0.016949152573943138,kan
175,1,0.0042553190141916275,kan
168,2,0.02450229786336422,kan
169,2,0.027522936463356018,kan
170,2,0.02583586610853672,kan
171,2,0.02286585420370102,kan
172,2,0.01834862306714058,kan
173,2,0.015337423421442509,kan
174,2,0.012345679104328156,kan
175,2,0.0138248847797513,kan
176,0,0.0,kan
177,0,0.0,kan
178,0,0.0,kan
179,0,0.005847953259944916,kan
180,0,0.005847953259944916,kan
181,0,0.005847953259944916,kan
182,0,0.011695906519889832,kan
183,0,0.011695906519889832,kan
176,1,0.014925372786819935,kan
177,1,0.024875622242689133,kan
178,1,0.019900497049093246,kan
179,1,0.014925372786819935,kan
180,1,0.004975124262273312,kan
181,1,0.009950248524546623,kan
182,1,0.014925372786819935,kan
183,1,0.04477611929178238,kan
176,2,0.0758293867111206,kan
177,2,0.09004739671945572,kan
178,2,0.07619047909975052,kan
179,2,0.04265403002500534,kan
180,2,0.05188679322600365,kan
181,2,0.07075471431016922,kan
182,2,0.0995260700583458,kan
183,2,0.15639810264110565,kan
184,0,0.008928571827709675,kan
185,0,0.008928571827709675,kan
186,0,0.0,kan
187,0,0.01785714365541935,kan
188,0,0.01785714365541935,kan
189,0,0.01785714365541935,kan
190,0,0.02678571455180645,kan
191,0,0.01785714365541935,kan
184,1,0.04278074949979782,kan
185,1,0.048128340393304825,kan
186,1,0.03208556026220322,kan
187,1,0.04278074949979782,kan
188,1,0.048128340393304825,kan
189,1,0.03208556026220322,kan
190,1,0.048128340393304825,kan
191,1,0.03208556026220322,kan
184,2,0.15555556118488312,kan
185,2,0.1504424810409546,kan
186,2,0.12444444745779037,kan
187,2,0.14222222566604614,kan
188,2,0.15555556118488312,kan
189,2,0.1644444465637207,kan
190,2,0.14601770043373108,kan
191,2,0.11946902424097061,kan
192,0,0.1484375,kan
193,0,0.1538461595773697,kan
194,0,0.16030533611774445,kan
195,0,0.1550387591123581,kan
196,0,0.13953489065170288,kan
197,0,0.12598425149917603,kan
198,0,0.14960630238056183,kan
199,0,0.1428571492433548,kan
192,1,0.15481171011924744,kan
193,1,0.15690375864505768,kan
194,1,0.15481171011924744,kan
195,1,0.15856236219406128,kan
196,1,0.15677966177463531,kan
197,1,0.1416490525007248,kan
198,1,0.1613588184118271,kan
199,1,0.15074309706687927,kan
192,2,0.15232877433300018,kan
193,2,0.15232877433300018,kan
194,2,0.15439561009407043,kan
195,2,0.16112956404685974,kan
196,2,0.15294772386550903,kan
197,2,0.15072302520275116,kan
198,2,0.1713169664144516,kan
199,2,0.1662946492433548,kan
200,0,0.11428571492433548,kan
201,0,0.125,kan
202,0,0.1538461595773697,kan
203,0,0.17475728690624237,kan
204,0,0.1553398072719574,kan
205,0,0.14423076808452606,kan
206,0,0.17475728690624237,kan
207,0,0.19417475163936615,kan
200,1,0.12228260934352875,kan
201,1,0.15258856117725372,kan
202,1,0.1597796082496643,kan
203,1,0.18994413316249847,kan
204,1,0.18820224702358246,kan
205,1,0.18873240053653717,kan
206,1,0.18873240053653717,kan
207,1,0.2197183072566986,kan
200,2,0.1477438062429428,kan
201,2,0.1691068857908249,kan
202,2,0.18107908964157104,kan
203,2,0.19985030591487885,kan
204,2,0.19442351162433624,kan
205,2,0.19532428681850433,kan
206,2,0.2073906511068344,kan
207,2,0.2247360497713089,kan
208,0,0.19417475163936615,kan
209,0,0.20388349890708923,kan
210,0,0.17475728690624237,kan
211,0,0.16346153616905212,kan
212,0,0.16190476715564728,kan
213,0,0.19417475163936615,kan
214,0,0.1553398072719574,kan
215,0,0.1764705926179886,kan
208,1,0.18926553428173065,kan
209,1,0.1910112351179123,kan
210,1,0.20396600663661957,kan
211,1,0.2124645859003067,kan
212,1,0.21652421355247498,kan
213,1,0.2068965584039688,kan
214,1,0.17971014976501465,kan
215,1,0.18550725281238556,kan
208,2,0.20892494916915894,kan
209,2,0.20416386425495148,kan
210,2,0.20187166333198547,kan
211,2,0.21601614356040955,kan
212,2,0.21240727603435516,kan
213,2,0.20040485262870789,kan
214,2,0.1683569997549057,kan
215,2,0.16768085956573486,kan
216,0,0.1603773534297943,kan
217,0,0.15887850522994995,kan
218,0,0.1428571492433548,kan
219,0,0.15094339847564697,kan
220,0,0.15238095819950104,kan
221,0,0.19230769574642181,kan
222,0,0.14423076808452606,kan
223,0,0.14705882966518402,kan
216,1,0.16585366427898407,kan
217,1,0.16428571939468384,kan
218,1,0.14454975724220276,kan
219,1,0.13380281627178192,kan
220,1,0.15676960349082947,kan
221,1,0.18048781156539917,kan
222,1,0.17777778208255768,kan
223,1,0.17401960492134094,kan
216,2,0.18031658232212067,kan
217,2,0.18408630788326263,kan
218,2,0.1685618758201599,kan
219,2,0.16466666758060455,kan
220,2,0.18518517911434174,kan
221,2,0.20801658928394318,kan
222,2,0.20653685927391052,kan
223,2,0.1939268410205841,kan
224,0,0.11971831321716309,kan
225,0,0.15492957830429077,kan
226,0,0.13380281627178192,kan
227,0,0.11267605423927307,kan
228,0,0.1118881106376648,kan
229,0,0.13380281627178192,kan
230,0,0.14084507524967194,kan
231,0,0.14084507524967194,kan
224,1,0.17391304671764374,kan
225,1,0.17307692766189575,kan
226,1,0.17548076808452606,kan
227,1,0.1642512083053589,kan
228,1,0.1525423675775528,kan
229,1,0.1650485396385193,kan
230,1,0.1634146273136139,kan
231,1,0.15441176295280457,kan
224,2,0.16564416885375977,kan
225,2,0.166971355676651,kan
226,2,0.16686967015266418,kan
227,2,0.16053920984268188,kan
228,2,0.15925925970077515,kan
229,2,0.15851393342018127,kan
230,2,0.15547263622283936,kan
231,2,0.1573667675256729,kan
232,0,0.12295082211494446,kan
233,0,0.13821138441562653,kan
234,0,0.13821138441562653,kan
235,0,0.12096773833036423,kan
236,0,0.12903225421905518,kan
237,0,0.12096773833036423,kan
238,0,0.12096773833036423,kan
239,0,0.14516128599643707,kan
232,1,0.12177985906600952,kan
233,1,0.13679245114326477,kan
234,1,0.1401425153017044,kan
235,1,0.15439429879188538,kan
236,1,0.1496437042951584,kan
237,1,0.1516587734222412,kan
238,1,0.17102137207984924,kan
239,1,0.17102137207984924,kan
232,2,0.11716937273740768,kan
233,2,0.13702623546123505,kan
234,2,0.14143192768096924,kan
235,2,0.15041127800941467,kan
236,2,0.15041127800941467,kan
237,2,0.15334899723529816,kan
238,2,0.1615746170282364,kan
239,2,0.16627496480941772,kan
240,0,0.12403100728988647,kan
241,0,0.12977099418640137,kan
242,0,0.10852713137865067,kan
243,0,0.1484375,kan
244,0,0.1171875,kan
245,0,0.10236220806837082,kan
246,0,0.08661417663097382,kan
247,0,0.08661417663097382,kan
240,1,0.1335952877998352,kan
241,1,0.15217390656471252,kan
242,1,0.1428571492433548,kan
243,1,0.15109343826770782,kan
244,1,0.1391650140285492,kan
245,1,0.13320079445838928,kan
246,1,0.111332006752491,kan
247,1,0.10337971895933151,kan
240,2,0.1463806927204132,kan
241,2,0.15236051380634308,kan
242,2,0.14954276382923126,kan
243,2,0.1483870893716812,kan
244,2,0.13794954121112823,kan
245,2,0.12721416354179382,kan
246,2,0.10681696236133575,kan
247,2,0.09554482251405716,kan
248,0,0.11214952915906906,kan
249,0,0.11214952915906906,kan
250,0,0.12264151126146317,kan
251,0,0.1320754736661911,kan
252,0,0.1428571492433548,kan
253,0,0.125,kan
254,0,0.14423076808452606,kan
255,0,0.11538461595773697,kan
248,1,0.13267813622951508,kan
249,1,0.14250613749027252,kan
250,1,0.15233415365219116,kan
251,1,0.15724815428256989,kan
252,1,0.1621621549129486,kan
253,1,0.1621621549129486,kan
254,1,0.1498771458864212,kan
255,1,0.15233415365219116,kan
248,2,0.13372471928596497,kan
249,2,0.14416177570819855,kan
250,2,0.1538461595773697,kan
251,2,0.1629726141691208,kan
252,2,0.17068403959274292,kan
253,2,0.1705729216337204,kan
254,2,0.1575520783662796,kan
255,2,0.16818773746490479,kan
256,0,0.15887850522994995,kan
257,0,0.17757008969783783,kan
258,0,0.1666666716337204,kan
259,0,0.12844036519527435,kan
260,0,0.14814814925193787,kan
261,0,0.15887850522994995,kan
262,0,0.1682243049144745,kan
263,0,0.17757008969783783,kan
256,1,0.19034090638160706,kan
257,1,0.190476194024086,kan
258,1,0.1818181872367859,kan
259,1,0.18333333730697632,kan
260,1,0.19559228420257568,kan
261,1,0.2247191071510315,kan
262,1,0.2237960398197174,kan
263,1,0.2222222238779068,kan
256,2,0.1904362440109253,kan
257,2,0.1975206583738327,kan
258,2,0.19286872446537018,kan
259,2,0.2123456746339798,kan
260,2,0.2123456746339798,kan
261,2,0.21599340438842773,kan
262,2,0.22845187783241272,kan
263,2,0.24448217451572418,kan
264,0,0.14782609045505524,kan
265,0,0.12711864709854126,kan
266,0,0.1538461595773697,kan
267,0,0.18803419172763824,kan
268,0,0.17094017565250397,kan
269,0,0.16239316761493683,kan
270,0,0.16239316761493683,kan
271,0,0.12173912674188614,kan
264,1,0.1928020566701889,kan
265,1,0.18346253037452698,kan
266,1,0.1787564754486084,kan
267,1,0.196891188621521,kan
268,1,0.18134714663028717,kan
269,1,0.17616580426692963,kan
270,1,0.18134714663028717,kan
271,1,0.15803109109401703,kan
264,2,0.18780319392681122,kan
265,2,0.20283688604831696,kan
266,2,0.1879432648420334,kan
267,2,0.2049645334482193,kan
268,2,0.19929078221321106,kan
269,2,0.18865248560905457,kan
270,2,0.19007092714309692,kan
271,2,0.1765957474708557,kan
272,0,0.24285714328289032,kan
273,0,0.2374100685119629,kan
274,0,0.24460431933403015,kan
275,0,0.2517985701560974,kan
276,0,0.2374100685119629,kan
277,0,0.2374100685119629,kan
278,0,0.2374100685119629,kan
279,0,0.23021583259105682,kan
272,1,0.34316354990005493,kan
273,1,0.34770888090133667,kan
274,1,0.35945945978164673,kan
275,1,0.3804347813129425,kan
276,1,0.3695652186870575,kan
277,1,0.3695652186870575,kan
278,1,0.3695652186870575,kan
279,1,0.36141303181648254,kan
272,2,0.25199130177497864,kan
273,2,0.25544267892837524,kan
274,2,0.26090115308761597,kan
275,2,0.26690909266471863,kan
276,2,0.2649199366569519,kan
277,2,0.264192134141922,kan
278,2,0.2547307014465332,kan
279,2,0.2518194913864136,kan
280,0,0.21621622145175934,kan
281,0,0.20270270109176636,kan
282,0,0.18918919563293457,kan
283,0,0.20270270109176636,kan
284,0,0.21621622145175934,kan
285,0,0.20134228467941284,kan
286,0,0.19594594836235046,kan
287,0,0.18918919563293457,kan
280,1,0.3470436930656433,kan
281,1,0.336760938167572,kan
282,1,0.3341902196407318,kan
283,1,0.3341902196407318,kan
284,1,0.33933162689208984,kan
285,1,0.32904884219169617,kan
286,1,0.31362468004226685,kan
287,1,0.305912584066391,kan
280,2,0.25867050886154175,kan
281,2,0.2572254240512848,kan
282,2,0.2608381509780884,kan
283,2,0.2608381509780884,kan
284,2,0.2572254240512848,kan
285,2,0.2608381509780884,kan
286,2,0.25,kan
287,2,0.24566474556922913,kan
288,0,0.21052631735801697,kan
289,0,0.2255639135837555,kan
290,0,0.23308271169662476,kan
291,0,0.24812030792236328,kan
292,0,0.23308271169662476,kan
293,0,0.24812030792236328,kan
294,0,0.25,kan
295,0,0.21969696879386902,kan
288,1,0.323369562625885,kan
289,1,0.3279132843017578,kan
290,1,0.3351498544216156,kan
291,1,0.34153005480766296,kan
292,1,0.31780821084976196,kan
293,1,0.3315068483352661,kan
294,1,0.31506848335266113,kan
295,1,0.3041096031665802,kan
288,2,0.26617100834846497,kan
289,2,0.2626488208770752,kan
290,2,0.2634328305721283,kan
291,2,0.26119402050971985,kan
292,2,0.2552395164966583,kan
293,2,0.2571214437484741,kan
294,2,0.24962519109249115,kan
295,2,0.24512743949890137,kan
296,0,0.26363635063171387,kan
297,0,0.26363635063171387,kan
298,0,0.2545454502105713,kan
299,0,0.2522522509098053,kan
300,0,0.2454545497894287,kan
301,0,0.2454545497894287,kan
302,0,0.26363635063171387,kan
303,0,0.2612612545490265,kan
296,1,0.32758620381355286,kan
297,1,0.3247126340866089,kan
298,1,0.319884717464447,kan
299,1,0.31896552443504333,kan
300,1,0.3141210377216339,kan
301,1,0.30547550320625305,kan
302,1,0.29971182346343994,kan
303,1,0.30547550320625305,kan
296,2,0.25898078083992004,kan
297,2,0.2539682686328888,kan
298,2,0.2508361339569092,kan
299,2,0.2558528482913971,kan
300,2,0.25836119055747986,kan
301,2,0.25167223811149597,kan
302,2,0.24247491359710693,kan
303,2,0.238294318318367,kan
304,0,0.24528302252292633,kan
305,0,0.24528302252292633,kan
306,0,0.24528302252292633,kan
307,0,0.2358490526676178,kan
308,0,0.22641509771347046,kan
309,0,0.22641509771347046,kan
310,0,0.22641509771347046,kan
311,0,0.22641509771347046,kan
304,1,0.3017241358757019,kan
305,1,0.30747127532958984,kan
306,1,0.31123918294906616,kan
307,1,0.3083573579788208,kan
308,1,0.3179190754890442,kan
309,1,0.2976878583431244,kan
310,1,0.3005780279636383,kan
311,1,0.2774566411972046,kan
304,2,0.24747081100940704,kan
305,2,0.24551831185817719,kan
306,2,0.2424006164073944,kan
307,2,0.23790951073169708,kan
308,2,0.23984375596046448,kan
309,2,0.23671874403953552,kan
310,2,0.23515625298023224,kan
311,2,0.22143974900245667,kan
312,0,0.2330097109079361,kan
313,0,0.24271844327449799,kan
314,0,0.2330097109079361,kan
315,0,0.24271844327449799,kan
316,0,0.24271844327449799,kan
317,0,0.223300963640213,kan
318,0,0.20388349890708923,kan
319,0,0.21359223127365112,kan
312,1,0.26923078298568726,kan
313,1,0.2818991243839264,kan
314,1,0.27893173694610596,kan
315,1,0.29080119729042053,kan
316,1,0.2937685549259186,kan
317,1,0.29080119729042053,kan
318,1,0.2827380895614624,kan
319,1,0.2708333432674408,kan
312,2,0.22608695924282074,kan
313,2,0.22802850604057312,kan
314,2,0.22248613834381104,kan
315,2,0.22486144304275513,kan
316,2,0.21852731704711914,kan
317,2,0.21377672255039215,kan
318,2,0.20902612805366516,kan
319,2,0.20506730675697327,kan
320,0,0.1705426424741745,kan
321,0,0.1705426424741745,kan
322,0,0.1550387591123581,kan
323,0,0.1627907007932663,kan
324,0,0.1472868174314499,kan
325,0,0.13953489065170288,kan
326,0,0.1627907007932663,kan
327,0,0.1550387591123581,kan
320,1,0.265625,kan
321,1,0.26249998807907104,kan
322,1,0.2593750059604645,kan
323,1,0.2721518874168396,kan
324,1,0.26582279801368713,kan
325,1,0.24367088079452515,kan
326,1,0.26349207758903503,kan
327,1,0.24761904776096344,kan
320,2,0.2430555522441864,kan
321,2,0.24925224483013153,kan
322,2,0.2340637445449829,kan
323,2,0.23876124620437622,kan
324,2,0.23446893692016602,kan
325,2,0.22289156913757324,kan
326,2,0.22356495261192322,kan
327,2,0.21953675150871277,kan
328,0,0.15322580933570862,kan
329,0,0.2016129046678543,kan
330,0,0.1854838728904724,kan
331,0,0.16935484111309052,kan
332,0,0.14516128599643707,kan
333,0,0.1599999964237213,kan
334,0,0.14399999380111694,kan
335,0,0.15199999511241913,kan
328,1,0.24358974397182465,kan
329,1,0.25961539149284363,kan
330,1,0.24358974397182465,kan
331,1,0.2371794879436493,kan
332,1,0.24038460850715637,kan
333,1,0.2371794879436493,kan
334,1,0.2371794879436493,kan
335,1,0.2371794879436493,kan
328,2,0.2115027755498886,kan
329,2,0.22448979318141937,kan
330,2,0.2115027755498886,kan
331,2,0.20871984958648682,kan
332,2,0.2174721211194992,kan
333,2,0.20817844569683075,kan
334,2,0.20167286694049835,kan
335,2,0.19981412589550018,kan
336,0,0.13740457594394684,kan
337,0,0.12977099418640137,kan
338,0,0.11538461595773697,kan
339,0,0.11538461595773697,kan
340,0,0.10769230872392654,kan
341,0,0.10769230872392654,kan
342,0,0.10769230872392654,kan
343,0,0.11627907305955887,kan
336,1,0.23343849182128906,kan
337,1,0.2295597493648529,kan
338,1,0.23270440101623535,kan
339,1,0.22012577950954437,kan
340,1,0.20820190012454987,kan
341,1,0.21451103687286377,kan
342,1,0.21451103687286377,kan
343,1,0.21451103687286377,kan
336,2,0.20000000298023224,kan
337,2,0.20552995800971985,kan
338,2,0.20921659469604492,kan
339,2,0.20460829138755798,kan
340,2,0.20000000298023224,kan
341,2,0.19464944303035736,kan
342,2,0.19188192486763,kan
343,2,0.1863468587398529,kan
344,0,0.11450381577014923,kan
345,0,0.11450381577014923,kan
346,0,0.11450381577014923,kan
347,0,0.11450381577014923,kan
348,0,0.11450381577014923,kan
349,0,0.11450381577014923,kan
350,0,0.11450381577014923,kan
351,0,0.10687022656202316,kan
344,1,0.22475570440292358,kan
345,1,0.22549019753932953,kan
346,1,0.22875817120075226,kan
347,1,0.22875817120075226,kan
348,1,0.22875817120075226,kan
349,1,0.2222222238779068,kan
350,1,0.2124183028936386,kan
351,1,0.1993464082479477,kan
344,2,0.20708748698234558,kan
345,2,0.20509977638721466,kan
346,2,0.20310765504837036,kan
347,2,0.2006651908159256,kan
348,2,0.20177383720874786,kan
349,2,0.20865704119205475,kan
350,2,0.20310765504837036,kan
351,2,0.20000000298023224,kan
352,0,0.11965811997652054,kan
353,0,0.11206896603107452,kan
354,0,0.12068965286016464,kan
355,0,0.11206896603107452,kan
356,0,0.1034482792019844,kan
357,0,0.1034482792019844,kan
358,0,0.12068965286016464,kan
359,0,0.12068965286016464,kan
352,1,0.2013888955116272,kan
353,1,0.20629370212554932,kan
354,1,0.1958041936159134,kan
355,1,0.19230769574642181,kan
356,1,0.19230769574642181,kan
357,1,0.1958041936159134,kan
358,1,0.19930070638656616,kan
359,1,0.20279720425605774,kan
352,2,0.20682068169116974,kan
353,2,0.2022099494934082,kan
354,2,0.19269102811813354,kan
355,2,0.190476194024086,kan
356,2,0.190687358379364,kan
357,2,0.190687358379364,kan
358,2,0.1920088827610016,kan
359,2,0.19089899957180023,kan
360,0,0.17763157188892365,kan
361,0,0.18421052396297455,kan
362,0,0.17763157188892365,kan
363,0,0.17763157188892365,kan
364,0,0.17763157188892365,kan
365,0,0.17105263471603394,kan
366,0,0.17763157188892365,kan
367,0,0.17763157188892365,kan
360,1,0.3896551728248596,kan
361,1,0.3931034505367279,kan
362,1,0.3896551728248596,kan
363,1,0.3965517282485962,kan
364,1,0.4000000059604645,kan
365,1,0.3965517282485962,kan
366,1,0.4000000059604645,kan
367,1,0.40344828367233276,kan
360,2,0.21678966283798218,kan
361,2,0.223247230052948,kan
362,2,0.2241697460412979,kan
363,2,0.2333948314189911,kan
364,2,0.23708486557006836,kan
365,2,0.23800738155841827,kan
366,2,0.24077491462230682,kan
367,2,0.24169741570949554,kan
368,0,0.2288135588169098,kan
369,0,0.2288135588169098,kan
370,0,0.24576270580291748,kan
371,0,0.24576270580291748,kan
372,0,0.24576270580291748,kan
373,0,0.24576270580291748,kan
374,0,0.2542372941970825,kan
375,0,0.2542372941970825,kan
368,1,0.4317343235015869,kan
369,1,0.4354243576526642,kan
370,1,0.45387452840805054,kan
371,1,0.46125462651252747,kan
372,1,0.46125462651252747,kan
373,1,0.4575645625591278,kan
374,1,0.46494466066360474,kan
375,1,0.46125462651252747,kan
368,2,0.25546059012413025,kan
369,2,0.2640075981616974,kan
370,2,0.2716049253940582,kan
371,2,0.27635326981544495,kan
372,2,0.28110161423683167,kan
373,2,0.28110161423683167,kan
374,2,0.2830009460449219,kan
375,2,0.2839506268501282,kan
376,0,0.2631579041481018,kan
377,0,0.2631579041481018,kan
378,0,0.2631579041481018,kan
379,0,0.2631579041481018,kan
380,0,0.2631579041481018,kan
381,0,0.2631579041481018,kan
382,0,0.2631579041481018,kan
383,0,0.2631579041481018,kan
376,1,0.454873651266098,kan
377,1,0.45126354694366455,kan
378,1,0.45126354694366455,kan
379,1,0.4476534426212311,kan
380,1,0.4584837555885315,kan
381,1,0.4584837555885315,kan
382,1,0.4584837555885315,kan
383,1,0.46209385991096497,kan
376,2,0.2609082758426666,kan
377,2,0.2609082758426666,kan
378,2,0.2609082758426666,kan
379,2,0.25912734866142273,kan
380,2,0.26357969641685486,kan
381,2,0.2724844217300415,kan
382,2,0.2724844217300415,kan
383,2,0.2724844217300415,kan
384,0,0.18633539974689484,kan
385,0,0.18633539974689484,kan
386,0,0.18633539974689484,kan
387,0,0.18633539974689484,kan
388,0,0.1801242232322693,kan
389,0,0.1801242232322693,kan
390,0,0.1801242232322693,kan
391,0,0.18633539974689484,kan
384,1,0.46043166518211365,kan
385,1,0.4532374143600464,kan
386,1,0.4532374143600464,kan
387,1,0.44964027404785156,kan
388,1,0.4460431635379791,kan
389,1,0.43884891271591187,kan
390,1,0.43884891271591187,kan
391,1,0.4424460530281067,kan
384,2,0.28917747735977173,kan
385,2,0.28744587302207947,kan
386,2,0.28484848141670227,kan
387,2,0.28311687707901,kan
388,2,0.28311687707901,kan
389,2,0.2779220640659332,kan
390,2,0.2805194854736328,kan
391,2,0.28138527274131775,kan
392,0,0.2380952388048172,kan
393,0,0.2380952388048172,kan
394,0,0.230158731341362,kan
395,0,0.230158731341362,kan
396,0,0.2222222238779068,kan
397,0,0.2142857164144516,kan
398,0,0.2222222238779068,kan
399,0,0.2222222238779068,kan
392,1,0.43617022037506104,kan
393,1,0.43617022037506104,kan
394,1,0.43262410163879395,kan
395,1,0.43262410163879395,kan
396,1,0.43262410163879395,kan
397,1,0.42553192377090454,kan
398,1,0.42553192377090454,kan
399,1,0.41489362716674805,kan
392,2,0.2944393754005432,kan
393,2,0.28896990418434143,kan
394,2,0.288058340549469,kan
395,2,0.2853236198425293,kan
396,2,0.28350046277046204,kan
397,2,0.28350046277046204,kan
398,2,0.2734731137752533,kan
399,2,0.2698267996311188,kan
400,0,0.21875,kan
401,0,0.21875,kan
402,0,0.2109375,kan
403,0,0.2109375,kan
404,0,0.2109375,kan
405,0,0.2109375,kan
406,0,0.2109375,kan
407,0,0.203125,kan
400,1,0.41489362716674805,kan
401,1,0.40780141949653625,kan
402,1,0.40425533056259155,kan
403,1,0.39716312289237976,kan
404,1,0.39007091522216797,kan
405,1,0.3794326186180115,kan
406,1,0.38297873735427856,kan
407,1,0.3758865296840668,kan
400,2,0.2854495048522949,kan
401,2,0.2854495048522949,kan
402,2,0.28081557154655457,kan
403,2,0.27710843086242676,kan
404,2,0.27154773473739624,kan
405,2,0.2632066607475281,kan
406,2,0.25393882393836975,kan
407,2,0.2493049055337906,kan
408,0,0.1846153885126114,kan
409,0,0.1846153885126114,kan
410,0,0.1846153885126114,kan
411,0,0.1846153885126114,kan
412,0,0.1860465109348297,kan
413,0,0.1860465109348297,kan
414,0,0.1782945692539215,kan
415,0,0.1705426424741745,kan
408,1,0.39463600516319275,kan
409,1,0.39080458879470825,kan
410,1,0.37931033968925476,kan
411,1,0.37547892332077026,kan
412,1,0.37547892332077026,kan
413,1,0.36781609058380127,kan
414,1,0.3601532578468323,kan
415,1,0.3563218414783478,kan
408,2,0.2936585247516632,kan
409,2,0.2880859375,kan
410,2,0.2783203125,kan
411,2,0.2734375,kan
412,2,0.2705078125,kan
413,2,0.26171875,kan
414,2,0.2578125,kan
415,2,0.251953125,kan
416,0,0.1438356190919876,kan
417,0,0.13698630034923553,kan
418,0,0.13698630034923553,kan
419,0,0.13698630034923553,kan
420,0,0.13698630034923553,kan
421,0,0.1438356190919876,kan
422,0,0.13698630034923553,kan
423,0,0.13013698160648346,kan
416,1,0.33969464898109436,kan
417,1,0.3358778655529022,kan
418,1,0.3320610821247101,kan
419,1,0.32824426889419556,kan
420,1,0.32824426889419556,kan
421,1,0.3244274854660034,kan
422,1,0.3129771053791046,kan
423,1,0.2862595319747925,kan
416,2,0.2935323417186737,kan
417,2,0.2848605513572693,kan
418,2,0.2804391086101532,kan
419,2,0.27145707607269287,kan
420,2,0.2614770531654358,kan
421,2,0.2554890215396881,kan
422,2,0.25049901008605957,kan
423,2,0.23752495646476746,kan
424,0,0.12413793057203293,kan
425,0,0.11724138259887695,kan
426,0,0.11034482717514038,kan
427,0,0.11034482717514038,kan
428,0,0.1034482792019844,kan
429,0,0.09655172377824783,kan
430,0,0.1034482792019844,kan
431,0,0.09655172377824783,kan
424,1,0.23630136251449585,kan
425,1,0.232876718044281,kan
426,1,0.22602739930152893,kan
427,1,0.22336769104003906,kan
428,1,0.22068965435028076,kan
429,1,0.21875,kan
430,1,0.2256944477558136,kan
431,1,0.2152777761220932,kan
424,2,0.2575905919075012,kan
425,2,0.24631991982460022,kan
426,2,0.2421259880065918,kan
427,2,0.2381889820098877,kan
428,2,0.2337278127670288,kan
429,2,0.22902271151542664,kan
430,2,0.22727273404598236,kan
431,2,0.2183794528245926,kan
432,0,0.19565217196941376,kan
433,0,0.22826087474822998,kan
434,0,0.21739129722118378,kan
435,0,0.20652173459529877,kan
436,0,0.18478260934352875,kan
437,0,0.18478260934352875,kan
438,0,0.19565217196941376,kan
439,0,0.19565217196941376,kan
432,1,0.24437299370765686,kan
433,1,0.24193547666072845,kan
434,1,0.2410423457622528,kan
435,1,0.23778501152992249,kan
436,1,0.23856209218502045,kan
437,1,0.232026144862175,kan
438,1,0.22875817120075226,kan
439,1,0.21895425021648407,kan
432,2,0.2014169991016388,kan
433,2,0.21479958295822144,kan
434,2,0.21761657297611237,kan
435,2,0.2141372114419937,kan
436,2,0.20270270109176636,kan
437,2,0.1975051909685135,kan
438,2,0.191268190741539,kan
439,2,0.1839916855096817,kan
440,0,0.12142857164144516,kan
441,0,0.1071428582072258,kan
442,0,0.10000000149011612,kan
443,0,0.09285714477300644,kan
444,0,0.10000000149011612,kan
445,0,0.10000000149011612,kan
446,0,0.10000000149011612,kan
447,0,0.10000000149011612,kan
440,1,0.24513618648052216,kan
441,1,0.2421875,kan
442,1,0.23529411852359772,kan
443,1,0.22745098173618317,kan
444,1,0.22745098173618317,kan
445,1,0.23137255012989044,kan
446,1,0.2235294133424759,kan
447,1,0.2078431397676468,kan
440,2,0.235154390335083,kan
441,2,0.22802850604057312,kan
442,2,0.21615201234817505,kan
443,2,0.20783847570419312,kan
444,2,0.20190024375915527,kan
445,2,0.19833728671073914,kan
446,2,0.1876484602689743,kan
447,2,0.1722090244293213,kan
448,0,0.12621359527111053,kan
449,0,0.11650485545396805,kan
450,0,0.11650485545396805,kan
451,0,0.10679611563682556,kan
452,0,0.10679611563682556,kan
453,0,0.10679611563682556,kan
454,0,0.10679611563682556,kan
455,0,0.10679611563682556,kan
448,1,0.2073170691728592,kan
449,1,0.19105690717697144,kan
450,1,0.19105690717697144,kan
451,1,0.18292683362960815,kan
452,1,0.17479674518108368,kan
453,1,0.17073170840740204,kan
454,1,0.17073170840740204,kan
455,1,0.1666666716337204,kan
448,2,0.2173350602388382,kan
449,2,0.20698577165603638,kan
450,2,0.19793014228343964,kan
451,2,0.19275550544261932,kan
452,2,0.1824062168598175,kan
453,2,0.17852522432804108,kan
454,2,0.17205692827701569,kan
455,2,0.1655886173248291,kan
456,0,0.0917431190609932,kan
457,0,0.0917431190609932,kan
458,0,0.0917431190609932,kan
459,0,0.0917431190609932,kan
460,0,0.0917431190609932,kan
461,0,0.08256880939006805,kan
462,0,0.08256880939006805,kan
463,0,0.08256880939006805,kan
456,1,0.15662650763988495,kan
457,1,0.1526104360818863,kan
458,1,0.14859437942504883,kan
459,1,0.1405622512102127,kan
460,1,0.13654617965221405,kan
461,1,0.12851405143737793,kan
462,1,0.12851405143737793,kan
463,1,0.12449799478054047,kan
456,2,0.22067901492118835,kan
457,2,0.21450617909431458,kan
458,2,0.2083333283662796,kan
459,2,0.20216049253940582,kan
460,2,0.19290123879909515,kan
461,2,0.18209876120090485,kan
462,2,0.17438271641731262,kan
463,2,0.1697530895471573,kan
464,0,0.11428571492433548,kan
465,0,0.11428571492433548,kan
466,0,0.08571428805589676,kan
467,0,0.08571428805589676,kan
468,0,0.0714285746216774,kan
469,0,0.0714285746216774,kan
470,0,0.0714285746216774,kan
471,0,0.0714285746216774,kan
464,1,0.12820513546466827,kan
465,1,0.12820513546466827,kan
466,1,0.10683760792016983,kan
467,1,0.09829059988260269,kan
468,1,0.09829059988260269,kan
469,1,0.09401709586381912,kan
470,1,0.09401709586381912,kan
471,1,0.09401709586381912,kan
464,2,0.20408163964748383,kan
465,2,0.19557823240756989,kan
466,2,0.1785714328289032,kan
467,2,0.17176871001720428,kan
468,2,0.17006802558898926,kan
469,2,0.16836734116077423,kan
470,2,0.16326530277729034,kan
471,2,0.15816326439380646,kan
472,0,0.25833332538604736,kan
473,0,0.25,kan
474,0,0.24166665971279144,kan
475,0,0.25,kan
476,0,0.24166665971279144,kan
477,0,0.22499999403953552,kan
478,0,0.21666666865348816,kan
479,0,0.21666666865348816,kan
472,1,0.34337350726127625,kan
473,1,0.34337350726127625,kan
474,1,0.34036144614219666,kan
475,1,0.34638553857803345,kan
476,1,0.34337350726127625,kan
477,1,0.34036144614219666,kan
478,1,0.34337350726127625,kan
479,1,0.33734938502311707,kan
472,2,0.23089982569217682,kan
473,2,0.2312925159931183,kan
474,2,0.22959183156490326,kan
475,2,0.2321428507566452,kan
476,2,0.2329932004213333,kan
477,2,0.2321428507566452,kan
478,2,0.23554421961307526,kan
479,2,0.23724490404129028,kan
480,0,0.21848739683628082,kan
481,0,0.21848739683628082,kan
482,0,0.21008403599262238,kan
483,0,0.21008403599262238,kan
484,0,0.21008403599262238,kan
485,0,0.21008403599262238,kan
486,0,0.21848739683628082,kan
487,0,0.21848739683628082,kan
480,1,0.34328359365463257,kan
481,1,0.33134329319000244,kan
482,1,0.3283582031726837,kan
483,1,0.3283582031726837,kan
484,1,0.3194029927253723,kan
485,1,0.31343284249305725,kan
486,1,0.3194029927253723,kan
487,1,0.3194029927253723,kan
480,2,0.24706867337226868,kan
481,2,0.2395309954881668,kan
482,2,0.237018421292305,kan
483,2,0.24120603501796722,kan
484,2,0.23283082246780396,kan
485,2,0.22948074340820312,kan
486,2,0.22948074340820312,kan
487,2,0.2252931296825409,kan
488,0,0.18978102505207062,kan
489,0,0.19708029925823212,kan
490,0,0.19708029925823212,kan
491,0,0.21167883276939392,kan
492,0,0.19708029925823212,kan
493,0,0.20437955856323242,kan
494,0,0.19708029925823212,kan
495,0,0.18978102505207062,kan
488,1,0.3333333432674408,kan
489,1,0.3302469253540039,kan
490,1,0.32615384459495544,kan
491,1,0.32615384459495544,kan
492,1,0.3169230818748474,kan
493,1,0.32307693362236023,kan
494,1,0.32615384459495544,kan
495,1,0.3353846073150635,kan
488,2,0.23333333432674408,kan
489,2,0.2315315306186676,kan
490,2,0.22502250969409943,kan
491,2,0.22182145714759827,kan
492,2,0.21821460127830505,kan
493,2,0.2166064977645874,kan
494,2,0.21332132816314697,kan
495,2,0.22862286865711212,kan
496,0,0.2222222238779068,kan
497,0,0.2222222238779068,kan
498,0,0.21367521584033966,kan
499,0,0.21367521584033966,kan
500,0,0.19658119976520538,kan
501,0,0.19658119976520538,kan
502,0,0.18803419172763824,kan
503,0,0.18803419172763824,kan
496,1,0.3322884142398834,kan
497,1,0.3291535973548889,kan
498,1,0.3270440399646759,kan
499,1,0.3333333432674408,kan
500,1,0.33018869161605835,kan
501,1,0.3207547068595886,kan
502,1,0.30817610025405884,kan
503,1,0.30817610025405884,kan
496,2,0.2335890829563141,kan
497,2,0.2286689430475235,kan
498,2,0.223549485206604,kan
499,2,0.223549485206604,kan
500,2,0.22013652324676514,kan
501,2,0.21075084805488586,kan
502,2,0.20648464560508728,kan
503,2,0.207337886095047,kan
504,0,0.2222222238779068,kan
505,0,0.21296297013759613,kan
506,0,0.2222222238779068,kan
507,0,0.2222222238779068,kan
508,0,0.2222222238779068,kan
509,0,0.21296297013759613,kan
510,0,0.21296297013759613,kan
511,0,0.20370370149612427,kan
504,1,0.32258063554763794,kan
505,1,0.3203883469104767,kan
506,1,0.3300970792770386,kan
507,1,0.33656957745552063,kan
508,1,0.3300970792770386,kan
509,1,0.3203883469104767,kan
510,1,0.30744338035583496,kan
511,1,0.3009708821773529,kan
504,2,0.2451874315738678,kan
505,2,0.2434077113866806,kan
506,2,0.24568527936935425,kan
507,2,0.25177663564682007,kan
508,2,0.24670051038265228,kan
509,2,0.2385786771774292,kan
510,2,0.23451776802539825,kan
511,2,0.22538070380687714,kan
512,0,0.17322835326194763,kan
513,0,0.18110236525535583,kan
514,0,0.17322835326194763,kan
515,0,0.17322835326194763,kan
516,0,0.18110236525535583,kan
517,0,0.17322835326194763,kan
518,0,0.15748031437397003,kan
519,0,0.16535432636737823,kan
512,1,0.291262149810791,kan
513,1,0.2880258858203888,kan
514,1,0.2783171534538269,kan
515,1,0.28478965163230896,kan
516,1,0.29449838399887085,kan
517,1,0.2931596040725708,kan
518,1,0.3006536066532135,kan
519,1,0.31475409865379333,kan
512,2,0.20913884043693542,kan
513,2,0.20562389492988586,kan
514,2,0.2022867202758789,kan
515,2,0.20334507524967194,kan
516,2,0.21478873491287231,kan
517,2,0.20246478915214539,kan
518,2,0.20616739988327026,kan
519,2,0.20881056785583496,kan
520,0,0.1944444477558136,kan
521,0,0.1944444477558136,kan
522,0,0.20370370149612427,kan
523,0,0.21296297013759613,kan
524,0,0.21296297013759613,kan
525,0,0.2222222238779068,kan
526,0,0.21296297013759613,kan
527,0,0.21296297013759613,kan
520,1,0.30639731884002686,kan
521,1,0.3175675570964813,kan
522,1,0.31081080436706543,kan
523,1,0.30639731884002686,kan
524,1,0.31081080436706543,kan
525,1,0.29765886068344116,kan
526,1,0.29194632172584534,kan
527,1,0.3006756901741028,kan
520,2,0.2088235318660736,kan
521,2,0.20117762684822083,kan
522,2,0.197265625,kan
523,2,0.19980411231517792,kan
524,2,0.19842828810214996,kan
525,2,0.18903036415576935,kan
526,2,0.19257086515426636,kan
527,2,0.19351670145988464,kan
528,0,0.1962616890668869,kan
529,0,0.2075471729040146,kan
530,0,0.2075471729040146,kan
531,0,0.21698112785816193,kan
532,0,0.2075471729040146,kan
533,0,0.19811320304870605,kan
534,0,0.21698112785816193,kan
535,0,0.2075471729040146,kan
528,1,0.26153847575187683,kan
529,1,0.25846153497695923,kan
530,1,0.25766870379447937,kan
531,1,0.2607361972332001,kan
532,1,0.25153374671936035,kan
533,1,0.2530864179134369,kan
534,1,0.25,kan
535,1,0.2530864179134369,kan
528,2,0.21980197727680206,kan
529,2,0.20886699855327606,kan
530,2,0.20730502903461456,kan
531,2,0.2047477811574936,kan
532,2,0.21172961592674255,kan
533,2,0.2057368904352188,kan
534,2,0.20079129934310913,kan
535,2,0.20614469051361084,kan
536,0,0.16981132328510284,kan
537,0,0.1603773534297943,kan
538,0,0.16981132328510284,kan
539,0,0.18867924809455872,kan
540,0,0.18867924809455872,kan
541,0,0.18867924809455872,kan
542,0,0.18867924809455872,kan
543,0,0.18867924809455872,kan
536,1,0.2569659352302551,kan
537,1,0.26006191968917847,kan
538,1,0.26625385880470276,kan
539,1,0.2755417823791504,kan
540,1,0.26625385880470276,kan
541,1,0.2693498432636261,kan
542,1,0.2693498432636261,kan
543,1,0.26625385880470276,kan
536,2,0.2123015820980072,kan
537,2,0.2113095223903656,kan
538,2,0.207341268658638,kan
539,2,0.2123015820980072,kan
540,2,0.2113095223903656,kan
541,2,0.21151936054229736,kan
542,2,0.2113095223903656,kan
543,2,0.2053571492433548,kan
544,0,0.14074073731899261,kan
545,0,0.13333334028720856,kan
546,0,0.13333334028720856,kan
547,0,0.14074073731899261,kan
548,0,0.14074073731899261,kan
549,0,0.13333334028720856,kan
550,0,0.1259259283542633,kan
551,0,0.13333334028720856,kan
544,1,0.2765273451805115,kan
545,1,0.26213592290878296,kan
546,1,0.2556634247303009,kan
547,1,0.25242719054222107,kan
548,1,0.245954692363739,kan
549,1,0.24919094145298004,kan
550,1,0.23948219418525696,kan
551,1,0.25242719054222107,kan
544,2,0.21933472156524658,kan
545,2,0.21548117697238922,kan
546,2,0.22025051712989807,kan
547,2,0.21907757222652435,kan
548,2,0.20903360843658447,kan
549,2,0.212184876203537,kan
550,2,0.20881426334381104,kan
551,2,0.20964360237121582,kan
552,0,0.1472868174314499,kan
553,0,0.1472868174314499,kan
554,0,0.13953489065170288,kan
555,0,0.1472868174314499,kan
556,0,0.1550387591123581,kan
557,0,0.1550387591123581,kan
558,0,0.1627907007932663,kan
559,0,0.1550387591123581,kan
552,1,0.2555204927921295,kan
553,1,0.2515723407268524,kan
554,1,0.2555204927921295,kan
555,1,0.2626582384109497,kan
556,1,0.2626582384109497,kan
557,1,0.2626582384109497,kan
558,1,0.2555204927921295,kan
559,1,0.2555204927921295,kan
552,2,0.21880997717380524,kan
553,2,0.21647509932518005,kan
554,2,0.2176414132118225,kan
555,2,0.2204042375087738,kan
556,2,0.2204042375087738,kan
557,2,0.21462945640087128,kan
558,2,0.20809248089790344,kan
559,2,0.20270270109176636,kan
560,0,0.18627451360225677,kan
561,0,0.1764705926179886,kan
562,0,0.1683168262243271,kan
563,0,0.15841583907604218,kan
564,0,0.15000000596046448,kan
565,0,0.1599999964237213,kan
566,0,0.15000000596046448,kan
567,0,0.18000000715255737,kan
560,1,0.28158843517303467,kan
561,1,0.27075812220573425,kan
562,1,0.2581818103790283,kan
563,1,0.2545454502105713,kan
564,1,0.25182482600212097,kan
565,1,0.262773722410202,kan
566,1,0.25912410020828247,kan
567,1,0.25912410020828247,kan
560,2,0.24054983258247375,kan
561,2,0.2482837587594986,kan
562,2,0.2362385392189026,kan
563,2,0.23130033910274506,kan
564,2,0.22952710092067719,kan
565,2,0.2338709682226181,kan
566,2,0.2211981564760208,kan
567,2,0.2211981564760208,kan
568,0,0.18000000715255737,kan
569,0,0.17000000178813934,kan
570,0,0.17000000178813934,kan
571,0,0.15841583907604218,kan
572,0,0.15841583907604218,kan
573,0,0.14851485192775726,kan
574,0,0.15841583907604218,kan
575,0,0.14851485192775726,kan
568,1,0.251748263835907,kan
569,1,0.2526315748691559,kan
570,1,0.24912281334400177,kan
571,1,0.23426572978496552,kan
572,1,0.251748263835907,kan
573,1,0.251748263835907,kan
574,1,0.2657342553138733,kan
575,1,0.25524476170539856,kan
568,2,0.20748299360275269,kan
569,2,0.21225880086421967,kan
570,2,0.21793416142463684,kan
571,2,0.2088535726070404,kan
572,2,0.21452894806861877,kan
573,2,0.21704545617103577,kan
574,2,0.2238636314868927,kan
575,2,0.21793416142463684,kan
576,0,0.11702127754688263,kan
577,0,0.09574468433856964,kan
578,0,0.11827956885099411,kan
579,0,0.12903225421905518,kan
580,0,0.11827956885099411,kan
581,0,0.12903225421905518,kan
582,0,0.13978494703769684,kan
583,0,0.10752688348293304,kan
576,1,0.16376306116580963,kan
577,1,0.15331010520458221,kan
578,1,0.16027875244617462,kan
579,1,0.17073170840740204,kan
580,1,0.16027875244617462,kan
581,1,0.17421603202819824,kan
582,1,0.1805555522441864,kan
583,1,0.15679442882537842,kan
576,2,0.19954648613929749,kan
577,2,0.19954648613929749,kan
578,2,0.20909090340137482,kan
579,2,0.2104664444923401,kan
580,2,0.2038724422454834,kan
581,2,0.22298066318035126,kan
582,2,0.22045454382896423,kan
583,2,0.2164009064435959,kan
584,0,0.08163265138864517,kan
585,0,0.09183673560619354,kan
586,0,0.08163265138864517,kan
587,0,0.10204081982374191,kan
588,0,0.11224489659070969,kan
589,0,0.1428571492433548,kan
590,0,0.13265305757522583,kan
591,0,0.1428571492433548,kan
584,1,0.14134275913238525,kan
585,1,0.17667844891548157,kan
586,1,0.17667844891548157,kan
587,1,0.18505337834358215,kan
588,1,0.19148936867713928,kan
589,1,0.2150537669658661,kan
590,1,0.20652173459529877,kan
591,1,0.2028985470533371,kan
584,2,0.17670682072639465,kan
585,2,0.20020121335983276,kan
586,2,0.20383450388908386,kan
587,2,0.22368420660495758,kan
588,2,0.23116089403629303,kan
589,2,0.24257932603359222,kan
590,2,0.24485597014427185,kan
591,2,0.24432989954948425,kan
592,0,0.15942029654979706,kan
593,0,0.1492537260055542,kan
594,0,0.13432836532592773,kan
595,0,0.10447761416435242,kan
596,0,0.08955223858356476,kan
597,0,0.16417910158634186,kan
598,0,0.20895522832870483,kan
599,0,0.1764705926179886,kan
592,1,0.22072072327136993,kan
593,1,0.19004525244235992,kan
594,1,0.20814479887485504,kan
595,1,0.20361991226673126,kan
596,1,0.18099547922611237,kan
597,1,0.19178082048892975,kan
598,1,0.1826484054327011,kan
599,1,0.17351597547531128,kan
592,2,0.23959647119045258,kan
593,2,0.23047375679016113,kan
594,2,0.22435897588729858,kan
595,2,0.2061459720134735,kan
596,2,0.20795892179012299,kan
597,2,0.20795892179012299,kan
598,2,0.21188630163669586,kan
599,2,0.1899224817752838,kan
600,0,0.12941177189350128,kan
601,0,0.10588235408067703,kan
602,0,0.151162788271904,kan
603,0,0.12790697813034058,kan
604,0,0.1411764770746231,kan
605,0,0.1764705926179886,kan
606,0,0.1764705926179886,kan
607,0,0.1764705926179886,kan
600,1,0.15000000596046448,kan
601,1,0.13846154510974884,kan
602,1,0.1679389327764511,kan
603,1,0.15267175436019897,kan
604,1,0.1884615421295166,kan
605,1,0.21153846383094788,kan
606,1,0.2260536402463913,kan
607,1,0.2183908075094223,kan
600,2,0.16880342364311218,kan
601,2,0.17414529621601105,kan
602,2,0.17590618133544922,kan
603,2,0.192758247256279,kan
604,2,0.20682302117347717,kan
605,2,0.21215352416038513,kan
606,2,0.23134328424930573,kan
607,2,0.24093817174434662,kan
608,0,0.1388888955116272,kan
609,0,0.1666666716337204,kan
610,0,0.1805555522441864,kan
611,0,0.15068493783473969,kan
612,0,0.1780821979045868,kan
613,0,0.2083333283662796,kan
614,0,0.2083333283662796,kan
615,0,0.2361111044883728,kan
608,1,0.18571428954601288,kan
609,1,0.2028469741344452,kan
610,1,0.19285714626312256,kan
611,1,0.152482271194458,kan
612,1,0.17204301059246063,kan
613,1,0.16845877468585968,kan
614,1,0.17625899612903595,kan
615,1,0.19713261723518372,kan
608,2,0.21810699999332428,kan
609,2,0.22643442451953888,kan
610,2,0.21730175614356995,kan
611,2,0.1989690661430359,kan
612,2,0.19628098607063293,kan
613,2,0.20208333432674408,kan
614,2,0.19290928542613983,kan
615,2,0.21875,kan
616,0,0.17499999701976776,kan
617,0,0.18292683362960815,kan
618,0,0.1927710771560669,kan
619,0,0.16049382090568542,kan
620,0,0.20253165066242218,kan
621,0,0.2278480976819992,kan
622,0,0.26923078298568726,kan
623,0,0.25641027092933655,kan
616,1,0.17843866348266602,kan
617,1,0.190476194024086,kan
618,1,0.22344322502613068,kan
619,1,0.20370370149612427,kan
620,1,0.25,kan
621,1,0.2172284573316574,kan
622,1,0.28136882185935974,kan
623,1,0.28244274854660034,kan
616,2,0.19825918972492218,kan
617,2,0.2023121416568756,kan
618,2,0.23017407953739166,kan
619,2,0.2470817118883133,kan
620,2,0.2583170235157013,kan
621,2,0.27093595266342163,kan
622,2,0.2851485013961792,kan
623,2,0.2794846296310425,kan
624,0,0.29032257199287415,kan
625,0,0.20000000298023224,kan
626,0,0.2666666805744171,kan
627,0,0.30000001192092896,kan
628,0,0.32786884903907776,kan
629,0,0.3333333432674408,kan
630,0,0.30000001192092896,kan
631,0,0.28333333134651184,kan
624,1,0.26996198296546936,kan
625,1,0.24904213845729828,kan
626,1,0.26996198296546936,kan
627,1,0.28352490067481995,kan
628,1,0.29501914978027344,kan
629,1,0.2769230902194977,kan
630,1,0.2576923072338104,kan
631,1,0.2461538463830948,kan
624,2,0.2935483753681183,kan
625,2,0.2906350791454315,kan
626,2,0.28632938861846924,kan
627,2,0.3017241358757019,kan
628,2,0.30603447556495667,kan
629,2,0.29945945739746094,kan
630,2,0.29858848452568054,kan
631,2,0.28773072361946106,kan
632,0,0.2142857164144516,kan
633,0,0.18571428954601288,kan
634,0,0.17142857611179352,kan
635,0,0.22857142984867096,kan
636,0,0.24285714328289032,kan
637,0,0.2535211145877838,kan
638,0,0.27142858505249023,kan
639,0,0.2571428716182709,kan
632,1,0.2460317462682724,kan
633,1,0.24110671877861023,kan
634,1,0.2182539701461792,kan
635,1,0.2261904776096344,kan
636,1,0.261904776096344,kan
637,1,0.24901185929775238,kan
638,1,0.3055555522441864,kan
639,1,0.3055555522441864,kan
632,2,0.2670212686061859,kan
633,2,0.25583863258361816,kan
634,2,0.2444208264350891,kan
635,2,0.2518676519393921,kan
636,2,0.2638888955116272,kan
637,2,0.28983956575393677,kan
638,2,0.31832796335220337,kan
639,2,0.31437769532203674,kan
640,0,0.2698412835597992,kan
641,0,0.23076923191547394,kan
642,0,0.2461538463830948,kan
643,0,0.25,kan
644,0,0.28125,kan
645,0,0.28125,kan
646,0,0.2857142984867096,kan
647,0,0.2857142984867096,kan
640,1,0.30799999833106995,kan
641,1,0.3055555522441864,kan
642,1,0.2964426875114441,kan
643,1,0.2857142984867096,kan
644,1,0.2857142984867096,kan
645,1,0.2788844704627991,kan
646,1,0.2868525981903076,kan
647,1,0.30399999022483826,kan
640,2,0.2884615361690521,kan
641,2,0.2874493896961212,kan
642,2,0.2792338728904724,kan
643,2,0.28267475962638855,kan
644,2,0.28036436438560486,kan
645,2,0.2916666567325592,kan
646,2,0.30620548129081726,kan
647,2,0.31670060753822327,kan
648,0,0.23999999463558197,kan
649,0,0.25333333015441895,kan
650,0,0.23999999463558197,kan
651,0,0.30666667222976685,kan
652,0,0.3466666638851166,kan
653,0,0.3333333432674408,kan
654,0,0.3466666638851166,kan
655,0,0.3333333432674408,kan
648,1,0.276450514793396,kan
649,1,0.29010239243507385,kan
650,1,0.3047945201396942,kan
651,1,0.33561643958091736,kan
652,1,0.35273972153663635,kan
653,1,0.3493150770664215,kan
654,1,0.3595890402793884,kan
655,1,0.3458904027938843,kan
648,2,0.31374502182006836,kan
649,2,0.32306164503097534,kan
650,2,0.34163346886634827,kan
651,2,0.36899998784065247,kan
652,2,0.38199999928474426,kan
653,2,0.39399999380111694,kan
654,2,0.3959999978542328,kan
655,2,0.3970000147819519,kan
656,0,0.24761904776096344,kan
657,0,0.24761904776096344,kan
658,0,0.25961539149284363,kan
659,0,0.26923078298568726,kan
660,0,0.25961539149284363,kan
661,0,0.25961539149284363,kan
662,0,0.25,kan
663,0,0.2211538404226303,kan
656,1,0.36764705181121826,kan
657,1,0.37362638115882874,kan
658,1,0.3860294222831726,kan
659,1,0.37867647409439087,kan
660,1,0.38148146867752075,kan
661,1,0.3791821599006653,kan
662,1,0.35820895433425903,kan
663,1,0.33208954334259033,kan
656,2,0.32825204730033875,kan
657,2,0.3438453674316406,kan
658,2,0.3530612289905548,kan
659,2,0.36438074707984924,kan
660,2,0.35477179288864136,kan
661,2,0.3423236608505249,kan
662,2,0.3236514627933502,kan
663,2,0.2987551987171173,kan
664,0,0.29411765933036804,kan
665,0,0.23529411852359772,kan
666,0,0.25,kan
667,0,0.2985074520111084,kan
668,0,0.34328359365463257,kan
669,0,0.28358209133148193,kan
670,0,0.2537313401699066,kan
671,0,0.20895522832870483,kan
664,1,0.3071160912513733,kan
665,1,0.29739776253700256,kan
666,1,0.2899628281593323,kan
667,1,0.3120300769805908,kan
668,1,0.3233082592487335,kan
669,1,0.2969924807548523,kan
670,1,0.2744360864162445,kan
671,1,0.24812030792236328,kan
664,2,0.29504233598709106,kan
665,2,0.2781065106391907,kan
666,2,0.29156625270843506,kan
667,2,0.32509270310401917,kan
668,2,0.36516129970550537,kan
669,2,0.36269429326057434,kan
670,2,0.32383421063423157,kan
671,2,0.30051812529563904,kan
672,0,0.23188406229019165,kan
673,0,0.260869562625885,kan
674,0,0.23188406229019165,kan
675,0,0.23188406229019165,kan
676,0,0.18840579688549042,kan
677,0,0.15942029654979706,kan
678,0,0.21739129722118378,kan
679,0,0.2028985470533371,kan
672,1,0.21052631735801697,kan
673,1,0.2226148396730423,kan
674,1,0.20640569925308228,kan
675,1,0.19354838132858276,kan
676,1,0.19354838132858276,kan
677,1,0.19713261723518372,kan
678,1,0.19354838132858276,kan
679,1,0.189964160323143,kan
672,2,0.25456759333610535,kan
673,2,0.254612535238266,kan
674,2,0.25310173630714417,kan
675,2,0.23910336196422577,kan
676,2,0.24307304620742798,kan
677,2,0.25031766295433044,kan
678,2,0.25480154156684875,kan
679,2,0.25992318987846375,kan
680,0,0.16049382090568542,kan
681,0,0.16049382090568542,kan
682,0,0.14814814925193787,kan
683,0,0.14814814925193787,kan
684,0,0.15000000596046448,kan
685,0,0.17499999701976776,kan
686,0,0.20000000298023224,kan
687,0,0.1875,kan
680,1,0.21259842813014984,kan
681,1,0.22834645211696625,kan
682,1,0.21653543412685394,kan
683,1,0.21259842813014984,kan
684,1,0.20553359389305115,kan
685,1,0.20553359389305115,kan
686,1,0.22529643774032593,kan
687,1,0.22529643774032593,kan
680,2,0.243757426738739,kan
681,2,0.24439197778701782,kan
682,2,0.24468085169792175,kan
683,2,0.23668639361858368,kan
684,2,0.23871733248233795,kan
685,2,0.2467222958803177,kan
686,2,0.2601431906223297,kan
687,2,0.280764639377594,kan
688,0,0.16249999403953552,kan
689,0,0.17499999701976776,kan
690,0,0.1875,kan
691,0,0.22499999403953552,kan
692,0,0.22499999403953552,kan
693,0,0.17499999701976776,kan
694,0,0.17499999701976776,kan
695,0,0.1875,kan
688,1,0.2599118947982788,kan
689,1,0.2666666805744171,kan
690,1,0.2767857015132904,kan
691,1,0.2991071343421936,kan
692,1,0.2857142984867096,kan
693,1,0.2901785671710968,kan
694,1,0.2946428656578064,kan
695,1,0.28125,kan
688,2,0.25392669439315796,kan
689,2,0.24409449100494385,kan
690,2,0.25361368060112,kan
691,2,0.273324579000473,kan
692,2,0.2664042115211487,kan
693,2,0.278215229511261,kan
694,2,0.2680683434009552,kan
695,2,0.27368420362472534,kan
696,0,0.2261904776096344,kan
697,0,0.2142857164144516,kan
698,0,0.25,kan
699,0,0.261904776096344,kan
700,0,0.2738095223903656,kan
701,0,0.261904776096344,kan
702,0,0.2857142984867096,kan
703,0,0.2976190447807312,kan
696,1,0.254612535238266,kan
697,1,0.2804428040981293,kan
698,1,0.2878228724002838,kan
699,1,0.32103320956230164,kan
700,1,0.35424354672431946,kan
701,1,0.361623615026474,kan
702,1,0.3726937174797058,kan
703,1,0.36531364917755127,kan
696,2,0.185761958360672,kan
697,2,0.21579532325267792,kan
698,2,0.23529411852359772,kan
699,2,0.2604856491088867,kan
700,2,0.2869660556316376,kan
701,2,0.27856364846229553,kan
702,2,0.2906724512577057,kan
703,2,0.29360780119895935,kan
704,0,0.25242719054222107,kan
705,0,0.27450981736183167,kan
706,0,0.29411765933036804,kan
707,0,0.2871287167072296,kan
708,0,0.30693069100379944,kan
709,0,0.2871287167072296,kan
710,0,0.2673267424106598,kan
711,0,0.2647058963775635,kan
704,1,0.20212766528129578,kan
705,1,0.24523161351680756,kan
706,1,0.29608938097953796,kan
707,1,0.3105413019657135,kan
708,1,0.34682080149650574,kan
709,1,0.3275362253189087,kan
710,1,0.3372093141078949,kan
711,1,0.32848837971687317,kan
704,2,0.18956953287124634,kan
705,2,0.23245984315872192,kan
706,2,0.28583839535713196,kan
707,2,0.3105590045452118,kan
708,2,0.31878894567489624,kan
709,2,0.3131672739982605,kan
710,2,0.31322094798088074,kan
711,2,0.2879858613014221,kan
712,0,0.2654867172241211,kan
713,0,0.2767857015132904,kan
714,0,0.27927929162979126,kan
715,0,0.29203540086746216,kan
716,0,0.29729729890823364,kan
717,0,0.27927929162979126,kan
718,0,0.30630630254745483,kan
719,0,0.2857142984867096,kan
712,1,0.3020833432674408,kan
713,1,0.30104711651802063,kan
714,1,0.31675392389297485,kan
715,1,0.31675392389297485,kan
716,1,0.34293192625045776,kan
717,1,0.34645670652389526,kan
718,1,0.34645670652389526,kan
719,1,0.3569553792476654,kan
712,2,0.1873065084218979,kan
713,2,0.18475750088691711,kan
714,2,0.20046083629131317,kan
715,2,0.19969159364700317,kan
716,2,0.21739129722118378,kan
717,2,0.2356589138507843,kan
718,2,0.23606811463832855,kan
719,2,0.24535603821277618,kan
720,0,0.0683760717511177,kan
721,0,0.0683760717511177,kan
722,0,0.0683760717511177,kan
723,0,0.08547008782625198,kan
724,0,0.07692307978868484,kan
725,0,0.05982905998826027,kan
726,0,0.09401709586381912,kan
727,0,0.07692307978868484,kan
720,1,0.15811966359615326,kan
721,1,0.1666666716337204,kan
722,1,0.15811966359615326,kan
723,1,0.1702127605676651,kan
724,1,0.1794871836900711,kan
725,1,0.18376068770885468,kan
726,1,0.19230769574642181,kan
727,1,0.17521367967128754,kan
720,2,0.15488867461681366,kan
721,2,0.15585672855377197,kan
722,2,0.15392062067985535,kan
723,2,0.16069699823856354,kan
724,2,0.16747337579727173,kan
725,2,0.17618586122989655,kan
726,2,0.17424975335597992,kan
727,2,0.16747337579727173,kan
728,0,0.05000000074505806,kan
729,0,0.0714285746216774,kan
730,0,0.0714285746216774,kan
731,0,0.07857143133878708,kan
732,0,0.09285714477300644,kan
733,0,0.11428571492433548,kan
734,0,0.11428571492433548,kan
735,0,0.13571429252624512,kan
728,1,0.12377849966287613,kan
729,1,0.12703582644462585,kan
730,1,0.1335504949092865,kan
731,1,0.16612377762794495,kan
732,1,0.17589576542377472,kan
733,1,0.2149837166070938,kan
734,1,0.24755699932575226,kan
735,1,0.2768729627132416,kan
728,2,0.16491596400737762,kan
729,2,0.15546219050884247,kan
730,2,0.18172268569469452,kan
731,2,0.21991701424121857,kan
732,2,0.20000000298023224,kan
733,2,0.22599999606609344,kan
734,2,0.2598814368247986,kan
735,2,0.2951628863811493,kan
736,0,0.13375796377658844,kan
737,0,0.12738853693008423,kan
738,0,0.12101911008358002,kan
739,0,0.13375796377658844,kan
740,0,0.11538461595773697,kan
741,0,0.12820513546466827,kan
742,0,0.12820513546466827,kan
743,0,0.12820513546466827,kan
736,1,0.267100989818573,kan
737,1,0.258169949054718,kan
738,1,0.26644736528396606,kan
739,1,0.2785235047340393,kan
740,1,0.2881355881690979,kan
741,1,0.2852233648300171,kan
742,1,0.27241379022598267,kan
743,1,0.2586206793785095,kan
736,2,0.24267399311065674,kan
737,2,0.2359963208436966,kan
738,2,0.24721190333366394,kan
739,2,0.2793136239051819,kan
740,2,0.296585351228714,kan
741,2,0.29482072591781616,kan
742,2,0.27218344807624817,kan
743,2,0.2552343010902405,kan
744,0,0.11695906519889832,kan
745,0,0.08187134563922882,kan
746,0,0.0760233923792839,kan
747,0,0.07017543911933899,kan
748,0,0.07017543911933899,kan
749,0,0.08187134563922882,kan
750,0,0.08771929889917374,kan
751,0,0.08187134563922882,kan
744,1,0.20560747385025024,kan
745,1,0.17445482313632965,kan
746,1,0.17445482313632965,kan
747,1,0.1682243049144745,kan
748,1,0.15887850522994995,kan
749,1,0.16199377179145813,kan
750,1,0.180685356259346,kan
751,1,0.1993769407272339,kan
744,2,0.22629107534885406,kan
745,2,0.2064090520143509,kan
746,2,0.20131702721118927,kan
747,2,0.1932457834482193,kan
748,2,0.1943662017583847,kan
749,2,0.19230769574642181,kan
750,2,0.2073170691728592,kan
751,2,0.2204502820968628,kan
752,0,0.07096774131059647,kan
753,0,0.07741935551166534,kan
754,0,0.07741935551166534,kan
755,0,0.11038961261510849,kan
756,0,0.11038961261510849,kan
757,0,0.13636364042758942,kan
758,0,0.11764705926179886,kan
759,0,0.12418300658464432,kan
752,1,0.15406163036823273,kan
753,1,0.17478510737419128,kan
754,1,0.18911175429821014,kan
755,1,0.20916905999183655,kan
756,1,0.23054754734039307,kan
757,1,0.25581395626068115,kan
758,1,0.2514619827270508,kan
759,1,0.2573099434375763,kan
752,2,0.154720276594162,kan
753,2,0.1666666716337204,kan
754,2,0.18521817028522491,kan
755,2,0.21479500830173492,kan
756,2,0.24526600539684296,kan
757,2,0.27605119347572327,kan
758,2,0.27757352590560913,kan
759,2,0.29660239815711975,kan
760,0,0.11267605423927307,kan
761,0,0.11347517371177673,kan
762,0,0.08571428805589676,kan
763,0,0.09285714477300644,kan
764,0,0.07857143133878708,kan
765,0,0.08571428805589676,kan
766,0,0.09285714477300644,kan
767,0,0.09285714477300644,kan
760,1,0.18421052396297455,kan
761,1,0.22068965435028076,kan
762,1,0.22340425848960876,kan
763,1,0.21146953105926514,kan
764,1,0.2028985470533371,kan
765,1,0.20652173459529877,kan
766,1,0.1920289844274521,kan
767,1,0.1920289844274521,kan
760,2,0.21587608754634857,kan
761,2,0.2525562345981598,kan
762,2,0.2701271176338196,kan
763,2,0.25401929020881653,kan
764,2,0.2678375542163849,kan
765,2,0.25962597131729126,kan
766,2,0.2624035179615021,kan
767,2,0.24696803092956543,kan
768,0,0.0763888880610466,kan
769,0,0.0902777761220932,kan
770,0,0.0833333358168602,kan
771,0,0.0763888880610466,kan
772,0,0.0902777761220932,kan
773,0,0.0833333358168602,kan
774,0,0.0694444477558136,kan
775,0,0.1111111119389534,kan
768,1,0.20883534848690033,kan
769,1,0.2160000056028366,kan
770,1,0.2128514051437378,kan
771,1,0.19678714871406555,kan
772,1,0.20800000429153442,kan
773,1,0.2128514051437378,kan
774,1,0.1927710771560669,kan
775,1,0.20883534848690033,kan
768,2,0.22787386178970337,kan
769,2,0.23601220548152924,kan
770,2,0.21871821582317352,kan
771,2,0.21871821582317352,kan
772,2,0.22990843653678894,kan
773,2,0.22990843653678894,kan
774,2,0.2207527905702591,kan
775,2,0.22787386178970337,kan
776,0,0.10884353518486023,kan
777,0,0.10204081982374191,kan
778,0,0.10204081982374191,kan
779,0,0.095238097012043,kan
780,0,0.095238097012043,kan
781,0,0.095238097012043,kan
782,0,0.10204081982374191,kan
783,0,0.095238097012043,kan
776,1,0.22040815651416779,kan
777,1,0.2448979616165161,kan
778,1,0.23265306651592255,kan
779,1,0.22448979318141937,kan
780,1,0.22040815651416779,kan
781,1,0.20408163964748383,kan
782,1,0.2163265347480774,kan
783,1,0.2163265347480774,kan
776,2,0.2511627972126007,kan
777,2,0.2549246847629547,kan
778,2,0.2604651153087616,kan
779,2,0.2537834644317627,kan
780,2,0.24796274304389954,kan
781,2,0.23515716195106506,kan
782,2,0.24330617487430573,kan
783,2,0.24912689626216888,kan
784,0,0.0,kan
785,0,0.0,kan
786,0,0.01785714365541935,kan
787,0,0.01785714365541935,kan
788,0,0.01785714365541935,kan
789,0,0.0357142873108387,kan
790,0,0.01785714365541935,kan
791,0,0.01785714365541935,kan
784,1,0.01550387591123581,kan
785,1,0.015748031437397003,kan
786,1,0.0317460335791111,kan
787,1,0.0476190485060215,kan
788,1,0.0317460335791111,kan
789,1,0.0476190485060215,kan
790,1,0.0317460335791111,kan
791,1,0.0476190485060215,kan
784,2,0.01075268816202879,kan
785,2,0.01742919348180294,kan
786,2,0.030567685142159462,kan
787,2,0.041850220412015915,kan
788,2,0.041850220412015915,kan
789,2,0.04845815151929855,kan
790,2,0.046255506575107574,kan
791,2,0.046255506575107574,kan
792,0,0.009523809887468815,kan
793,0,0.01904761977493763,kan
794,0,0.009523809887468815,kan
795,0,0.009523809887468815,kan
796,0,0.009523809887468815,kan
797,0,0.01904761977493763,kan
798,0,0.01904761977493763,kan
799,0,0.01904761977493763,kan
792,1,0.033898305147886276,kan
793,1,0.05932203307747841,kan
794,1,0.04237288236618042,kan
795,1,0.033898305147886276,kan
796,1,0.06779661029577255,kan
797,1,0.050847455859184265,kan
798,1,0.050847455859184265,kan
799,1,0.09322033822536469,kan
792,2,0.04030226543545723,kan
793,2,0.05612244829535484,kan
794,2,0.058974359184503555,kan
795,2,0.056410256773233414,kan
796,2,0.06923077255487442,kan
797,2,0.07179487496614456,kan
798,2,0.07692307978868484,kan
799,2,0.08974359184503555,kan
800,0,0.02666666731238365,kan
801,0,0.013333333656191826,kan
802,0,0.02666666731238365,kan
803,0,0.02666666731238365,kan
804,0,0.02666666731238365,kan
805,0,0.02666666731238365,kan
806,0,0.02666666731238365,kan
807,0,0.02666666731238365,kan
800,1,0.0517241396009922,kan
801,1,0.04597701132297516,kan
802,1,0.05747126415371895,kan
803,1,0.05747126415371895,kan
804,1,0.06321839243173599,kan
805,1,0.06321839243173599,kan
806,1,0.06896551698446274,kan
807,1,0.06896551698446274,kan
800,2,0.07127882540225983,kan
801,2,0.07337526232004166,kan
802,2,0.08176100999116898,kan
803,2,0.08176100999116898,kan
804,2,0.08595387637615204,kan
805,2,0.08176100999116898,kan
806,2,0.08805031329393387,kan
807,2,0.0901467502117157,kan
808,0,0.018518518656492233,kan
809,0,0.018518518656492233,kan
810,0,0.018518518656492233,kan
811,0,0.018518518656492233,kan
812,0,0.018518518656492233,kan
813,0,0.018518518656492233,kan
814,0,0.018518518656492233,kan
815,0,0.018518518656492233,kan
808,1,0.07547169923782349,kan
809,1,0.07547169923782349,kan
810,1,0.08805031329393387,kan
811,1,0.09433962404727936,kan
812,1,0.09433962404727936,kan
813,1,0.08805031329393387,kan
814,1,0.09433962404727936,kan
815,1,0.09433962404727936,kan
808,2,0.08538899570703506,kan
809,2,0.09297912567853928,kan
810,2,0.10626185685396194,kan
811,2,0.11005692929029465,kan
812,2,0.1119544580578804,kan
813,2,0.1081593930721283,kan
814,2,0.11385199427604675,kan
815,2,0.11005692929029465,kan
816,0,0.0470588244497776,kan
817,0,0.05882352963089943,kan
818,0,0.05882352963089943,kan
819,0,0.05882352963089943,kan
820,0,0.0470588244497776,kan
821,0,0.03529411926865578,kan
822,0,0.03529411926865578,kan
823,0,0.0470588244497776,kan
816,1,0.11267605423927307,kan
817,1,0.11267605423927307,kan
818,1,0.11267605423927307,kan
819,1,0.11267605423927307,kan
820,1,0.10563380271196365,kan
821,1,0.0845070406794548,kan
822,1,0.0845070406794548,kan
823,1,0.09859155118465424,kan
816,2,0.12711864709854126,kan
817,2,0.12738853693008423,kan
818,2,0.12738853693008423,kan
819,2,0.12101911008358002,kan
820,2,0.11677282303571701,kan
821,2,0.09766454249620438,kan
822,2,0.09554140269756317,kan
823,2,0.12314224988222122,kan
824,0,0.05494505539536476,kan
825,0,0.05494505539536476,kan
826,0,0.05494505539536476,kan
827,0,0.07692307978868484,kan
828,0,0.06593406945466995,kan
829,0,0.07692307978868484,kan
830,0,0.07692307978868484,kan
831,0,0.10989011079072952,kan
824,1,0.07281553745269775,kan
825,1,0.11650485545396805,kan
826,1,0.11650485545396805,kan
827,1,0.13592232763767242,kan
828,1,0.14077669382095337,kan
829,1,0.15048544108867645,kan
830,1,0.15048544108867645,kan
831,1,0.17475728690624237,kan
824,2,0.09940652549266815,kan
825,2,0.1216617226600647,kan
826,2,0.13946586847305298,kan
827,2,0.14985163509845734,kan
828,2,0.16913945972919464,kan
829,2,0.18249258399009705,kan
830,2,0.20178040862083435,kan
831,2,0.2121661752462387,kan
832,0,0.029411764815449715,kan
833,0,0.03921568766236305,kan
834,0,0.019607843831181526,kan
835,0,0.029411764815449715,kan
836,0,0.029411764815449715,kan
837,0,0.019607843831181526,kan
838,0,0.03921568766236305,kan
839,0,0.029411764815449715,kan
832,1,0.03940886631608009,kan
833,1,0.04926108196377754,kan
834,1,0.03940886631608009,kan
835,1,0.06403940916061401,kan
836,1,0.04926108196377754,kan
837,1,0.054187193512916565,kan
838,1,0.06896551698446274,kan
839,1,0.06896551698446274,kan
832,2,0.03898635506629944,kan
833,2,0.055226825177669525,kan
834,2,0.0701402798295021,kan
835,2,0.08433734625577927,kan
836,2,0.09859155118465424,kan
837,2,0.09255532920360565,kan
838,2,0.11066398024559021,kan
839,2,0.10865191370248795,kan
840,0,0.0615384615957737,kan
841,0,0.0615384615957737,kan
842,0,0.0615384615957737,kan
843,0,0.0615384615957737,kan
844,0,0.0615384615957737,kan
845,0,0.0615384615957737,kan
846,0,0.0615384615957737,kan
847,0,0.0615384615957737,kan
840,1,0.09574468433856964,kan
841,1,0.0904255285859108,kan
842,1,0.0797872319817543,kan
843,1,0.0904255285859108,kan
844,1,0.11170212924480438,kan
845,1,0.11702127754688263,kan
846,1,0.12234042584896088,kan
847,1,0.13297872245311737,kan
840,2,0.11423221230506897,kan
841,2,0.11985018849372864,kan
842,2,0.11797752976417542,kan
843,2,0.13483145833015442,kan
844,2,0.16104869544506073,kan
845,2,0.16479401290416718,kan
846,2,0.17977528274059296,kan
847,2,0.18164794147014618,kan
848,0,0.06329113990068436,kan
849,0,0.10126582533121109,kan
850,0,0.1139240488409996,kan
851,0,0.12820513546466827,kan
852,0,0.14102564752101898,kan
853,0,0.14102564752101898,kan
854,0,0.19230769574642181,kan
855,0,0.19230769574642181,kan
848,1,0.11737088859081268,kan
849,1,0.13679245114326477,kan
850,1,0.15639810264110565,kan
851,1,0.16746412217617035,kan
852,1,0.220095694065094,kan
853,1,0.24401913583278656,kan
854,1,0.2870813310146332,kan
855,1,0.31100478768348694,kan
848,2,0.09409888088703156,kan
849,2,0.10410095006227493,kan
850,2,0.12836767733097076,kan
851,2,0.14785373210906982,kan
852,2,0.1697530895471573,kan
853,2,0.171171173453331,kan
854,2,0.2222222238779068,kan
855,2,0.27627629041671753,kan
856,0,0.156521737575531,kan
857,0,0.1826086938381195,kan
858,0,0.20000000298023224,kan
859,0,0.24347825348377228,kan
860,0,0.2956521809101105,kan
861,0,0.321739137172699,kan
862,0,0.38260868191719055,kan
863,0,0.426086962223053,kan
856,1,0.20155039429664612,kan
857,1,0.23255814611911774,kan
858,1,0.2661498785018921,kan
859,1,0.2945736348628998,kan
860,1,0.36692506074905396,kan
861,1,0.4134366810321808,kan
862,1,0.469072163105011,kan
863,1,0.5038759708404541,kan
856,2,0.09573542326688766,kan
857,2,0.11340206116437912,kan
858,2,0.12962962687015533,kan
859,2,0.14320987462997437,kan
860,2,0.16116653382778168,kan
861,2,0.17420311272144318,kan
862,2,0.2065693438053131,kan
863,2,0.26169589161872864,kan
864,0,0.38679245114326477,kan
865,0,0.41904762387275696,kan
866,0,0.4392523467540741,kan
867,0,0.529411792755127,kan
868,0,0.5104166865348816,kan
869,0,0.5384615659713745,kan
870,0,0.4395604431629181,kan
871,0,0.3956044018268585,kan
864,1,0.18222221732139587,kan
865,1,0.21797752380371094,kan
866,1,0.25925925374031067,kan
867,1,0.33086419105529785,kan
868,1,0.4985337257385254,kan
869,1,0.5264797210693359,kan
870,1,0.5460526347160339,kan
871,1,0.49666666984558105,kan
864,2,0.15867656469345093,kan
865,2,0.18022865056991577,kan
866,2,0.18438762426376343,kan
867,2,0.2186836451292038,kan
868,2,0.2769841253757477,kan
869,2,0.28799328207969666,kan
870,2,0.28130510449409485,kan
871,2,0.23455685377120972,kan
872,0,0.23577235639095306,kan
873,0,0.18852458894252777,kan
874,0,0.1803278625011444,kan
875,0,0.14754098653793335,kan
876,0,0.10655737668275833,kan
877,0,0.09836065769195557,kan
878,0,0.08196721225976944,kan
879,0,0.04918032884597778,kan
872,1,0.3401639461517334,kan
873,1,0.3362068831920624,kan
874,1,0.3303571343421936,kan
875,1,0.32568806409835815,kan
876,1,0.23943662643432617,kan
877,1,0.22065727412700653,kan
878,1,0.18309858441352844,kan
879,1,0.13145539164543152,kan
872,2,0.34274712204933167,kan
873,2,0.3760445713996887,kan
874,2,0.3930722773075104,kan
875,2,0.39619651436805725,kan
876,2,0.31301483511924744,kan
877,2,0.2619439959526062,kan
878,2,0.2174629271030426,kan
879,2,0.1729818731546402,kan
880,0,0.1979166716337204,kan
881,0,0.1979166716337204,kan
882,0,0.15625,kan
883,0,0.15625,kan
884,0,0.1875,kan
885,0,0.15625,kan
886,0,0.1458333283662796,kan
887,0,0.1666666716337204,kan
880,1,0.2753036320209503,kan
881,1,0.2804878056049347,kan
882,1,0.28455284237861633,kan
883,1,0.24796748161315918,kan
884,1,0.26720649003982544,kan
885,1,0.2398373931646347,kan
886,1,0.25609755516052246,kan
887,1,0.26829269528388977,kan
880,2,0.23489932715892792,kan
881,2,0.2568306028842926,kan
882,2,0.25619834661483765,kan
883,2,0.25864455103874207,kan
884,2,0.28393352031707764,kan
885,2,0.2611111104488373,kan
886,2,0.27184465527534485,kan
887,2,0.2750000059604645,kan
888,0,0.1504424810409546,kan
889,0,0.14159291982650757,kan
890,0,0.13274335861206055,kan
891,0,0.12389380484819412,kan
892,0,0.10619468986988068,kan
893,0,0.12389380484819412,kan
894,0,0.12389380484819412,kan
895,0,0.13274335861206055,kan
888,1,0.323383092880249,kan
889,1,0.3149999976158142,kan
890,1,0.3050000071525574,kan
891,1,0.27860695123672485,kan
892,1,0.27000001072883606,kan
893,1,0.2800000011920929,kan
894,1,0.28999999165534973,kan
895,1,0.28358209133148193,kan
888,2,0.282527893781662,kan
889,2,0.2860696613788605,kan
890,2,0.2723880708217621,kan
891,2,0.2587064802646637,kan
892,2,0.2643391489982605,kan
893,2,0.260923832654953,kan
894,2,0.25717851519584656,kan
895,2,0.25810474157333374,kan
896,0,0.1111111119389534,kan
897,0,0.1111111119389534,kan
898,0,0.1031746044754982,kan
899,0,0.1190476194024086,kan
900,0,0.09375,kan
901,0,0.095238097012043,kan
902,0,0.0793650820851326,kan
903,0,0.095238097012043,kan
896,1,0.2405063360929489,kan
897,1,0.2320675104856491,kan
898,1,0.2151898741722107,kan
899,1,0.22978723049163818,kan
900,1,0.2236286848783493,kan
901,1,0.2255319207906723,kan
902,1,0.2255319207906723,kan
903,1,0.22127659618854523,kan
896,2,0.22181372344493866,kan
897,2,0.21446079015731812,kan
898,2,0.20418204367160797,kan
899,2,0.2105911374092102,kan
900,2,0.20864197611808777,kan
901,2,0.21878862380981445,kan
902,2,0.21960297226905823,kan
903,2,0.2245657593011856,kan
904,0,0.12380952388048172,kan
905,0,0.11428571492433548,kan
906,0,0.10476190596818924,kan
907,0,0.10476190596818924,kan
908,0,0.095238097012043,kan
909,0,0.11428571492433548,kan
910,0,0.12264151126146317,kan
911,0,0.11214952915906906,kan
904,1,0.25,kan
905,1,0.24090908467769623,kan
906,1,0.23181818425655365,kan
907,1,0.23181818425655365,kan
908,1,0.2181818187236786,kan
909,1,0.23181818425655365,kan
910,1,0.24090908467769623,kan
911,1,0.2545454502105713,kan
904,2,0.24185463786125183,kan
905,2,0.23779724538326263,kan
906,2,0.2390488088130951,kan
907,2,0.24185463786125183,kan
908,2,0.23433583974838257,kan
909,2,0.2506265640258789,kan
910,2,0.24060150980949402,kan
911,2,0.2565707266330719,kan
912,0,0.125,kan
913,0,0.13461539149284363,kan
914,0,0.13461539149284363,kan
915,0,0.12621359527111053,kan
916,0,0.13592232763767242,kan
917,0,0.12745098769664764,kan
918,0,0.11764705926179886,kan
919,0,0.12745098769664764,kan
912,1,0.24137930572032928,kan
913,1,0.2284482717514038,kan
914,1,0.25,kan
915,1,0.23706896603107452,kan
916,1,0.23275862634181976,kan
917,1,0.23376622796058655,kan
918,1,0.21739129722118378,kan
919,1,0.20000000298023224,kan
912,2,0.22778473794460297,kan
913,2,0.21917808055877686,kan
914,2,0.22528159618377686,kan
915,2,0.22624999284744263,kan
916,2,0.22903630137443542,kan
917,2,0.23462985455989838,kan
918,2,0.2248743772506714,kan
919,2,0.22767294943332672,kan
920,0,0.13333334028720856,kan
921,0,0.13483145833015442,kan
922,0,0.13483145833015442,kan
923,0,0.1627907007932663,kan
924,0,0.151162788271904,kan
925,0,0.16470588743686676,kan
926,0,0.16470588743686676,kan
927,0,0.16470588743686676,kan
920,1,0.20085470378398895,kan
921,1,0.20425531268119812,kan
922,1,0.2222222238779068,kan
923,1,0.22608695924282074,kan
924,1,0.24347825348377228,kan
925,1,0.2130434811115265,kan
926,1,0.22368420660495758,kan
927,1,0.23245614767074585,kan
920,2,0.19203747808933258,kan
921,2,0.19248826801776886,kan
922,2,0.21615201234817505,kan
923,2,0.2243667095899582,kan
924,2,0.23292683064937592,kan
925,2,0.22127139568328857,kan
926,2,0.23161764442920685,kan
927,2,0.2294478565454483,kan
928,0,0.14705882966518402,kan
929,0,0.1846153885126114,kan
930,0,0.19696970283985138,kan
931,0,0.1818181872367859,kan
932,0,0.16923077404499054,kan
933,0,0.1818181872367859,kan
934,0,0.19696970283985138,kan
935,0,0.1818181872367859,kan
928,1,0.21459227800369263,kan
929,1,0.21739129722118378,kan
930,1,0.22807016968727112,kan
931,1,0.1965065449476242,kan
932,1,0.21929824352264404,kan
933,1,0.23144105076789856,kan
934,1,0.22270742058753967,kan
935,1,0.22707423567771912,kan
928,2,0.2060682624578476,kan
929,2,0.2183908075094223,kan
930,2,0.23498694598674774,kan
931,2,0.23188406229019165,kan
932,2,0.24735449254512787,kan
933,2,0.25298014283180237,kan
934,2,0.247682124376297,kan
935,2,0.24238410592079163,kan
936,0,0.18421052396297455,kan
937,0,0.14473684132099152,kan
938,0,0.13333334028720856,kan
939,0,0.14666666090488434,kan
940,0,0.11999999731779099,kan
941,0,0.1621621549129486,kan
942,0,0.14864864945411682,kan
943,0,0.14864864945411682,kan
936,1,0.2694300413131714,kan
937,1,0.2408376932144165,kan
938,1,0.23157894611358643,kan
939,1,0.2604166567325592,kan
940,1,0.23157894611358643,kan
941,1,0.2447916716337204,kan
942,1,0.23157894611358643,kan
943,1,0.23157894611358643,kan
936,2,0.20628930628299713,kan
937,2,0.2099236696958542,kan
938,2,0.22107969224452972,kan
939,2,0.23067010939121246,kan
940,2,0.2434895783662796,kan
941,2,0.23629242181777954,kan
942,2,0.22976501286029816,kan
943,2,0.22845953702926636,kan
944,0,0.08771929889917374,kan
945,0,0.07894736528396606,kan
946,0,0.07017543911933899,kan
947,0,0.0892857164144516,kan
948,0,0.09734513610601425,kan
949,0,0.10810811072587967,kan
950,0,0.09909909963607788,kan
951,0,0.09909909963607788,kan
944,1,0.1964285671710968,kan
945,1,0.2136363685131073,kan
946,1,0.2181818187236786,kan
947,1,0.19004525244235992,kan
948,1,0.2181818187236786,kan
949,1,0.20909090340137482,kan
950,1,0.20909090340137482,kan
951,1,0.20814479887485504,kan
944,2,0.19181585311889648,kan
945,2,0.20208604633808136,kan
946,2,0.20866142213344574,kan
947,2,0.22089947760105133,kan
948,2,0.2172185480594635,kan
949,2,0.23209549486637115,kan
950,2,0.2347480058670044,kan
951,2,0.21485410630702972,kan
952,0,0.1037735864520073,kan
953,0,0.0833333358168602,kan
954,0,0.09259258955717087,kan
955,0,0.10091742873191833,kan
956,0,0.10185185074806213,kan
957,0,0.11214952915906906,kan
958,0,0.1037735864520073,kan
959,0,0.11320754885673523,kan
952,1,0.20093457400798798,kan
953,1,0.19811320304870605,kan
954,1,0.19718310236930847,kan
955,1,0.20930232107639313,kan
956,1,0.20930232107639313,kan
957,1,0.2065727710723877,kan
958,1,0.2075471729040146,kan
959,1,0.2075471729040146,kan
952,2,0.2303120344877243,kan
953,2,0.22139672935009003,kan
954,2,0.23099851608276367,kan
955,2,0.2351190447807312,kan
956,2,0.25,kan
957,2,0.24029850959777832,kan
958,2,0.24101796746253967,kan
959,2,0.25299400091171265,kan
960,0,0.10000000149011612,kan
961,0,0.1111111119389534,kan
962,0,0.1111111119389534,kan
963,0,0.11224489659070969,kan
964,0,0.12244898080825806,kan
965,0,0.11224489659070969,kan
966,0,0.11224489659070969,kan
967,0,0.11224489659070969,kan
960,1,0.19004525244235992,kan
961,1,0.20361991226673126,kan
962,1,0.22171945869922638,kan
963,1,0.232876718044281,kan
964,1,0.2283104956150055,kan
965,1,0.2283104956150055,kan
966,1,0.21917808055877686,kan
967,1,0.21917808055877686,kan
960,2,0.22158274054527283,kan
961,2,0.21870504319667816,kan
962,2,0.24281609058380127,kan
963,2,0.24386724829673767,kan
964,2,0.23953823745250702,kan
965,2,0.2463976889848709,kan
966,2,0.24242424964904785,kan
967,2,0.2521613836288452,kan
968,0,0.3166666626930237,kan
969,0,0.32231405377388,kan
970,0,0.3166666626930237,kan
971,0,0.32499998807907104,kan
972,0,0.347457617521286,kan
973,0,0.33898305892944336,kan
974,0,0.32773110270500183,kan
975,0,0.347457617521286,kan
968,1,0.43382352590560913,kan
969,1,0.43703705072402954,kan
970,1,0.44691357016563416,kan
971,1,0.45679011940956116,kan
972,1,0.46039605140686035,kan
973,1,0.4516128897666931,kan
974,1,0.4378109574317932,kan
975,1,0.45024874806404114,kan
968,2,0.41798606514930725,kan
969,2,0.41931384801864624,kan
970,2,0.41867852210998535,kan
971,2,0.42657342553138733,kan
972,2,0.4198473393917084,kan
973,2,0.4098151624202728,kan
974,2,0.40828025341033936,kan
975,2,0.4150222837924957,kan
976,0,0.2982456088066101,kan
977,0,0.3097345232963562,kan
978,0,0.30909091234207153,kan
979,0,0.30630630254745483,kan
980,0,0.3211009204387665,kan
981,0,0.3302752375602722,kan
982,0,0.3486238420009613,kan
983,0,0.33944955468177795,kan
976,1,0.4545454680919647,kan
977,1,0.46630728244781494,kan
978,1,0.45945945382118225,kan
979,1,0.46216216683387756,kan
980,1,0.46739131212234497,kan
981,1,0.46049046516418457,kan
982,1,0.448369562625885,kan
983,1,0.4498645067214966,kan
976,2,0.41596364974975586,kan
977,2,0.41748204827308655,kan
978,2,0.41426700353622437,kan
979,2,0.4151315689086914,kan
980,2,0.41584157943725586,kan
981,2,0.4134742319583893,kan
982,2,0.41534391045570374,kan
983,2,0.4170522093772888,kan
984,0,0.30645161867141724,kan
985,0,0.2800000011920929,kan
986,0,0.3008130192756653,kan
987,0,0.27642276883125305,kan
988,0,0.3008130192756653,kan
989,0,0.32231405377388,kan
990,0,0.3388429880142212,kan
991,0,0.3388429880142212,kan
984,1,0.4082687199115753,kan
985,1,0.4036458432674408,kan
986,1,0.41623038053512573,kan
987,1,0.4192708432674408,kan
988,1,0.4119170904159546,kan
989,1,0.4109947681427002,kan
990,1,0.43421053886413574,kan
991,1,0.4432717561721802,kan
984,2,0.39872610569000244,kan
985,2,0.39540815353393555,kan
986,2,0.3951561450958252,kan
987,2,0.3910827934741974,kan
988,2,0.3928571343421936,kan
989,2,0.3910827934741974,kan
990,2,0.3943841755390167,kan
991,2,0.39283430576324463,kan
992,0,0.28125,kan
993,0,0.2945736348628998,kan
994,0,0.3046875,kan
995,0,0.3046875,kan
996,0,0.3125,kan
997,0,0.31496062874794006,kan
998,0,0.33870968222618103,kan
999,0,0.31707316637039185,kan
992,1,0.3880208432674408,kan
993,1,0.3916448950767517,kan
994,1,0.40740740299224854,kan
995,1,0.4168865382671356,kan
996,1,0.4323607385158539,kan
997,1,0.4547872245311737,kan
998,1,0.437333345413208,kan
999,1,0.4224599003791809,kan
992,2,0.3492940366268158,kan
993,2,0.3562653660774231,kan
994,2,0.36262375116348267,kan
995,2,0.3667905926704407,kan
996,2,0.36747363209724426,kan
997,2,0.3695652186870575,kan
998,2,0.3662935197353363,kan
999,2,0.3683229684829712,kan
1000,0,0.3660714328289032,kan
1001,0,0.3482142984867096,kan
1002,0,0.3333333432674408,kan
1003,0,0.3125,kan
1004,0,0.3333333432674408,kan
1005,0,0.36036035418510437,kan
1006,0,0.36936935782432556,kan
1007,0,0.342342346906662,kan
1000,1,0.4000000059604645,kan
1001,1,0.41223403811454773,kan
1002,1,0.4139784872531891,kan
1003,1,0.40591397881507874,kan
1004,1,0.41961851716041565,kan
1005,1,0.45205479860305786,kan
1006,1,0.4532966911792755,kan
1007,1,0.4575342535972595,kan
1000,2,0.3781841993331909,kan
1001,2,0.3829093277454376,kan
1002,2,0.38713911175727844,kan
1003,2,0.3881579041481018,kan
1004,2,0.40529802441596985,kan
1005,2,0.41982701420783997,kan
1006,2,0.41860464215278625,kan
1007,2,0.41588786244392395,kan
1008,0,0.3030303120613098,kan
1009,0,0.3030303120613098,kan
1010,0,0.3333333432674408,kan
1011,0,0.3333333432674408,kan
1012,0,0.3181818127632141,kan
1013,0,0.31060606241226196,kan
1014,0,0.3181818127632141,kan
1015,0,0.3030303120613098,kan
1008,1,0.4175257682800293,kan
1009,1,0.3994845449924469,kan
1010,1,0.4025641083717346,kan
1011,1,0.4082687199115753,kan
1012,1,0.41298702359199524,kan
1013,1,0.40992167592048645,kan
1014,1,0.4088541567325592,kan
1015,1,0.3984375,kan
1008,2,0.4171696901321411,kan
1009,2,0.40912139415740967,kan
1010,2,0.4060402810573578,kan
1011,2,0.4055144488811493,kan
1012,2,0.40498653054237366,kan
1013,2,0.40648210048675537,kan
1014,2,0.4050033688545227,kan
1015,2,0.40202704071998596,kan
1016,0,0.3140496015548706,kan
1017,0,0.29411765933036804,kan
1018,0,0.2916666567325592,kan
1019,0,0.30000001192092896,kan
1020,0,0.31092438101768494,kan
1021,0,0.29411765933036804,kan
1022,0,0.3166666626930237,kan
1023,0,0.32773110270500183,kan
1016,1,0.3777777850627899,kan
1017,1,0.3629629611968994,kan
1018,1,0.36543211340904236,kan
1019,1,0.36049383878707886,kan
1020,1,0.36881187558174133,kan
1021,1,0.3681592047214508,kan
1022,1,0.3681592047214508,kan
1023,1,0.3819095492362976,kan
1016,2,0.395114928483963,kan
1017,2,0.3876967132091522,kan
1018,2,0.39164867997169495,kan
1019,2,0.40274766087532043,kan
1020,2,0.4203636348247528,kan
1021,2,0.41301169991493225,kan
1022,2,0.4102189838886261,kan
1023,2,0.4054054021835327,kan
1024,0,0.32773110270500183,kan
1025,0,0.3193277418613434,kan
1026,0,0.31355932354927063,kan
1027,0,0.2711864411830902,kan
1028,0,0.24369747936725616,kan
1029,0,0.2288135588169098,kan
1030,0,0.2521008551120758,kan
1031,0,0.28099173307418823,kan
1024,1,0.44285714626312256,kan
1025,1,0.4297994375228882,kan
1026,1,0.41547277569770813,kan
1027,1,0.39255014061927795,kan
1028,1,0.38395416736602783,kan
1029,1,0.3649425208568573,kan
1030,1,0.36103153228759766,kan
1031,1,0.36467236280441284,kan
1024,2,0.40505415201187134,kan
1025,2,0.40115857124328613,kan
1026,2,0.3896951973438263,kan
1027,2,0.38366156816482544,kan
1028,2,0.37636762857437134,kan
1029,2,0.36761486530303955,kan
1030,2,0.35953420400619507,kan
1031,2,0.3701818287372589,kan
1032,0,0.28070175647735596,kan
1033,0,0.2869565188884735,kan
1034,0,0.313043475151062,kan
1035,0,0.27826085686683655,kan
1036,0,0.2931034564971924,kan
1037,0,0.2931034564971924,kan
1038,0,0.27586206793785095,kan
1039,0,0.24137930572032928,kan
1032,1,0.338150292634964,kan
1033,1,0.3419540226459503,kan
1034,1,0.36206895112991333,kan
1035,1,0.3400576412677765,kan
1036,1,0.343839555978775,kan
1037,1,0.34188035130500793,kan
1038,1,0.34375,kan
1039,1,0.36023053526878357,kan
1032,2,0.3373403549194336,kan
1033,2,0.3365890383720398,kan
1034,2,0.3506787419319153,kan
1035,2,0.34391534328460693,kan
1036,2,0.3470456302165985,kan
1037,2,0.33851853013038635,kan
1038,2,0.3462109863758087,kan
1039,2,0.3536036014556885,kan
1040,0,0.15492957830429077,kan
1041,0,0.1690140813589096,kan
1042,0,0.18309858441352844,kan
1043,0,0.14084507524967194,kan
1044,0,0.14084507524967194,kan
1045,0,0.1690140813589096,kan
1046,0,0.14084507524967194,kan
1047,0,0.14084507524967194,kan
1040,1,0.20720720291137695,kan
1041,1,0.2136363685131073,kan
1042,1,0.21266968548297882,kan
1043,1,0.20361991226673126,kan
1044,1,0.1764705926179886,kan
1045,1,0.20814479887485504,kan
1046,1,0.2054794579744339,kan
1047,1,0.22374428808689117,kan
1040,2,0.24563953280448914,kan
1041,2,0.25773194432258606,kan
1042,2,0.2677514851093292,kan
1043,2,0.25915080308914185,kan
1044,2,0.26035502552986145,kan
1045,2,0.2751479148864746,kan
1046,2,0.2759643793106079,kan
1047,2,0.27123695611953735,kan
1048,0,0.10606060922145844,kan
1049,0,0.13846154510974884,kan
1050,0,0.1538461595773697,kan
1051,0,0.1538461595773697,kan
1052,0,0.16923077404499054,kan
1053,0,0.16923077404499054,kan
1054,0,0.16923077404499054,kan
1055,0,0.13846154510974884,kan
1048,1,0.23157894611358643,kan
1049,1,0.23655913770198822,kan
1050,1,0.2393617033958435,kan
1051,1,0.24468085169792175,kan
1052,1,0.23529411852359772,kan
1053,1,0.2526881694793701,kan
1054,1,0.2245989292860031,kan
1055,1,0.1989247351884842,kan
1048,2,0.28407225012779236,kan
1049,2,0.2947019934654236,kan
1050,2,0.30514097213745117,kan
1051,2,0.30936455726623535,kan
1052,2,0.28762543201446533,kan
1053,2,0.2902684509754181,kan
1054,2,0.28355705738067627,kan
1055,2,0.2830820679664612,kan
1056,0,0.16923077404499054,kan
1057,0,0.15625,kan
1058,0,0.109375,kan
1059,0,0.109375,kan
1060,0,0.109375,kan
1061,0,0.1111111119389534,kan
1062,0,0.1428571492433548,kan
1063,0,0.1269841343164444,kan
1056,1,0.20555555820465088,kan
1057,1,0.2247191071510315,kan
1058,1,0.18994413316249847,kan
1059,1,0.1910112351179123,kan
1060,1,0.20338982343673706,kan
1061,1,0.17514124512672424,kan
1062,1,0.22727273404598236,kan
1063,1,0.22285714745521545,kan
1056,2,0.2136222869157791,kan
1057,2,0.23712947964668274,kan
1058,2,0.23307086527347565,kan
1059,2,0.23444975912570953,kan
1060,2,0.24242424964904785,kan
1061,2,0.2207999974489212,kan
1062,2,0.24358974397182465,kan
1063,2,0.23993559181690216,kan
1064,0,0.0923076942563057,kan
1065,0,0.1538461595773697,kan
1066,0,0.13846154510974884,kan
1067,0,0.1230769231915474,kan
1068,0,0.0923076942563057,kan
1069,0,0.16923077404499054,kan
1070,0,0.13846154510974884,kan
1071,0,0.0923076942563057,kan
1064,1,0.19075144827365875,kan
1065,1,0.19767442345619202,kan
1066,1,0.20467835664749146,kan
1067,1,0.19411765038967133,kan
1068,1,0.16470588743686676,kan
1069,1,0.19883041083812714,kan
1070,1,0.1823529452085495,kan
1071,1,0.1764705926179886,kan
1064,2,0.19224806129932404,kan
1065,2,0.2037617564201355,kan
1066,2,0.1996830403804779,kan
1067,2,0.19457735121250153,kan
1068,2,0.18810290098190308,kan
1069,2,0.20096462965011597,kan
1070,2,0.19547657668590546,kan
1071,2,0.1944894641637802,kan
1072,0,0.10000000149011612,kan
1073,0,0.10000000149011612,kan
1074,0,0.10000000149011612,kan
1075,0,0.0714285746216774,kan
1076,0,0.08571428805589676,kan
1077,0,0.10000000149011612,kan
1078,0,0.05714285746216774,kan
1079,0,0.11428571492433548,kan
1072,1,0.1834319531917572,kan
1073,1,0.16470588743686676,kan
1074,1,0.17159762978553772,kan
1075,1,0.1607142835855484,kan
1076,1,0.1547619104385376,kan
1077,1,0.1547619104385376,kan
1078,1,0.1369047611951828,kan
1079,1,0.1547619104385376,kan
1072,2,0.18989546597003937,kan
1073,2,0.20069807767868042,kan
1074,2,0.20244328677654266,kan
1075,2,0.19859401881694794,kan
1076,2,0.19156414270401,kan
1077,2,0.18133802711963654,kan
1078,2,0.17253521084785461,kan
1079,2,0.17605634033679962,kan
1080,0,0.1304347813129425,kan
1081,0,0.10869564861059189,kan
1082,0,0.15217390656471252,kan
1083,0,0.1304347813129425,kan
1084,0,0.08695652335882187,kan
1085,0,0.08695652335882187,kan
1086,0,0.08695652335882187,kan
1087,0,0.08695652335882187,kan
1080,1,0.14465409517288208,kan
1081,1,0.138364776968956,kan
1082,1,0.16352201998233795,kan
1083,1,0.138364776968956,kan
1084,1,0.11320754885673523,kan
1085,1,0.14465409517288208,kan
1086,1,0.10062892735004425,kan
1087,1,0.11949685215950012,kan
1080,2,0.16423358023166656,kan
1081,2,0.162705659866333,kan
1082,2,0.17032967507839203,kan
1083,2,0.157798171043396,kan
1084,2,0.13577981293201447,kan
1085,2,0.1651376187801361,kan
1086,2,0.1376146823167801,kan
1087,2,0.1376146823167801,kan
1088,0,0.3207547068595886,kan
1089,0,0.33018869161605835,kan
1090,0,0.33018869161605835,kan
1091,0,0.33018869161605835,kan
1092,0,0.349056601524353,kan
1093,0,0.35849055647850037,kan
1094,0,0.35849055647850037,kan
1095,0,0.3396226465702057,kan
1088,1,0.39162561297416687,kan
1089,1,0.39162561297416687,kan
1090,1,0.403940886259079,kan
1091,1,0.4137931168079376,kan
1092,1,0.4137931168079376,kan
1093,1,0.41871920228004456,kan
1094,1,0.41133004426956177,kan
1095,1,0.39408865571022034,kan
1088,2,0.32926830649375916,kan
1089,2,0.33197832107543945,kan
1090,2,0.3290453553199768,kan
1091,2,0.33918920159339905,kan
1092,2,0.3414141535758972,kan
1093,2,0.34139785170555115,kan
1094,2,0.3360215127468109,kan
1095,2,0.32637953758239746,kan
1096,0,0.315315306186676,kan
1097,0,0.30630630254745483,kan
1098,0,0.28828829526901245,kan
1099,0,0.30630630254745483,kan
1100,0,0.33944955468177795,kan
1101,0,0.3486238420009613,kan
1102,0,0.35779815912246704,kan
1103,0,0.3486238420009613,kan
1096,1,0.4211956560611725,kan
1097,1,0.41734418272972107,kan
1098,1,0.41304346919059753,kan
1099,1,0.4027026891708374,kan
1100,1,0.4207650125026703,kan
1101,1,0.40109890699386597,kan
1102,1,0.40547946095466614,kan
1103,1,0.4356164336204529,kan
1096,2,0.3949579894542694,kan
1097,2,0.3809192180633545,kan
1098,2,0.3821478486061096,kan
1099,2,0.3828451931476593,kan
1100,2,0.3777932822704315,kan
1101,2,0.36376211047172546,kan
1102,2,0.36093857884407043,kan
1103,2,0.375342458486557,kan
1104,0,0.30434781312942505,kan
1105,0,0.3115941882133484,kan
1106,0,0.3115941882133484,kan
1107,0,0.3333333432674408,kan
1108,0,0.34057971835136414,kan
1109,0,0.3188405930995941,kan
1110,0,0.34057971835136414,kan
1111,0,0.3478260934352875,kan
1104,1,0.3093922734260559,kan
1105,1,0.31123387813568115,kan
1106,1,0.3180147111415863,kan
1107,1,0.33639705181121826,kan
1108,1,0.34191176295280457,kan
1109,1,0.34558823704719543,kan
1110,1,0.3559632897377014,kan
1111,1,0.36330273747444153,kan
1104,2,0.24706482887268066,kan
1105,2,0.2387682944536209,kan
1106,2,0.2427135705947876,kan
1107,2,0.25,kan
1108,2,0.26156142354011536,kan
1109,2,0.2706467807292938,kan
1110,2,0.28550148010253906,kan
1111,2,0.2925136387348175,kan
1112,0,0.3288590610027313,kan
1113,0,0.34228187799453735,kan
1114,0,0.34228187799453735,kan
1115,0,0.3758389353752136,kan
1116,0,0.3624161183834076,kan
1117,0,0.34228187799453735,kan
1118,0,0.34228187799453735,kan
1119,0,0.3154362440109253,kan
1112,1,0.3128930926322937,kan
1113,1,0.31446540355682373,kan
1114,1,0.33018869161605835,kan
1115,1,0.3522012531757355,kan
1116,1,0.3411949574947357,kan
1117,1,0.3207547068595886,kan
1118,1,0.31446540355682373,kan
1119,1,0.3113207519054413,kan
1112,2,0.2939252257347107,kan
1113,2,0.29827022552490234,kan
1114,2,0.30812326073646545,kan
1115,2,0.3272642493247986,kan
1116,2,0.3213786780834198,kan
1117,2,0.3028891086578369,kan
1118,2,0.2951582968235016,kan
1119,2,0.2851162850856781,kan
1120,0,0.27464789152145386,kan
1121,0,0.23943662643432617,kan
1122,0,0.20714285969734192,kan
1123,0,0.1785714328289032,kan
1124,0,0.18705035746097565,kan
1125,0,0.19708029925823212,kan
1126,0,0.18978102505207062,kan
1127,0,0.16058394312858582,kan
1120,1,0.2828618884086609,kan
1121,1,0.2525252401828766,kan
1122,1,0.18305084109306335,kan
1123,1,0.1503378450870514,kan
1124,1,0.17094017565250397,kan
1125,1,0.17435897886753082,kan
1126,1,0.16385135054588318,kan
1127,1,0.14940577745437622,kan
1120,2,0.3181076645851135,kan
1121,2,0.26127612590789795,kan
1122,2,0.19140625,kan
1123,2,0.14763231575489044,kan
1124,2,0.16459977626800537,kan
1125,2,0.19077448546886444,kan
1126,2,0.1967686116695404,kan
1127,2,0.1990632265806198,kan
1128,0,0.10370370000600815,kan
1129,0,0.13333334028720856,kan
1130,0,0.1666666716337204,kan
1131,0,0.19083969295024872,kan
1132,0,0.17692308127880096,kan
1133,0,0.17322835326194763,kan
1134,0,0.19200000166893005,kan
1135,0,0.19672131538391113,kan
1128,1,0.12241379171609879,kan
1129,1,0.1649305522441864,kan
1130,1,0.19649122655391693,kan
1131,1,0.20921985805034637,kan
1132,1,0.19821429252624512,kan
1133,1,0.2007233202457428,kan
1134,1,0.20588235557079315,kan
1135,1,0.19109462201595306,kan
1128,2,0.09185441583395004,kan
1129,2,0.14021927118301392,kan
1130,2,0.16160458326339722,kan
1131,2,0.16753022372722626,kan
1132,2,0.1667652279138565,kan
1133,2,0.16465620696544647,kan
1134,2,0.17305314540863037,kan
1135,2,0.16991819441318512,kan
1136,0,0.1489361673593521,kan
1137,0,0.12857143580913544,kan
1138,0,0.12230215966701508,kan
1139,0,0.11594203114509583,kan
1140,0,0.10218977928161621,kan
1141,0,0.09558823704719543,kan
1142,0,0.07407407462596893,kan
1143,0,0.06716418266296387,kan
1136,1,0.1483420580625534,kan
1137,1,0.13787084817886353,kan
1138,1,0.125,kan
1139,1,0.1236749142408371,kan
1140,1,0.11545293033123016,kan
1141,1,0.1014234870672226,kan
1142,1,0.0854092538356781,kan
1143,1,0.06049821898341179,kan
1136,2,0.10607866197824478,kan
1137,2,0.1178985983133316,kan
1138,2,0.125,kan
1139,2,0.1320512890815735,kan
1140,2,0.12899023294448853,kan
1141,2,0.1206328272819519,kan
1142,2,0.10159362852573395,kan
1143,2,0.07954545319080353,kan
1144,0,0.057851240038871765,kan
1145,0,0.024793388321995735,kan
1146,0,0.02500000037252903,kan
1147,0,0.03333333507180214,kan
1148,0,0.05000000074505806,kan
1149,0,0.02521008439362049,kan
1150,0,0.042016807943582535,kan
1151,0,0.06722689419984818,kan
1144,1,0.06047516316175461,kan
1145,1,0.043290045112371445,kan
1146,1,0.03695652261376381,kan
1147,1,0.026143791154026985,kan
1148,1,0.034934498369693756,kan
1149,1,0.034934498369693756,kan
1150,1,0.04803493618965149,kan
1151,1,0.061135370284318924,kan
1144,2,0.018387552350759506,kan
1145,2,0.02010050229728222,kan
1146,2,0.02045288495719433,kan
1147,2,0.02074074000120163,kan
1148,2,0.029104476794600487,kan
1149,2,0.044327571988105774,kan
1150,2,0.06797583401203156,kan
1151,2,0.08610271662473679,kan
1152,0,0.09345794469118118,kan
1153,0,0.09345794469118118,kan
1154,0,0.10280373692512512,kan
1155,0,0.11214952915906906,kan
1156,0,0.10280373692512512,kan
1157,0,0.11214952915906906,kan
1158,0,0.10280373692512512,kan
1159,0,0.11214952915906906,kan
1152,1,0.08020050078630447,kan
1153,1,0.09273182600736618,kan
1154,1,0.10723192244768143,kan
1155,1,0.10999999940395355,kan
1156,1,0.11249999701976776,kan
1157,1,0.11749999970197678,kan
1158,1,0.11528822034597397,kan
1159,1,0.12030075490474701,kan
1152,2,0.07792207598686218,kan
1153,2,0.08512160181999207,kan
1154,2,0.09232954680919647,kan
1155,2,0.09496811032295227,kan
1156,2,0.0983026847243309,kan
1157,2,0.0983026847243309,kan
1158,2,0.10106007009744644,kan
1159,2,0.10764872282743454,kan
1160,0,0.09900990128517151,kan
1161,0,0.10891088843345642,kan
1162,0,0.10891088843345642,kan
1163,0,0.12871287763118744,kan
1164,0,0.11881188303232193,kan
1165,0,0.12871287763118744,kan
1166,0,0.13725490868091583,kan
1167,0,0.12745098769664764,kan
1160,1,0.11944444477558136,kan
1161,1,0.125,kan
1162,1,0.13966479897499084,kan
1163,1,0.14804469048976898,kan
1164,1,0.14525139331817627,kan
1165,1,0.15168538689613342,kan
1166,1,0.15126051008701324,kan
1167,1,0.1488763988018036,kan
1160,2,0.14195866882801056,kan
1161,2,0.1459265947341919,kan
1162,2,0.14795008301734924,kan
1163,2,0.15199999511241913,kan
1164,2,0.15240642428398132,kan
1165,2,0.15625,kan
1166,2,0.15625,kan
1167,2,0.15075825154781342,kan
1168,0,0.1946902722120285,kan
1169,0,0.20353981852531433,kan
1170,0,0.1946902722120285,kan
1171,0,0.18584071099758148,kan
1172,0,0.18584071099758148,kan
1173,0,0.18584071099758148,kan
1174,0,0.1666666716337204,kan
1175,0,0.15789473056793213,kan
1168,1,0.2056277096271515,kan
1169,1,0.20390455424785614,kan
1170,1,0.20390455424785614,kan
1171,1,0.19956615567207336,kan
1172,1,0.20000000298023224,kan
1173,1,0.197826087474823,kan
1174,1,0.19389978051185608,kan
1175,1,0.1895424872636795,kan
1168,2,0.3535911738872528,kan
1169,2,0.3527239263057709,kan
1170,2,0.3462963104248047,kan
1171,2,0.34697675704956055,kan
1172,2,0.3529411852359772,kan
1173,2,0.3479887843132019,kan
1174,2,0.3430178165435791,kan
1175,2,0.3414634168148041,kan
1176,0,0.12403100728988647,kan
1177,0,0.140625,kan
1178,0,0.140625,kan
1179,0,0.125,kan
1180,0,0.12598425149917603,kan
1181,0,0.13385826349258423,kan
1182,0,0.13385826349258423,kan
1183,0,0.14960630238056183,kan
1176,1,0.19346733391284943,kan
1177,1,0.21265822649002075,kan
1178,1,0.21628499031066895,kan
1179,1,0.20663265883922577,kan
1180,1,0.20460358262062073,kan
1181,1,0.20716112852096558,kan
1182,1,0.19437339901924133,kan
1183,1,0.19693094491958618,kan
1176,2,0.3162650465965271,kan
1177,2,0.3313008248806,kan
1178,2,0.3288934528827667,kan
1179,2,0.33022773265838623,kan
1180,2,0.3326381742954254,kan
1181,2,0.3298429250717163,kan
1182,2,0.3141361176967621,kan
1183,2,0.31832459568977356,kan
1184,0,0.171875,kan
1185,0,0.171875,kan
1186,0,0.15625,kan
1187,0,0.1484375,kan
1188,0,0.15625,kan
1189,0,0.1484375,kan
1190,0,0.171875,kan
1191,0,0.1472868174314499,kan
1184,1,0.19750000536441803,kan
1185,1,0.18250000476837158,kan
1186,1,0.20000000298023224,kan
1187,1,0.19651740789413452,kan
1188,1,0.20099255442619324,kan
1189,1,0.2014925330877304,kan
1190,1,0.22750000655651093,kan
1191,1,0.23499999940395355,kan
1184,2,0.283973753452301,kan
1185,2,0.2780395746231079,kan
1186,2,0.29489603638648987,kan
1187,2,0.29131653904914856,kan
1188,2,0.2871652841567993,kan
1189,2,0.29059040546417236,kan
1190,2,0.3159366250038147,kan
1191,2,0.3354838788509369,kan
1192,0,0.15942029654979706,kan
1193,0,0.18840579688549042,kan
1194,0,0.22058823704719543,kan
1195,0,0.21167883276939392,kan
1196,0,0.2014925330877304,kan
1197,0,0.2132352888584137,kan
1198,0,0.21481481194496155,kan
1199,0,0.21481481194496155,kan
1192,1,0.21338912844657898,kan
1193,1,0.22058823704719543,kan
1194,1,0.24731183052062988,kan
1195,1,0.24101479351520538,kan
1196,1,0.23225806653499603,kan
1197,1,0.23655913770198822,kan
1198,1,0.25161290168762207,kan
1199,1,0.24946236610412598,kan
1192,2,0.252517431974411,kan
1193,2,0.2669260799884796,kan
1194,2,0.29567307233810425,kan
1195,2,0.30824658274650574,kan
1196,2,0.32747069001197815,kan
1197,2,0.3366834223270416,kan
1198,2,0.3551088869571686,kan
1199,2,0.357621431350708,kan
1200,0,0.11290322244167328,kan
1201,0,0.08064515888690948,kan
1202,0,0.08064515888690948,kan
1203,0,0.08064515888690948,kan
1204,0,0.0634920671582222,kan
1205,0,0.11290322244167328,kan
1206,0,0.1111111119389534,kan
1207,0,0.1111111119389534,kan
1200,1,0.04984423518180847,kan
1201,1,0.04049844294786453,kan
1202,1,0.04984423518180847,kan
1203,1,0.05295950174331665,kan
1204,1,0.05919003114104271,kan
1205,1,0.06542056053876877,kan
1206,1,0.06230529770255089,kan
1207,1,0.06521739065647125,kan
1200,2,0.15243902802467346,kan
1201,2,0.13569937646389008,kan
1202,2,0.13097712397575378,kan
1203,2,0.13664595782756805,kan
1204,2,0.14822547137737274,kan
1205,2,0.1530398279428482,kan
1206,2,0.15226337313652039,kan
1207,2,0.14906832575798035,kan
1208,0,0.05681818351149559,kan
1209,0,0.05681818351149559,kan
1210,0,0.06818182021379471,kan
1211,0,0.05681818351149559,kan
1212,0,0.07954545319080353,kan
1213,0,0.04545454680919647,kan
1214,0,0.04545454680919647,kan
1215,0,0.05681818351149559,kan
1208,1,0.07058823853731155,kan
1209,1,0.058139536529779434,kan
1210,1,0.08235294371843338,kan
1211,1,0.09019608050584793,kan
1212,1,0.09055118262767792,kan
1213,1,0.07058823853731155,kan
1214,1,0.07086614519357681,kan
1215,1,0.06692913174629211,kan
1208,2,0.15144766867160797,kan
1209,2,0.14000000059604645,kan
1210,2,0.1629464328289032,kan
1211,2,0.15625,kan
1212,2,0.1655328869819641,kan
1213,2,0.15717539191246033,kan
1214,2,0.13605442643165588,kan
1215,2,0.1480637788772583,kan
1216,0,0.03809523954987526,kan
1217,0,0.01904761977493763,kan
1218,0,0.01904761977493763,kan
1219,0,0.0476190485060215,kan
1220,0,0.02857142873108387,kan
1221,0,0.02857142873108387,kan
1222,0,0.01886792480945587,kan
1223,0,0.01904761977493763,kan
1216,1,0.062043797224760056,kan
1217,1,0.05128205195069313,kan
1218,1,0.05514705926179886,kan
1219,1,0.05882352963089943,kan
1220,1,0.04779411852359772,kan
1221,1,0.05860805884003639,kan
1222,1,0.09191176295280457,kan
1223,1,0.05882352963089943,kan
1216,2,0.11860940605401993,kan
1217,2,0.11134020984172821,kan
1218,2,0.11363636702299118,kan
1219,2,0.1141078844666481,kan
1220,2,0.125,kan
1221,2,0.11134020984172821,kan
1222,2,0.1260162591934204,kan
1223,2,0.12008281797170639,kan
1224,0,0.019417475908994675,kan
1225,0,0.03883495181798935,kan
1226,0,0.019417475908994675,kan
1227,0,0.03883495181798935,kan
1228,0,0.058252427726984024,kan
1229,0,0.06796116381883621,kan
1230,0,0.029126213863492012,kan
1231,0,0.03883495181798935,kan
1224,1,0.06498195230960846,kan
1225,1,0.06137184053659439,kan
1226,1,0.06137184053659439,kan
1227,1,0.06137184053659439,kan
1228,1,0.06474819779396057,kan
1229,1,0.05415162444114685,kan
1230,1,0.05415162444114685,kan
1231,1,0.04693140834569931,kan
1224,2,0.07758620381355286,kan
1225,2,0.095238097012043,kan
1226,2,0.1183035746216774,kan
1227,2,0.13073395192623138,kan
1228,2,0.14055299758911133,kan
1229,2,0.14318706095218658,kan
1230,2,0.13333334028720856,kan
1231,2,0.10829493403434753,kan
1232,0,0.042016807943582535,kan
1233,0,0.008403361774981022,kan
1234,0,0.03361344709992409,kan
1235,0,0.03361344709992409,kan
1236,0,0.016806723549962044,kan
1237,0,0.02521008439362049,kan
1238,0,0.03361344709992409,kan
1239,0,0.008403361774981022,kan
1232,1,0.014084506779909134,kan
1233,1,0.02142857201397419,kan
1234,1,0.0357142873108387,kan
1235,1,0.05860805884003639,kan
1236,1,0.05128205195069313,kan
1237,1,0.0476190485060215,kan
1238,1,0.05128205195069313,kan
1239,1,0.03663003817200661,kan
1232,2,0.012232416309416294,kan
1233,2,0.015243902802467346,kan
1234,2,0.03554868698120117,kan
1235,2,0.06441223621368408,kan
1236,2,0.09703947603702545,kan
1237,2,0.08760330826044083,kan
1238,2,0.1006600633263588,kan
1239,2,0.08099173754453659,kan
1240,0,0.03478260710835457,kan
1241,0,0.017391303554177284,kan
1242,0,0.017391303554177284,kan
1243,0,0.03478260710835457,kan
1244,0,0.017391303554177284,kan
1245,0,0.0260869562625885,kan
1246,0,0.03478260710835457,kan
1247,0,0.03478260710835457,kan
1240,1,0.027027027681469917,kan
1241,1,0.04109589010477066,kan
1242,1,0.06976744532585144,kan
1243,1,0.060465116053819656,kan
1244,1,0.055813953280448914,kan
1245,1,0.07906977087259293,kan
1246,1,0.0651162788271904,kan
1247,1,0.06976744532585144,kan
1240,2,0.0301204826682806,kan
1241,2,0.036437246948480606,kan
1242,2,0.06694560497999191,kan
1243,2,0.0982532724738121,kan
1244,2,0.1150442510843277,kan
1245,2,0.12860310077667236,kan
1246,2,0.1308203935623169,kan
1247,2,0.11086474359035492,kan
1248,0,0.13924050331115723,kan
1249,0,0.15189872682094574,kan
1250,0,0.15189872682094574,kan
1251,0,0.13924050331115723,kan
1252,0,0.1265822798013687,kan
1253,0,0.13924050331115723,kan
1254,0,0.17721518874168396,kan
1255,0,0.20253165066242218,kan
1248,1,0.18490566313266754,kan
1249,1,0.1924528330564499,kan
1250,1,0.2037735879421234,kan
1251,1,0.20000000298023224,kan
1252,1,0.2075471729040146,kan
1253,1,0.22264151275157928,kan
1254,1,0.23773585259914398,kan
1255,1,0.2490566074848175,kan
1248,2,0.3229508101940155,kan
1249,2,0.3163934350013733,kan
1250,2,0.3393442630767822,kan
1251,2,0.34918034076690674,kan
1252,2,0.35245901346206665,kan
1253,2,0.37704917788505554,kan
1254,2,0.4000000059604645,kan
1255,2,0.42459017038345337,kan
1256,0,0.22093023359775543,kan
1257,0,0.24418604373931885,kan
1258,0,0.25581395626068115,kan
1259,0,0.24418604373931885,kan
1260,0,0.27586206793785095,kan
1261,0,0.27586206793785095,kan
1262,0,0.27586206793785095,kan
1263,0,0.28735631704330444,kan
1256,1,0.20307692885398865,kan
1257,1,0.22461538016796112,kan
1258,1,0.22461538016796112,kan
1259,1,0.2461538463830948,kan
1260,1,0.27076923847198486,kan
1261,1,0.29230770468711853,kan
1262,1,0.3107692301273346,kan
1263,1,0.3107692301273346,kan
1256,2,0.2867884039878845,kan
1257,2,0.3050483465194702,kan
1258,2,0.32116004824638367,kan
1259,2,0.3351235091686249,kan
1260,2,0.3555316925048828,kan
1261,2,0.38990333676338196,kan
1262,2,0.4156820476055145,kan
1263,2,0.44468313455581665,kan
1264,0,0.2752293646335602,kan
1265,0,0.3211009204387665,kan
1266,0,0.33944955468177795,kan
1267,0,0.35779815912246704,kan
1268,0,0.3761467933654785,kan
1269,0,0.38532111048698425,kan
1270,0,0.38532111048698425,kan
1271,0,0.44954127073287964,kan
1264,1,0.2775000035762787,kan
1265,1,0.32499998807907104,kan
1266,1,0.3499999940395355,kan
1267,1,0.375,kan
1268,1,0.4000000059604645,kan
1269,1,0.41749998927116394,kan
1270,1,0.46000000834465027,kan
1271,1,0.5074999928474426,kan
1264,2,0.2610837519168854,kan
1265,2,0.2980295419692993,kan
1266,2,0.33442622423171997,kan
1267,2,0.3754098415374756,kan
1268,2,0.42213115096092224,kan
1269,2,0.4516393542289734,kan
1270,2,0.4860655665397644,kan
1271,2,0.5421785712242126,kan
1272,0,0.3834586441516876,kan
1273,0,0.4060150384902954,kan
1274,0,0.518796980381012,kan
1275,0,0.5563910007476807,kan
1276,0,0.6015037298202515,kan
1277,0,0.6315789222717285,kan
1278,0,0.6940298676490784,kan
1279,0,0.7388059496879578,kan
1272,1,0.38840070366859436,kan
1273,1,0.40949034690856934,kan
1274,1,0.47803163528442383,kan
1275,1,0.5079085826873779,kan
1276,1,0.5500878691673279,kan
1277,1,0.6028119325637817,kan
1278,1,0.6643233895301819,kan
1279,1,0.7205623984336853,kan
1272,2,0.10775637626647949,kan
1273,2,0.11382114142179489,kan
1274,2,0.15089641511440277,kan
1275,2,0.17323601245880127,kan
1276,2,0.20200572907924652,kan
1277,2,0.23493409156799316,kan
1278,2,0.29466789960861206,kan
1279,2,0.3554724156856537,kan
1280,0,0.7655172348022461,kan
1281,0,0.7862069010734558,kan
1282,0,0.8413792848587036,kan
1283,0,0.8918918967247009,kan
1284,0,0.8918918967247009,kan
1285,0,0.8799999952316284,kan
1286,0,0.8600000143051147,kan
1287,0,0.8266666531562805,kan
1280,1,0.6786786913871765,kan
1281,1,0.7192192077636719,kan
1282,1,0.759759783744812,kan
1283,1,0.8033033013343811,kan
1284,1,0.804804801940918,kan
1285,1,0.8018018007278442,kan
1286,1,0.7972972989082336,kan
1287,1,0.7837837934494019,kan
1280,2,0.18076151609420776,kan
1281,2,0.20393700897693634,kan
1282,2,0.23513302206993103,kan
1283,2,0.2710937559604645,kan
1284,2,0.28454333543777466,kan
1285,2,0.28203123807907104,kan
1286,2,0.2734375,kan
1287,2,0.25810229778289795,kan
1288,0,0.06521739065647125,kan
1289,0,0.09782608598470688,kan
1290,0,0.08695652335882187,kan
1291,0,0.08695652335882187,kan
1292,0,0.08695652335882187,kan
1293,0,0.08695652335882187,kan
1294,0,0.09782608598470688,kan
1295,0,0.09782608598470688,kan
1288,1,0.10588235408067703,kan
1289,1,0.12941177189350128,kan
1290,1,0.10980392247438431,kan
1291,1,0.10980392247438431,kan
1292,1,0.12156862765550613,kan
1293,1,0.12941177189350128,kan
1294,1,0.13725490868091583,kan
1295,1,0.1411764770746231,kan
1288,2,0.169366717338562,kan
1289,2,0.169366717338562,kan
1290,2,0.17820324003696442,kan
1291,2,0.19293078780174255,kan
1292,2,0.20147058367729187,kan
1293,2,0.19587628543376923,kan
1294,2,0.19293078780174255,kan
1295,2,0.21354933083057404,kan
1296,0,0.07207207381725311,kan
1297,0,0.0810810774564743,kan
1298,0,0.09009008854627609,kan
1299,0,0.09009008854627609,kan
1300,0,0.0810810774564743,kan
1301,0,0.07207207381725311,kan
1302,0,0.07207207381725311,kan
1303,0,0.07207207381725311,kan
1296,1,0.11864406615495682,kan
1297,1,0.12542372941970825,kan
1298,1,0.1152542382478714,kan
1299,1,0.12542372941970825,kan
1300,1,0.10847457498311996,kan
1301,1,0.11864406615495682,kan
1302,1,0.11186441034078598,kan
1303,1,0.12203390151262283,kan
1296,2,0.16460396349430084,kan
1297,2,0.16913580894470215,kan
1298,2,0.16707921028137207,kan
1299,2,0.1656365841627121,kan
1300,2,0.15508684515953064,kan
1301,2,0.16521738469600677,kan
1302,2,0.17932751774787903,kan
1303,2,0.17683686316013336,kan
1304,0,0.06818182021379471,kan
1305,0,0.05303030461072922,kan
1306,0,0.06818182021379471,kan
1307,0,0.04545454680919647,kan
1308,0,0.06818182021379471,kan
1309,0,0.06060606241226196,kan
1310,0,0.07575757801532745,kan
1311,0,0.05303030461072922,kan
1304,1,0.13636364042758942,kan
1305,1,0.12396693974733353,kan
1306,1,0.11570248007774353,kan
1307,1,0.12809917330741882,kan
1308,1,0.1316872388124466,kan
1309,1,0.14049586653709412,kan
1310,1,0.12396693974733353,kan
1311,1,0.12809917330741882,kan
1304,2,0.1907433420419693,kan
1305,2,0.1859154999256134,kan
1306,2,0.1763046532869339,kan
1307,2,0.1763046532869339,kan
1308,2,0.17721518874168396,kan
1309,2,0.17440225183963776,kan
1310,2,0.17489421367645264,kan
1311,2,0.15558698773384094,kan
1312,0,0.050847455859184265,kan
1313,0,0.0683760717511177,kan
1314,0,0.043103449046611786,kan
1315,0,0.06034482643008232,kan
1316,0,0.0517241396009922,kan
1317,0,0.03418803587555885,kan
1318,0,0.04273504391312599,kan
1319,0,0.03448275849223137,kan
1312,1,0.12173912674188614,kan
1313,1,0.10043668001890182,kan
1314,1,0.13100436329841614,kan
1315,1,0.117903932929039,kan
1316,1,0.09606987237930298,kan
1317,1,0.10087719559669495,kan
1318,1,0.09210526198148727,kan
1319,1,0.07894736528396606,kan
1312,2,0.13821138441562653,kan
1313,2,0.12449255585670471,kan
1314,2,0.13333334028720856,kan
1315,2,0.13623978197574615,kan
1316,2,0.12551160156726837,kan
1317,2,0.11459754407405853,kan
1318,2,0.10807113349437714,kan
1319,2,0.07818929851055145,kan
1320,0,0.016129031777381897,kan
1321,0,0.024193547666072845,kan
1322,0,0.024193547666072845,kan
1323,0,0.024193547666072845,kan
1324,0,0.04838709533214569,kan
1325,0,0.024193547666072845,kan
1326,0,0.024193547666072845,kan
1327,0,0.024193547666072845,kan
1320,1,0.043824702501297,kan
1321,1,0.035999998450279236,kan
1322,1,0.035433072596788406,kan
1323,1,0.048192769289016724,kan
1324,1,0.06425702571868896,kan
1325,1,0.0401606410741806,kan
1326,1,0.04435483738780022,kan
1327,1,0.052419353276491165,kan
1320,2,0.08121827244758606,kan
1321,2,0.07601351290941238,kan
1322,2,0.07419899106025696,kan
1323,2,0.07993197441101074,kan
1324,2,0.0762711837887764,kan
1325,2,0.07020547986030579,kan
1326,2,0.0877796933054924,kan
1327,2,0.08793103694915771,kan
1328,0,0.02857142873108387,kan
1329,0,0.009615384973585606,kan
1330,0,0.028846153989434242,kan
1331,0,0.009615384973585606,kan
1332,0,0.048076923936605453,kan
1333,0,0.01923076994717121,kan
1334,0,0.01923076994717121,kan
1335,0,0.028846153989434242,kan
1328,1,0.05472636967897415,kan
1329,1,0.03999999910593033,kan
1330,1,0.059405941516160965,kan
1331,1,0.03999999910593033,kan
1332,1,0.060301508754491806,kan
1333,1,0.04500000178813934,kan
1334,1,0.05000000074505806,kan
1335,1,0.04020100459456444,kan
1328,2,0.09367681294679642,kan
1329,2,0.08430913090705872,kan
1330,2,0.07692307978868484,kan
1331,2,0.07764706015586853,kan
1332,2,0.08899297565221786,kan
1333,2,0.08177570253610611,kan
1334,2,0.0699300691485405,kan
1335,2,0.07511737197637558,kan
1336,0,0.34838709235191345,kan
1337,0,0.34193548560142517,kan
1338,0,0.3354838788509369,kan
1339,0,0.34838709235191345,kan
1340,0,0.3354838788509369,kan
1341,0,0.2967741787433624,kan
1342,0,0.2774193584918976,kan
1343,0,0.3032258152961731,kan
1336,1,0.33707866072654724,kan
1337,1,0.33707866072654724,kan
1338,1,0.3408239781856537,kan
1339,1,0.34644195437431335,kan
1340,1,0.35393258929252625,kan
1341,1,0.3595505654811859,kan
1342,1,0.36142322421073914,kan
1343,1,0.3838951289653778,kan
1336,2,0.4068111479282379,kan
1337,2,0.40296661853790283,kan
1338,2,0.4050554931163788,kan
1339,2,0.4110012352466583,kan
1340,2,0.4193548262119293,kan
1341,2,0.4436137080192566,kan
1342,2,0.45789146423339844,kan
1343,2,0.4591391086578369,kan
1344,0,0.317241370677948,kan
1345,0,0.31506848335266113,kan
1346,0,0.3287671208381653,kan
1347,0,0.3767123222351074,kan
1348,0,0.3835616409778595,kan
1349,0,0.38620689511299133,kan
1350,0,0.4000000059604645,kan
1351,0,0.39726027846336365,kan
1344,1,0.3379073739051819,kan
1345,1,0.3298968970775604,kan
1346,1,0.3396880328655243,kan
1347,1,0.35304346680641174,kan
1348,1,0.365217387676239,kan
1349,1,0.36695653200149536,kan
1350,1,0.3773913085460663,kan
1351,1,0.38608697056770325,kan
1344,2,0.3766007125377655,kan
1345,2,0.39600470662117004,kan
1346,2,0.40070921182632446,kan
1347,2,0.41632169485092163,kan
1348,2,0.4299287497997284,kan
1349,2,0.4440454840660095,kan
1350,2,0.44970059394836426,kan
1351,2,0.46190762519836426,kan
1352,0,0.34117648005485535,kan
1353,0,0.3294117748737335,kan
1354,0,0.3176470696926117,kan
1355,0,0.3294117748737335,kan
1356,0,0.34705883264541626,kan
1357,0,0.3529411852359772,kan
1358,0,0.3529411852359772,kan
1359,0,0.3529411852359772,kan
1352,1,0.34697216749191284,kan
1353,1,0.3409835994243622,kan
1354,1,0.35139572620391846,kan
1355,1,0.37828946113586426,kan
1356,1,0.3996710479259491,kan
1357,1,0.4118616282939911,kan
1358,1,0.4151565134525299,kan
1359,1,0.42339372634887695,kan
1352,2,0.45207667350769043,kan
1353,2,0.45610278844833374,kan
1354,2,0.4632313549518585,kan
1355,2,0.49220010638237,kan
1356,2,0.5177610516548157,kan
1357,2,0.5304254293441772,kan
1358,2,0.5368874669075012,kan
1359,2,0.5419806241989136,kan
1360,0,0.32967033982276917,kan
1361,0,0.32967033982276917,kan
1362,0,0.3461538553237915,kan
1363,0,0.3461538553237915,kan
1364,0,0.3461538553237915,kan
1365,0,0.3186813294887543,kan
1366,0,0.32967033982276917,kan
1367,0,0.32967033982276917,kan
1360,1,0.35463258624076843,kan
1361,1,0.3633440434932709,kan
1362,1,0.3752012848854065,kan
1363,1,0.3814935088157654,kan
1364,1,0.3741829991340637,kan
1365,1,0.38283827900886536,kan
1366,1,0.3979932963848114,kan
1367,1,0.4033898413181305,kan
1360,2,0.4554455578327179,kan
1361,2,0.4774373173713684,kan
1362,2,0.4966292083263397,kan
1363,2,0.5153933763504028,kan
1364,2,0.5300925970077515,kan
1365,2,0.5503830313682556,kan
1366,2,0.5703125,kan
1367,2,0.5699513554573059,kan
1368,0,0.3125,kan
1369,0,0.3291139304637909,kan
1370,0,0.35031846165657043,kan
1371,0,0.34193548560142517,kan
1372,0,0.3290322721004486,kan
1373,0,0.33986929059028625,kan
1374,0,0.3245033025741577,kan
1375,0,0.3112582862377167,kan
1368,1,0.3264925479888916,kan
1369,1,0.35316699743270874,kan
1370,1,0.37964776158332825,kan
1371,1,0.4004024267196655,kan
1372,1,0.41224488615989685,kan
1373,1,0.4070248007774353,kan
1374,1,0.4117647111415863,kan
1375,1,0.3949579894542694,kan
1368,2,0.4261874258518219,kan
1369,2,0.46657752990722656,kan
1370,2,0.525874137878418,kan
1371,2,0.5657225847244263,kan
1372,2,0.6012039184570312,kan
1373,2,0.6124328374862671,kan
1374,2,0.6010844111442566,kan
1375,2,0.5759689807891846,kan
1376,0,0.25,kan
1377,0,0.26744186878204346,kan
1378,0,0.25,kan
1379,0,0.24561403691768646,kan
1380,0,0.2163742631673813,kan
1381,0,0.2163742631673813,kan
1382,0,0.2163742631673813,kan
1383,0,0.21052631735801697,kan
1376,1,0.33467742800712585,kan
1377,1,0.31717172265052795,kan
1378,1,0.30894309282302856,kan
1379,1,0.3203285336494446,kan
1380,1,0.3084886074066162,kan
1381,1,0.3084886074066162,kan
1382,1,0.30641821026802063,kan
1383,1,0.30641821026802063,kan
1376,2,0.4466608762741089,kan
1377,2,0.4490699768066406,kan
1378,2,0.4544626474380493,kan
1379,2,0.48272642493247986,kan
1380,2,0.49952244758605957,kan
1381,2,0.500484049320221,kan
1382,2,0.492233008146286,kan
1383,2,0.4888457953929901,kan
1384,0,0.02857142873108387,kan
1385,0,0.04285714402794838,kan
1386,0,0.04285714402794838,kan
1387,0,0.04285714402794838,kan
1388,0,0.02857142873108387,kan
1389,0,0.02857142873108387,kan
1390,0,0.02857142873108387,kan
1391,0,0.02857142873108387,kan
1384,1,0.044052861630916595,kan
1385,1,0.04845815151929855,kan
1386,1,0.05286343768239021,kan
1387,1,0.05726872384548187,kan
1388,1,0.05726872384548187,kan
1389,1,0.05286343768239021,kan
1390,1,0.05726872384548187,kan
1391,1,0.04845815151929855,kan
1384,2,0.1338289976119995,kan
1385,2,0.13754646480083466,kan
1386,2,0.1598512977361679,kan
1387,2,0.17843866348266602,kan
1388,2,0.17843866348266602,kan
1389,2,0.17472119629383087,kan
1390,2,0.17100371420383453,kan
1391,2,0.1672862470149994,kan
1392,0,0.0,kan
1393,0,0.02857142873108387,kan
1394,0,0.04285714402794838,kan
1395,0,0.02857142873108387,kan
1396,0,0.05714285746216774,kan
1397,0,0.0714285746216774,kan
1398,0,0.0714285746216774,kan
1399,0,0.0714285746216774,kan
1392,1,0.039603959769010544,kan
1393,1,0.059405941516160965,kan
1394,1,0.06930693238973618,kan
1395,1,0.059405941516160965,kan
1396,1,0.07425742596387863,kan
1397,1,0.07920791953802109,kan
1398,1,0.07425742596387863,kan
1399,1,0.07425742596387863,kan
1392,2,0.08576998114585876,kan
1393,2,0.10331384092569351,kan
1394,2,0.1111111119389534,kan
1395,2,0.10721247643232346,kan
1396,2,0.1111111119389534,kan
1397,2,0.11500974744558334,kan
1398,2,0.11890838295221329,kan
1399,2,0.12085770070552826,kan
1400,0,0.05681818351149559,kan
1401,0,0.05681818351149559,kan
1402,0,0.05681818351149559,kan
1403,0,0.05681818351149559,kan
1404,0,0.05681818351149559,kan
1405,0,0.05681818351149559,kan
1406,0,0.05681818351149559,kan
1407,0,0.05681818351149559,kan
1400,1,0.0904255285859108,kan
1401,1,0.0797872319817543,kan
1402,1,0.10106383264064789,kan
1403,1,0.10638298094272614,kan
1404,1,0.0904255285859108,kan
1405,1,0.09574468433856964,kan
1406,1,0.10106383264064789,kan
1407,1,0.10106383264064789,kan
1400,2,0.13250517845153809,kan
1401,2,0.13250517845153809,kan
1402,2,0.15320910513401031,kan
1403,2,0.15320910513401031,kan
1404,2,0.14699792861938477,kan
1405,2,0.14462809264659882,kan
1406,2,0.1528925597667694,kan
1407,2,0.1528925597667694,kan
1408,0,0.05747126415371895,kan
1409,0,0.06896551698446274,kan
1410,0,0.08045977354049683,kan
1411,0,0.09195402264595032,kan
1412,0,0.09195402264595032,kan
1413,0,0.09195402264595032,kan
1414,0,0.09195402264595032,kan
1415,0,0.09195402264595032,kan
1408,1,0.07599999755620956,kan
1409,1,0.08799999952316284,kan
1410,1,0.09200000017881393,kan
1411,1,0.09600000083446503,kan
1412,1,0.09600000083446503,kan
1413,1,0.10400000214576721,kan
1414,1,0.10000000149011612,kan
1415,1,0.10400000214576721,kan
1408,2,0.1595330685377121,kan
1409,2,0.16342411935329437,kan
1410,2,0.16342411935329437,kan
1411,2,0.16342411935329437,kan
1412,2,0.16342411935329437,kan
1413,2,0.16147859394550323,kan
1414,2,0.16926069557666779,kan
1415,2,0.17704279720783234,kan
1416,0,0.09638553857803345,kan
1417,0,0.09638553857803345,kan
1418,0,0.09638553857803345,kan
1419,0,0.08433734625577927,kan
1420,0,0.08433734625577927,kan
1421,0,0.09638553857803345,kan
1422,0,0.09638553857803345,kan
1423,0,0.09638553857803345,kan
1416,1,0.1071428582072258,kan
1417,1,0.1071428582072258,kan
1418,1,0.1071428582072258,kan
1419,1,0.0982142835855484,kan
1420,1,0.125,kan
1421,1,0.12556053698062897,kan
1422,1,0.13901345431804657,kan
1423,1,0.1569506675004959,kan
1416,2,0.14862681925296783,kan
1417,2,0.14701130986213684,kan
1418,2,0.14862681925296783,kan
1419,2,0.1599353849887848,kan
1420,2,0.17447495460510254,kan
1421,2,0.1809369921684265,kan
1422,2,0.19386106729507446,kan
1423,2,0.19870759546756744,kan
1424,0,0.08860759437084198,kan
1425,0,0.08974359184503555,kan
1426,0,0.10256410390138626,kan
1427,0,0.07692307978868484,kan
1428,0,0.08974359184503555,kan
1429,0,0.12820513546466827,kan
1430,0,0.14102564752101898,kan
1431,0,0.11538461595773697,kan
1424,1,0.11857707798480988,kan
1425,1,0.1111111119389534,kan
1426,1,0.12399999797344208,kan
1427,1,0.12851405143737793,kan
1428,1,0.12851405143737793,kan
1429,1,0.15199999511241913,kan
1430,1,0.164000004529953,kan
1431,1,0.1526104360818863,kan
1424,2,0.22281639277935028,kan
1425,2,0.22800718247890472,kan
1426,2,0.24596050381660461,kan
1427,2,0.25585585832595825,kan
1428,2,0.24864864349365234,kan
1429,2,0.27207207679748535,kan
1430,2,0.2828828692436218,kan
1431,2,0.29549551010131836,kan
1432,0,0.1204819306731224,kan
1433,0,0.1325301229953766,kan
1434,0,0.1325301229953766,kan
1435,0,0.1807228922843933,kan
1436,0,0.16867469251155853,kan
1437,0,0.1807228922843933,kan
1438,0,0.16867469251155853,kan
1439,0,0.16867469251155853,kan
1432,1,0.14338235557079315,kan
1433,1,0.15808823704719543,kan
1434,1,0.15808823704719543,kan
1435,1,0.18450184166431427,kan
1436,1,0.19557195901870728,kan
1437,1,0.20588235557079315,kan
1438,1,0.21033211052417755,kan
1439,1,0.21033211052417755,kan
1432,2,0.22356091439723969,kan
1433,2,0.24429529905319214,kan
1434,2,0.24429529905319214,kan
1435,2,0.2728494703769684,kan
1436,2,0.28360214829444885,kan
1437,2,0.29973119497299194,kan
1438,2,0.31182795763015747,kan
1439,2,0.32258063554763794,kan
1440,0,0.12962962687015533,kan
1441,0,0.12962962687015533,kan
1442,0,0.14814814925193787,kan
1443,0,0.17592592537403107,kan
1444,0,0.17592592537403107,kan
1445,0,0.20370370149612427,kan
1446,0,0.21296297013759613,kan
1447,0,0.20370370149612427,kan
1440,1,0.2125435471534729,kan
1441,1,0.23693379759788513,kan
1442,1,0.25874125957489014,kan
1443,1,0.2622377574443817,kan
1444,1,0.2762237787246704,kan
1445,1,0.29720279574394226,kan
1446,1,0.30069929361343384,kan
1447,1,0.3041957914829254,kan
1440,2,0.26935312151908875,kan
1441,2,0.2863202691078186,kan
1442,2,0.30116650462150574,kan
1443,2,0.3213149607181549,kan
1444,2,0.331919401884079,kan
1445,2,0.3467656373977661,kan
1446,2,0.3605514168739319,kan
1447,2,0.3796394467353821,kan
1448,0,0.17592592537403107,kan
1449,0,0.2222222238779068,kan
1450,0,0.2641509473323822,kan
1451,0,0.2830188572406769,kan
1452,0,0.3113207519054413,kan
1453,0,0.3113207519054413,kan
1454,0,0.35849055647850037,kan
1455,0,0.349056601524353,kan
1448,1,0.22131147980690002,kan
1449,1,0.24043716490268707,kan
1450,1,0.265193372964859,kan
1451,1,0.3083333373069763,kan
1452,1,0.3435754179954529,kan
1453,1,0.37535014748573303,kan
1454,1,0.4073033630847931,kan
1455,1,0.40616247057914734,kan
1448,2,0.30472102761268616,kan
1449,2,0.32674118876457214,kan
1450,2,0.3526361286640167,kan
1451,2,0.40225890278816223,kan
1452,2,0.4365217387676239,kan
1453,2,0.4634782671928406,kan
1454,2,0.5017391443252563,kan
1455,2,0.5173913240432739,kan
1456,0,0.036764707416296005,kan
1457,0,0.05882352963089943,kan
1458,0,0.06617647409439087,kan
1459,0,0.07352941483259201,kan
1460,0,0.0882352963089943,kan
1461,0,0.09558823704719543,kan
1462,0,0.11764705926179886,kan
1463,0,0.14705882966518402,kan
1456,1,0.061093248426914215,kan
1457,1,0.09324758499860764,kan
1458,1,0.10932476073503494,kan
1459,1,0.12540192902088165,kan
1460,1,0.15755626559257507,kan
1461,1,0.18327973783016205,kan
1462,1,0.21221864223480225,kan
1463,1,0.25401929020881653,kan
1456,2,0.08232931792736053,kan
1457,2,0.10742972046136856,kan
1458,2,0.13152609765529633,kan
1459,2,0.15763051807880402,kan
1460,2,0.1867469847202301,kan
1461,2,0.2158634513616562,kan
1462,2,0.26305219531059265,kan
1463,2,0.31526103615760803,kan
1464,0,0.1369047611951828,kan
1465,0,0.1488095223903656,kan
1466,0,0.1882352977991104,kan
1467,0,0.24855491518974304,kan
1468,0,0.3040935695171356,kan
1469,0,0.364705890417099,kan
1470,0,0.47058823704719543,kan
1471,0,0.5621301531791687,kan
1464,1,0.1407528668642044,kan
1465,1,0.16207455098628998,kan
1466,1,0.18095238506793976,kan
1467,1,0.2199687957763672,kan
1468,1,0.2863849699497223,kan
1469,1,0.3629159927368164,kan
1470,1,0.47049441933631897,kan
1471,1,0.5894909501075745,kan
1464,2,0.1302264779806137,kan
1465,2,0.14493373036384583,kan
1466,2,0.1603340357542038,kan
1467,2,0.19059304893016815,kan
1468,2,0.24409127235412598,kan
1469,2,0.31647634506225586,kan
1470,2,0.4087769091129303,kan
1471,2,0.5002059936523438,kan
1472,0,0.5600000023841858,kan
1473,0,0.5056818127632141,kan
1474,0,0.4722222089767456,kan
1475,0,0.5083798766136169,kan
1476,0,0.5755813717842102,kan
1477,0,0.5833333134651184,kan
1478,0,0.5481927990913391,kan
1479,0,0.4727272689342499,kan
1472,1,0.4977511167526245,kan
1473,1,0.4601770043373108,kan
1474,1,0.4544117748737335,kan
1475,1,0.48507463932037354,kan
1476,1,0.5059701204299927,kan
1477,1,0.5348837375640869,kan
1478,1,0.5894909501075745,kan
1479,1,0.5572390556335449,kan
1472,2,0.45021817088127136,kan
1473,2,0.4234338700771332,kan
1474,2,0.4017651677131653,kan
1475,2,0.42529183626174927,kan
1476,2,0.46467816829681396,kan
1477,2,0.4993864893913269,kan
1478,2,0.5826318264007568,kan
1479,2,0.5846438407897949,kan
1480,0,0.4195804297924042,kan
1481,0,0.4027777910232544,kan
1482,0,0.3507462739944458,kan
1483,0,0.3233082592487335,kan
1484,0,0.27272728085517883,kan
1485,0,0.21969696879386902,kan
1486,0,0.1818181872367859,kan
1487,0,0.15909090638160706,kan
1480,1,0.3887587785720825,kan
1481,1,0.42821159958839417,kan
1482,1,0.4119241237640381,kan
1483,1,0.4196428656578064,kan
1484,1,0.41082802414894104,kan
1485,1,0.35504886507987976,kan
1486,1,0.2950819730758667,kan
1487,1,0.24590164422988892,kan
1480,2,0.3839170038700104,kan
1481,2,0.40857142210006714,kan
1482,2,0.4134165346622467,kan
1483,2,0.4303135871887207,kan
1484,2,0.4760039150714874,kan
1485,2,0.4371807873249054,kan
1486,2,0.38317757844924927,kan
1487,2,0.322245329618454,kan
1488,0,0.12244898080825806,kan
1489,0,0.13684210181236267,kan
1490,0,0.12765957415103912,kan
1491,0,0.08602150529623032,kan
1492,0,0.11827956885099411,kan
1493,0,0.06382978707551956,kan
1494,0,0.08602150529623032,kan
1495,0,0.05376344174146652,kan
1488,1,0.0749063640832901,kan
1489,1,0.0833333358168602,kan
1490,1,0.10288065671920776,kan
1491,1,0.09829059988260269,kan
1492,1,0.12831857800483704,kan
1493,1,0.11261261254549026,kan
1494,1,0.11818181723356247,kan
1495,1,0.10454545170068741,kan
1488,2,0.10923276841640472,kan
1489,2,0.11049723625183105,kan
1490,2,0.1348148137331009,kan
1491,2,0.1486068069934845,kan
1492,2,0.1856677532196045,kan
1493,2,0.19524617493152618,kan
1494,2,0.1838487982749939,kan
1495,2,0.14604811370372772,kan
1496,0,0.16883116960525513,kan
1497,0,0.16883116960525513,kan
1498,0,0.12987013161182404,kan
1499,0,0.12987013161182404,kan
1500,0,0.12987013161182404,kan
1501,0,0.12987013161182404,kan
1502,0,0.11688311398029327,kan
1503,0,0.1428571492433548,kan
1496,1,0.16988417506217957,kan
1497,1,0.16988417506217957,kan
1498,1,0.1434108465909958,kan
1499,1,0.12595419585704803,kan
1500,1,0.16988417506217957,kan
1501,1,0.17175573110580444,kan
1502,1,0.17374517023563385,kan
1503,1,0.16923077404499054,kan
1496,2,0.19865772128105164,kan
1497,2,0.19594594836235046,kan
1498,2,0.19425444304943085,kan
1499,2,0.1918918937444687,kan
1500,2,0.2120383083820343,kan
1501,2,0.20600272715091705,kan
1502,2,0.2049180269241333,kan
1503,2,0.2120383083820343,kan
1504,0,0.12162162363529205,kan
1505,0,0.12328767031431198,kan
1506,0,0.1780821979045868,kan
1507,0,0.1780821979045868,kan
1508,0,0.15068493783473969,kan
1509,0,0.15068493783473969,kan
1510,0,0.13698630034923553,kan
1511,0,0.14864864945411682,kan
1504,1,0.152985081076622,kan
1505,1,0.17358490824699402,kan
1506,1,0.15471698343753815,kan
1507,1,0.1423220932483673,kan
1508,1,0.15613383054733276,kan
1509,1,0.15789473056793213,kan
1510,1,0.16104869544506073,kan
1511,1,0.16853933036327362,kan
1504,2,0.2567114233970642,kan
1505,2,0.24749164283275604,kan
1506,2,0.25340136885643005,kan
1507,2,0.25833332538604736,kan
1508,2,0.2654424011707306,kan
1509,2,0.27072757482528687,kan
1510,2,0.2645590603351593,kan
1511,2,0.2633333206176758,kan
1512,0,0.11764705926179886,kan
1513,0,0.11764705926179886,kan
1514,0,0.10588235408067703,kan
1515,0,0.11764705926179886,kan
1516,0,0.11764705926179886,kan
1517,0,0.11764705926179886,kan
1518,0,0.12941177189350128,kan
1519,0,0.11764705926179886,kan
1512,1,0.16981132328510284,kan
1513,1,0.14393939077854156,kan
1514,1,0.16287878155708313,kan
1515,1,0.15355804562568665,kan
1516,1,0.16165412962436676,kan
1517,1,0.15530303120613098,kan
1518,1,0.15849056839942932,kan
1519,1,0.1598512977361679,kan
1512,2,0.25762712955474854,kan
1513,2,0.27272728085517883,kan
1514,2,0.273996502161026,kan
1515,2,0.2590673565864563,kan
1516,2,0.2644067704677582,kan
1517,2,0.2559322118759155,kan
1518,2,0.25342464447021484,kan
1519,2,0.24108658730983734,kan
1520,0,0.11224489659070969,kan
1521,0,0.1340206116437912,kan
1522,0,0.1340206116437912,kan
1523,0,0.11340206116437912,kan
1524,0,0.09278350323438644,kan
1525,0,0.10309278219938278,kan
1526,0,0.0824742242693901,kan
1527,0,0.09278350323438644,kan
1520,1,0.1345454603433609,kan
1521,1,0.145454540848732,kan
1522,1,0.13818182051181793,kan
1523,1,0.13503649830818176,kan
1524,1,0.13090908527374268,kan
1525,1,0.131386861205101,kan
1526,1,0.14652015268802643,kan
1527,1,0.13503649830818176,kan
1520,2,0.24221453070640564,kan
1521,2,0.24221453070640564,kan
1522,2,0.23711340129375458,kan
1523,2,0.23103448748588562,kan
1524,2,0.23183390498161316,kan
1525,2,0.2258620709180832,kan
1526,2,0.22687609493732452,kan
1527,2,0.22413793206214905,kan
1528,0,0.0810810774564743,kan
1529,0,0.09090909361839294,kan
1530,0,0.09909909963607788,kan
1531,0,0.06306306272745132,kan
1532,0,0.07339449226856232,kan
1533,0,0.06306306272745132,kan
1534,0,0.072727270424366,kan
1535,0,0.09090909361839294,kan
1528,1,0.14084507524967194,kan
1529,1,0.14953270554542542,kan
1530,1,0.1409090906381607,kan
1531,1,0.14553990960121155,kan
1532,1,0.14553990960121155,kan
1533,1,0.13679245114326477,kan
1534,1,0.13333334028720856,kan
1535,1,0.14485980570316315,kan
1528,2,0.21167883276939392,kan
1529,2,0.20588235557079315,kan
1530,2,0.20180180668830872,kan
1531,2,0.2068965584039688,kan
1532,2,0.21794871985912323,kan
1533,2,0.2209944725036621,kan
1534,2,0.21245421469211578,kan
1535,2,0.21441441774368286,kan
1536,0,0.09890110045671463,kan
1537,0,0.09782608598470688,kan
1538,0,0.08695652335882187,kan
1539,0,0.08695652335882187,kan
1540,0,0.10989011079072952,kan
1541,0,0.09782608598470688,kan
1542,0,0.05494505539536476,kan
1543,0,0.06593406945466995,kan
1536,1,0.1538461595773697,kan
1537,1,0.16355140507221222,kan
1538,1,0.13488371670246124,kan
1539,1,0.12206573039293289,kan
1540,1,0.1304347813129425,kan
1541,1,0.10798121988773346,kan
1542,1,0.1111111119389534,kan
1543,1,0.12135922163724899,kan
1536,2,0.19182948768138885,kan
1537,2,0.19395017623901367,kan
1538,2,0.197158083319664,kan
1539,2,0.1816546767950058,kan
1540,2,0.17290551960468292,kan
1541,2,0.15724381804466248,kan
1542,2,0.158273383975029,kan
1543,2,0.1484098881483078,kan
1544,0,0.1265822798013687,kan
1545,0,0.1139240488409996,kan
1546,0,0.11249999701976776,kan
1547,0,0.1139240488409996,kan
1548,0,0.10126582533121109,kan
1549,0,0.07692307978868484,kan
1550,0,0.05000000074505806,kan
1551,0,0.07500000298023224,kan
1544,1,0.09836065769195557,kan
1545,1,0.09836065769195557,kan
1546,1,0.0934959352016449,kan
1547,1,0.10788381844758987,kan
1548,1,0.09053497761487961,kan
1549,1,0.06557376682758331,kan
1550,1,0.08606557548046112,kan
1551,1,0.06147541105747223,kan
1544,2,0.1449541300535202,kan
1545,2,0.13661202788352966,kan
1546,2,0.14076782763004303,kan
1547,2,0.13577981293201447,kan
1548,2,0.1376146823167801,kan
1549,2,0.12059368938207626,kan
1550,2,0.10905729979276657,kan
1551,2,0.11796732991933823,kan
1552,0,0.07594936341047287,kan
1553,0,0.07500000298023224,kan
1554,0,0.08974359184503555,kan
1555,0,0.05000000074505806,kan
1556,0,0.06329113990068436,kan
1557,0,0.06329113990068436,kan
1558,0,0.06410256773233414,kan
1559,0,0.06410256773233414,kan
1552,1,0.09545454382896423,kan
1553,1,0.09259258955717087,kan
1554,1,0.08181817829608917,kan
1555,1,0.08411215245723724,kan
1556,1,0.0833333358168602,kan
1557,1,0.0917431190609932,kan
1558,1,0.07407407462596893,kan
1559,1,0.06572769582271576,kan
1552,2,0.15789473056793213,kan
1553,2,0.1434977650642395,kan
1554,2,0.13452914357185364,kan
1555,2,0.1383928507566452,kan
1556,2,0.1299559473991394,kan
1557,2,0.12751677632331848,kan
1558,2,0.13151927292346954,kan
1559,2,0.12756264209747314,kan
1560,0,0.06306306272745132,kan
1561,0,0.0446428582072258,kan
1562,0,0.02678571455180645,kan
1563,0,0.03539822995662689,kan
1564,0,0.054054055362939835,kan
1565,0,0.07207207381725311,kan
1566,0,0.027027027681469917,kan
1567,0,0.0535714291036129,kan
1560,1,0.05607476457953453,kan
1561,1,0.0607476644217968,kan
1562,1,0.04147465527057648,kan
1563,1,0.055813953280448914,kan
1564,1,0.06603773683309555,kan
1565,1,0.051643192768096924,kan
1566,1,0.04285714402794838,kan
1567,1,0.05140186846256256,kan
1560,2,0.09791667014360428,kan
1561,2,0.108829565346241,kan
1562,2,0.10493826866149902,kan
1563,2,0.09387755393981934,kan
1564,2,0.1085594967007637,kan
1565,2,0.09406953305006027,kan
1566,2,0.0920245423913002,kan
1567,2,0.09631147235631943,kan
1568,0,0.05263157933950424,kan
1569,0,0.06493506580591202,kan
1570,0,0.054054055362939835,kan
1571,0,0.03999999910593033,kan
1572,0,0.02631578966975212,kan
1573,0,0.02666666731238365,kan
1574,0,0.09090909361839294,kan
1575,0,0.06493506580591202,kan
1568,1,0.06914893537759781,kan
1569,1,0.07731958478689194,kan
1570,1,0.0797872319817543,kan
1571,1,0.07446808367967606,kan
1572,1,0.07894736528396606,kan
1573,1,0.09090909361839294,kan
1574,1,0.07329843193292618,kan
1575,1,0.04568528011441231,kan
1568,2,0.0929752066731453,kan
1569,2,0.10144927352666855,kan
1570,2,0.09894736856222153,kan
1571,2,0.09663865715265274,kan
1572,2,0.095238097012043,kan
1573,2,0.10020876675844193,kan
1574,2,0.09316769987344742,kan
1575,2,0.08860759437084198,kan
1576,0,0.0476190485060215,kan
1577,0,0.0317460335791111,kan
1578,0,0.0634920671582222,kan
1579,0,0.0634920671582222,kan
1580,0,0.09375,kan
1581,0,0.09375,kan
1582,0,0.1111111119389534,kan
1583,0,0.1111111119389534,kan
1576,1,0.08284023404121399,kan
1577,1,0.0710059180855751,kan
1578,1,0.08284023404121399,kan
1579,1,0.0941176488995552,kan
1580,1,0.10650887340307236,kan
1581,1,0.10650887340307236,kan
1582,1,0.1124260351061821,kan
1583,1,0.10059171915054321,kan
1576,2,0.11825192719697952,kan
1577,2,0.1230769231915474,kan
1578,2,0.1358974426984787,kan
1579,2,0.14795918762683868,kan
1580,2,0.15979380905628204,kan
1581,2,0.16321243345737457,kan
1582,2,0.15844155848026276,kan
1583,2,0.16103896498680115,kan
1584,0,0.11538461595773697,kan
1585,0,0.09615384787321091,kan
1586,0,0.09615384787321091,kan
1587,0,0.09615384787321091,kan
1588,0,0.09615384787321091,kan
1589,0,0.09615384787321091,kan
1590,0,0.07692307978868484,kan
1591,0,0.07692307978868484,kan
1584,1,0.0979020968079567,kan
1585,1,0.0902777761220932,kan
1586,1,0.1041666641831398,kan
1587,1,0.1180555522441864,kan
1588,1,0.11267605423927307,kan
1589,1,0.1538461595773697,kan
1590,1,0.1267605572938919,kan
1591,1,0.12056737393140793,kan
1584,2,0.10122164338827133,kan
1585,2,0.1022530347108841,kan
1586,2,0.1197916641831398,kan
1587,2,0.1339130401611328,kan
1588,2,0.14310646057128906,kan
1589,2,0.14059753715991974,kan
1590,2,0.1335676610469818,kan
1591,2,0.12653778493404388,kan
1592,0,0.09302325546741486,kan
1593,0,0.09090909361839294,kan
1594,0,0.1666666716337204,kan
1595,0,0.1666666716337204,kan
1596,0,0.1428571492433548,kan
1597,0,0.2195121943950653,kan
1598,0,0.17073170840740204,kan
1599,0,0.17073170840740204,kan
1592,1,0.0714285746216774,kan
1593,1,0.06410256773233414,kan
1594,1,0.10322580486536026,kan
1595,1,0.11764705926179886,kan
1596,1,0.16447368264198303,kan
1597,1,0.18918919563293457,kan
1598,1,0.232876718044281,kan
1599,1,0.21917808055877686,kan
1592,2,0.0877513736486435,kan
1593,2,0.09653916209936142,kan
1594,2,0.1270718276500702,kan
1595,2,0.15887850522994995,kan
1596,2,0.18045112490653992,kan
1597,2,0.20454545319080353,kan
1598,2,0.22857142984867096,kan
1599,2,0.22944550216197968,kan
1600,0,0.11666666716337204,kan
1601,0,0.10000000149011612,kan
1602,0,0.10000000149011612,kan
1603,0,0.13333334028720856,kan
1604,0,0.15000000596046448,kan
1605,0,0.15000000596046448,kan
1606,0,0.15000000596046448,kan
1607,0,0.13333334028720856,kan
1600,1,0.13615024089813232,kan
1601,1,0.13615024089813232,kan
1602,1,0.13615024089813232,kan
1603,1,0.15023474395275116,kan
1604,1,0.14084507524967194,kan
1605,1,0.14084507524967194,kan
1606,1,0.15023474395275116,kan
1607,1,0.16431924700737,kan
1600,2,0.18789808452129364,kan
1601,2,0.17675159871578217,kan
1602,2,0.17515923082828522,kan
1603,2,0.18471337854862213,kan
1604,2,0.17515923082828522,kan
1605,2,0.18312102556228638,kan
1606,2,0.19108280539512634,kan
1607,2,0.1958598792552948,kan
1608,0,0.13953489065170288,kan
1609,0,0.095238097012043,kan
1610,0,0.12195122241973877,kan
1611,0,0.19512194395065308,kan
1612,0,0.2195121943950653,kan
1613,0,0.2926829159259796,kan
1614,0,0.2195121943950653,kan
1615,0,0.2750000059604645,kan
1608,1,0.11489361524581909,kan
1609,1,0.09913793206214905,kan
1610,1,0.134782612323761,kan
1611,1,0.15283842384815216,kan
1612,1,0.15789473056793213,kan
1613,1,0.17621144652366638,kan
1614,1,0.18584071099758148,kan
1615,1,0.18141593039035797,kan
1608,2,0.11463414877653122,kan
1609,2,0.11260709911584854,kan
1610,2,0.13102595508098602,kan
1611,2,0.15710723400115967,kan
1612,2,0.18527919054031372,kan
1613,2,0.2050955444574356,kan
1614,2,0.21739129722118378,kan
1615,2,0.2186700701713562,kan
1616,0,0.260869562625885,kan
1617,0,0.239130437374115,kan
1618,0,0.20454545319080353,kan
1619,0,0.25,kan
1620,0,0.1818181872367859,kan
1621,0,0.13636364042758942,kan
1622,0,0.15909090638160706,kan
1623,0,0.27272728085517883,kan
1616,1,0.17748917639255524,kan
1617,1,0.17256636917591095,kan
1618,1,0.1696428507566452,kan
1619,1,0.1785714328289032,kan
1620,1,0.1607142835855484,kan
1621,1,0.1473214328289032,kan
1622,1,0.15625,kan
1623,1,0.1919642835855484,kan
1616,2,0.2223999947309494,kan
1617,2,0.23636363446712494,kan
1618,2,0.24237288534641266,kan
1619,2,0.2538330554962158,kan
1620,2,0.24061433970928192,kan
1621,2,0.23720136284828186,kan
1622,2,0.24061433970928192,kan
1623,2,0.28498294949531555,kan
1624,0,0.11428571492433548,kan
1625,0,0.15714286267757416,kan
1626,0,0.15942029654979706,kan
1627,0,0.1304347813129425,kan
1628,0,0.10144927352666855,kan
1629,0,0.11594203114509583,kan
1630,0,0.17391304671764374,kan
1631,0,0.17391304671764374,kan
1624,1,0.16033755242824554,kan
1625,1,0.17299577593803406,kan
1626,1,0.18025751411914825,kan
1627,1,0.16379310190677643,kan
1628,1,0.1465517282485962,kan
1629,1,0.15086206793785095,kan
1630,1,0.17241379618644714,kan
1631,1,0.18965516984462738,kan
1624,2,0.20860496163368225,kan
1625,2,0.21916010975837708,kan
1626,2,0.22679045796394348,kan
1627,2,0.20772303640842438,kan
1628,2,0.18533332645893097,kan
1629,2,0.19333332777023315,kan
1630,2,0.21199999749660492,kan
1631,2,0.2280000001192093,kan
1632,0,0.08888889104127884,kan
1633,0,0.08695652335882187,kan
1634,0,0.12087912112474442,kan
1635,0,0.12087912112474442,kan
1636,0,0.1538461595773697,kan
1637,0,0.13333334028720856,kan
1638,0,0.13483145833015442,kan
1639,0,0.15730337798595428,kan
1632,1,0.12340425699949265,kan
1633,1,0.13362069427967072,kan
1634,1,0.16309012472629547,kan
1635,1,0.179824560880661,kan
1636,1,0.20796459913253784,kan
1637,1,0.22072072327136993,kan
1638,1,0.22171945869922638,kan
1639,1,0.2304147481918335,kan
1632,2,0.1398252248764038,kan
1633,2,0.15829145908355713,kan
1634,2,0.17861634492874146,kan
1635,2,0.20025348663330078,kan
1636,2,0.22739018499851227,kan
1637,2,0.26155877113342285,kan
1638,2,0.2795698940753937,kan
1639,2,0.27346938848495483,kan
1640,0,0.13084112107753754,kan
1641,0,0.14018692076206207,kan
1642,0,0.08411215245723724,kan
1643,0,0.05607476457953453,kan
1644,0,0.056603774428367615,kan
1645,0,0.056603774428367615,kan
1646,0,0.07547169923782349,kan
1647,0,0.07547169923782349,kan
1640,1,0.15352697670459747,kan
1641,1,0.17521367967128754,kan
1642,1,0.13852813839912415,kan
1643,1,0.12173912674188614,kan
1644,1,0.134782612323761,kan
1645,1,0.13913042843341827,kan
1646,1,0.15217390656471252,kan
1647,1,0.16521738469600677,kan
1640,2,0.20827388763427734,kan
1641,2,0.24005891382694244,kan
1642,2,0.22188904881477356,kan
1643,2,0.209895059466362,kan
1644,2,0.2068965584039688,kan
1645,2,0.21889054775238037,kan
1646,2,0.22938530147075653,kan
1647,2,0.2368815541267395,kan
1648,0,0.04580152779817581,kan
1649,0,0.038167938590049744,kan
1650,0,0.03846153989434242,kan
1651,0,0.046875,kan
1652,0,0.05384615436196327,kan
1653,0,0.06400000303983688,kan
1654,0,0.07999999821186066,kan
1655,0,0.07999999821186066,kan
1648,1,0.10176990926265717,kan
1649,1,0.11999999731779099,kan
1650,1,0.12612612545490265,kan
1651,1,0.14155250787734985,kan
1652,1,0.14220184087753296,kan
1653,1,0.15789473056793213,kan
1654,1,0.16267941892147064,kan
1655,1,0.16267941892147064,kan
1648,2,0.13120567798614502,kan
1649,2,0.1560283750295639,kan
1650,2,0.17297297716140747,kan
1651,2,0.19521178305149078,kan
1652,2,0.2179732322692871,kan
1653,2,0.25544553995132446,kan
1654,2,0.26844263076782227,kan
1655,2,0.2736625373363495,kan
1656,0,0.09278350323438644,kan
1657,0,0.09473684430122375,kan
1658,0,0.08421052992343903,kan
1659,0,0.08510638028383255,kan
1660,0,0.08510638028383255,kan
1661,0,0.07446808367967606,kan
1662,0,0.09574468433856964,kan
1663,0,0.06382978707551956,kan
1656,1,0.1374407559633255,kan
1657,1,0.14077669382095337,kan
1658,1,0.15121951699256897,kan
1659,1,0.13235294818878174,kan
1660,1,0.13235294818878174,kan
1661,1,0.12745098769664764,kan
1662,1,0.14705882966518402,kan
1663,1,0.13725490868091583,kan
1656,2,0.13838550448417664,kan
1657,2,0.17495711147785187,kan
1658,2,0.21099290251731873,kan
1659,2,0.2060931921005249,kan
1660,2,0.2010771930217743,kan
1661,2,0.20646320283412933,kan
1662,2,0.20646320283412933,kan
1663,2,0.21364451944828033,kan
1664,0,0.0625,kan
1665,0,0.0625,kan
1666,0,0.09375,kan
1667,0,0.1041666641831398,kan
1668,0,0.08421052992343903,kan
1669,0,0.08421052992343903,kan
1670,0,0.09473684430122375,kan
1671,0,0.08421052992343903,kan
1664,1,0.10454545170068741,kan
1665,1,0.1085972860455513,kan
1666,1,0.12727272510528564,kan
1667,1,0.14746543765068054,kan
1668,1,0.1428571492433548,kan
1669,1,0.1428571492433548,kan
1670,1,0.13364055752754211,kan
1671,1,0.12442396581172943,kan
1664,2,0.16753022372722626,kan
1665,2,0.1764705926179886,kan
1666,2,0.1961471140384674,kan
1667,2,0.20530973374843597,kan
1668,2,0.2139037400484085,kan
1669,2,0.21746881306171417,kan
1670,2,0.2053571492433548,kan
1671,2,0.1964285671710968,kan
1672,0,0.47445255517959595,kan
1673,0,0.47445255517959595,kan
1674,0,0.5037037134170532,kan
1675,0,0.5037037134170532,kan
1676,0,0.4888888895511627,kan
1677,0,0.4740740656852722,kan
1678,0,0.49264705181121826,kan
1679,0,0.48905110359191895,kan
1672,1,0.48990824818611145,kan
1673,1,0.4862385392189026,kan
1674,1,0.48161765933036804,kan
1675,1,0.4834558963775635,kan
1676,1,0.47058823704719543,kan
1677,1,0.47329649329185486,kan
1678,1,0.48802947998046875,kan
1679,1,0.4861878454685211,kan
1672,2,0.32003986835479736,kan
1673,2,0.31770575046539307,kan
1674,2,0.3171828091144562,kan
1675,2,0.32067930698394775,kan
1676,2,0.31284359097480774,kan
1677,2,0.3178410828113556,kan
1678,2,0.3165000081062317,kan
1679,2,0.3084999918937683,kan
1680,0,0.4647887349128723,kan
1681,0,0.4647887349128723,kan
1682,0,0.4577464759349823,kan
1683,0,0.47887325286865234,kan
1684,0,0.4577464759349823,kan
1685,0,0.47887325286865234,kan
1686,0,0.4577464759349823,kan
1687,0,0.4507042169570923,kan
1680,1,0.5056818127632141,kan
1681,1,0.4990512430667877,kan
1682,1,0.4829545319080353,kan
1683,1,0.4952561557292938,kan
1684,1,0.4838709533214569,kan
1685,1,0.5028463006019592,kan
1686,1,0.4904943108558655,kan
1687,1,0.49239543080329895,kan
1680,2,0.36192017793655396,kan
1681,2,0.36084142327308655,kan
1682,2,0.3614262640476227,kan
1683,2,0.3614262640476227,kan
1684,2,0.3542116582393646,kan
1685,2,0.3650107979774475,kan
1686,2,0.359071284532547,kan
1687,2,0.36486485600471497,kan
1688,0,0.45578232407569885,kan
1689,0,0.4353741407394409,kan
1690,0,0.4353741407394409,kan
1691,0,0.4285714328289032,kan
1692,0,0.4285714328289032,kan
1693,0,0.4285714328289032,kan
1694,0,0.4217686951160431,kan
1695,0,0.4285714328289032,kan
1688,1,0.48603352904319763,kan
1689,1,0.4897579252719879,kan
1690,1,0.49534451961517334,kan
1691,1,0.4897579252719879,kan
1692,1,0.47858473658561707,kan
1693,1,0.4711359441280365,kan
1694,1,0.4748603403568268,kan
1695,1,0.4748603403568268,kan
1688,2,0.3334975242614746,kan
1689,2,0.33448275923728943,kan
1690,2,0.33546799421310425,kan
1691,2,0.3325123190879822,kan
1692,2,0.32709360122680664,kan
1693,2,0.3182266056537628,kan
1694,2,0.3167487680912018,kan
1695,2,0.3182266056537628,kan
1696,0,0.49624061584472656,kan
1697,0,0.49624061584472656,kan
1698,0,0.5112782120704651,kan
1699,0,0.5037593841552734,kan
1700,0,0.4887218177318573,kan
1701,0,0.447761207818985,kan
1702,0,0.451127827167511,kan
1703,0,0.4736842215061188,kan
1696,1,0.492337167263031,kan
1697,1,0.492337167263031,kan
1698,1,0.501915693283081,kan
1699,1,0.5114942789077759,kan
1700,1,0.5134099721908569,kan
1701,1,0.5,kan
1702,1,0.49425286054611206,kan
1703,1,0.501915693283081,kan
1696,2,0.33103108406066895,kan
1697,2,0.33103108406066895,kan
1698,2,0.3330049216747284,kan
1699,2,0.33546483516693115,kan
1700,2,0.347911536693573,kan
1701,2,0.3452848792076111,kan
1702,2,0.33497053384780884,kan
1703,2,0.33595284819602966,kan
1704,0,0.4632352888584137,kan
1705,0,0.4852941036224365,kan
1706,0,0.49635037779808044,kan
1707,0,0.5328466892242432,kan
1708,0,0.510948896408081,kan
1709,0,0.510948896408081,kan
1710,0,0.5182482004165649,kan
1711,0,0.5182482004165649,kan
1704,1,0.46748682856559753,kan
1705,1,0.4604569375514984,kan
1706,1,0.47451668977737427,kan
1707,1,0.4815465807914734,kan
1708,1,0.4692443013191223,kan
1709,1,0.46572935581207275,kan
1710,1,0.47451668977737427,kan
1711,1,0.4797891080379486,kan
1704,2,0.3133068382740021,kan
1705,2,0.3116625249385834,kan
1706,2,0.3154761791229248,kan
1707,2,0.3204365074634552,kan
1708,2,0.318452388048172,kan
1709,2,0.318452388048172,kan
1710,2,0.3273809552192688,kan
1711,2,0.3249008059501648,kan
1712,0,0.515625,kan
1713,0,0.5078125,kan
1714,0,0.515625,kan
1715,0,0.5,kan
1716,0,0.5,kan
1717,0,0.4920634925365448,kan
1718,0,0.5120000243186951,kan
1719,0,0.46399998664855957,kan
1712,1,0.482820987701416,kan
1713,1,0.4737793803215027,kan
1714,1,0.47920432686805725,kan
1715,1,0.4683544337749481,kan
1716,1,0.4664246737957001,kan
1717,1,0.46000000834465027,kan
1718,1,0.45818182826042175,kan
1719,1,0.4363636374473572,kan
1712,2,0.3612288236618042,kan
1713,2,0.3508214056491852,kan
1714,2,0.3527851402759552,kan
1715,2,0.3505045175552368,kan
1716,2,0.3493589758872986,kan
1717,2,0.34224599599838257,kan
1718,2,0.3322632312774658,kan
1719,2,0.3194221556186676,kan
1720,0,0.40441176295280457,kan
1721,0,0.3970588147640228,kan
1722,0,0.3970588147640228,kan
1723,0,0.3897058963775635,kan
1724,0,0.38235294818878174,kan
1725,0,0.4000000059604645,kan
1726,0,0.3955223858356476,kan
1727,0,0.38805970549583435,kan
1720,1,0.49893391132354736,kan
1721,1,0.49466949701309204,kan
1722,1,0.49466949701309204,kan
1723,1,0.48187634348869324,kan
1724,1,0.4764957129955292,kan
1725,1,0.4721029996871948,kan
1726,1,0.45708155632019043,kan
1727,1,0.44420599937438965,kan
1720,2,0.43925875425338745,kan
1721,2,0.4337930977344513,kan
1722,2,0.4337930977344513,kan
1723,2,0.42382270097732544,kan
1724,2,0.410540908575058,kan
1725,2,0.40459609031677246,kan
1726,2,0.3900907039642334,kan
1727,2,0.37822750210762024,kan
1728,0,0.3805970251560211,kan
1729,0,0.36567163467407227,kan
1730,0,0.35820895433425903,kan
1731,0,0.36567163467407227,kan
1732,0,0.36567163467407227,kan
1733,0,0.3731343150138855,kan
1734,0,0.35820895433425903,kan
1735,0,0.35820895433425903,kan
1728,1,0.4677419364452362,kan
1729,1,0.45622119307518005,kan
1730,1,0.4377880096435547,kan
1731,1,0.4423963129520416,kan
1732,1,0.43317973613739014,kan
1733,1,0.42626726627349854,kan
1734,1,0.41705068945884705,kan
1735,1,0.41705068945884705,kan
1728,2,0.45475637912750244,kan
1729,2,0.45369648933410645,kan
1730,2,0.4437499940395355,kan
1731,2,0.43852779269218445,kan
1732,2,0.4305882453918457,kan
1733,2,0.42307692766189575,kan
1734,2,0.4089481830596924,kan
1735,2,0.3869701623916626,kan
1736,0,0.30882352590560913,kan
1737,0,0.3014705777168274,kan
1738,0,0.2867647111415863,kan
1739,0,0.27941176295280457,kan
1740,0,0.27941176295280457,kan
1741,0,0.2867647111415863,kan
1742,0,0.27941176295280457,kan
1743,0,0.25,kan
1736,1,0.43622449040412903,kan
1737,1,0.4234693944454193,kan
1738,1,0.3928571343421936,kan
1739,1,0.3852040767669678,kan
1740,1,0.3801020383834839,kan
1741,1,0.37244898080825806,kan
1742,1,0.37244898080825806,kan
1743,1,0.3622449040412903,kan
1736,2,0.41201353073120117,kan
1737,2,0.4018612504005432,kan
1738,2,0.3849407732486725,kan
1739,2,0.36802029609680176,kan
1740,2,0.36802029609680176,kan
1741,2,0.3604061007499695,kan
1742,2,0.34686970710754395,kan
1743,2,0.34263959527015686,kan
1744,0,0.027522936463356018,kan
1745,0,0.027522936463356018,kan
1746,0,0.02777777798473835,kan
1747,0,0.02777777798473835,kan
1748,0,0.02777777798473835,kan
1749,0,0.046296294778585434,kan
1750,0,0.0555555559694767,kan
1751,0,0.06481481343507767,kan
1744,1,0.030042918398976326,kan
1745,1,0.0517241396009922,kan
1746,1,0.06086956337094307,kan
1747,1,0.06550218164920807,kan
1748,1,0.06578947603702545,kan
1749,1,0.07894736528396606,kan
1750,1,0.08370044082403183,kan
1751,1,0.07929515093564987,kan
1744,2,0.05743589624762535,kan
1745,2,0.06358974426984787,kan
1746,2,0.06673511117696762,kan
1747,2,0.06981519609689713,kan
1748,2,0.07186858355998993,kan
1749,2,0.07802874594926834,kan
1750,2,0.08316221833229065,kan
1751,2,0.08624230325222015,kan
1752,0,0.07339449226856232,kan
1753,0,0.07339449226856232,kan
1754,0,0.06422018259763718,kan
1755,0,0.07339449226856232,kan
1756,0,0.07339449226856232,kan
1757,0,0.0917431190609932,kan
1758,0,0.08256880939006805,kan
1759,0,0.08256880939006805,kan
1752,1,0.09765625,kan
1753,1,0.11328125,kan
1754,1,0.109375,kan
1755,1,0.10546875,kan
1756,1,0.109375,kan
1757,1,0.1171875,kan
1758,1,0.1171875,kan
1759,1,0.140625,kan
1752,2,0.11097852140665054,kan
1753,2,0.11694511026144028,kan
1754,2,0.13007159531116486,kan
1755,2,0.13126491010189056,kan
1756,2,0.14439140260219574,kan
1757,2,0.1563245803117752,kan
1758,2,0.15871120989322662,kan
1759,2,0.17661097645759583,kan
1760,0,0.06716418266296387,kan
1761,0,0.06716418266296387,kan
1762,0,0.10447761416435242,kan
1763,0,0.11194030195474625,kan
1764,0,0.11194030195474625,kan
1765,0,0.11194030195474625,kan
1766,0,0.11940298229455948,kan
1767,0,0.1268656700849533,kan
1760,1,0.15909090638160706,kan
1761,1,0.15530303120613098,kan
1762,1,0.17424242198467255,kan
1763,1,0.18560606241226196,kan
1764,1,0.21212121844291687,kan
1765,1,0.21969696879386902,kan
1766,1,0.22727273404598236,kan
1767,1,0.2613636255264282,kan
1760,2,0.18779343366622925,kan
1761,2,0.19600938260555267,kan
1762,2,0.22065727412700653,kan
1763,2,0.23826290667057037,kan
1764,2,0.26173707842826843,kan
1765,2,0.27464789152145386,kan
1766,2,0.2957746386528015,kan
1767,2,0.3298121988773346,kan
1768,0,0.13076923787593842,kan
1769,0,0.13846154510974884,kan
1770,0,0.14615385234355927,kan
1771,0,0.14615385234355927,kan
1772,0,0.1538461595773697,kan
1773,0,0.171875,kan
1774,0,0.203125,kan
1775,0,0.22834645211696625,kan
1768,1,0.22686567902565002,kan
1769,1,0.23053891956806183,kan
1770,1,0.2514970004558563,kan
1771,1,0.27627629041671753,kan
1772,1,0.2981927692890167,kan
1773,1,0.3072289228439331,kan
1774,1,0.32831326127052307,kan
1775,1,0.33734938502311707,kan
1768,2,0.2583479881286621,kan
1769,2,0.27816900610923767,kan
1770,2,0.3036971688270569,kan
1771,2,0.32306337356567383,kan
1772,2,0.34361234307289124,kan
1773,2,0.36067017912864685,kan
1774,2,0.37742504477500916,kan
1775,2,0.39329805970191956,kan
1776,0,0.20588235557079315,kan
1777,0,0.21897810697555542,kan
1778,0,0.192592591047287,kan
1779,0,0.19708029925823212,kan
1780,0,0.21897810697555542,kan
1781,0,0.20000000298023224,kan
1782,0,0.21641790866851807,kan
1783,0,0.2238806039094925,kan
1776,1,0.23033708333969116,kan
1777,1,0.25915491580963135,kan
1778,1,0.26724138855934143,kan
1779,1,0.30882352590560913,kan
1780,1,0.3513513505458832,kan
1781,1,0.3606060743331909,kan
1782,1,0.36000001430511475,kan
1783,1,0.3641975224018097,kan
1776,2,0.2813425362110138,kan
1777,2,0.3393756151199341,kan
1778,2,0.367114782333374,kan
1779,2,0.41719746589660645,kan
1780,2,0.4680616855621338,kan
1781,2,0.5186862945556641,kan
1782,2,0.537746787071228,kan
1783,2,0.5427901744842529,kan
1784,0,0.41111111640930176,kan
1785,0,0.4431818127632141,kan
1786,0,0.4545454680919647,kan
1787,0,0.4431818127632141,kan
1788,0,0.4204545319080353,kan
1789,0,0.47727271914482117,kan
1790,0,0.5,kan
1791,0,0.5340909361839294,kan
1784,1,0.4005763828754425,kan
1785,1,0.4285714328289032,kan
1786,1,0.4497041404247284,kan
1787,1,0.48048049211502075,kan
1788,1,0.4819277226924896,kan
1789,1,0.5391566157341003,kan
1790,1,0.5421686768531799,kan
1791,1,0.5542168617248535,kan
1784,2,0.4242902100086212,kan
1785,2,0.46597278118133545,kan
1786,2,0.49593496322631836,kan
1787,2,0.5181218981742859,kan
1788,2,0.5581589937210083,kan
1789,2,0.5910999178886414,kan
1790,2,0.6028547286987305,kan
1791,2,0.6196473836898804,kan
1792,0,0.359375,kan
1793,0,0.3828125,kan
1794,0,0.3828125,kan
1795,0,0.3858267664909363,kan
1796,0,0.3700787425041199,kan
1797,0,0.4015747904777527,kan
1798,0,0.3937007784843445,kan
1799,0,0.4094488322734833,kan
1792,1,0.47311827540397644,kan
1793,1,0.5107526779174805,kan
1794,1,0.5201072096824646,kan
1795,1,0.5067024230957031,kan
1796,1,0.5349462628364563,kan
1797,1,0.5606468915939331,kan
1798,1,0.5672042965888977,kan
1799,1,0.5902965068817139,kan
1792,2,0.4856477975845337,kan
1793,2,0.5159038305282593,kan
1794,2,0.5034856796264648,kan
1795,2,0.4976780116558075,kan
1796,2,0.5208978056907654,kan
1797,2,0.5491105914115906,kan
1798,2,0.54718416929245,kan
1799,2,0.5620272159576416,kan
1800,0,0.43697479367256165,kan
1801,0,0.42016807198524475,kan
1802,0,0.40336135029792786,kan
1803,0,0.3529411852359772,kan
1804,0,0.3529411852359772,kan
1805,0,0.3445378243923187,kan
1806,0,0.3361344635486603,kan
1807,0,0.3193277418613434,kan
1800,1,0.6012269854545593,kan
1801,1,0.6031249761581421,kan
1802,1,0.5817610025405884,kan
1803,1,0.5377358198165894,kan
1804,1,0.5377358198165894,kan
1805,1,0.5314465165138245,kan
1806,1,0.5157232880592346,kan
1807,1,0.49685534834861755,kan
1800,2,0.663701057434082,kan
1801,2,0.6630136966705322,kan
1802,2,0.6570363640785217,kan
1803,2,0.6230121850967407,kan
1804,2,0.5960637331008911,kan
1805,2,0.5880149602890015,kan
1806,2,0.5805243253707886,kan
1807,2,0.5651358962059021,kan
1808,0,0.3645833432674408,kan
1809,0,0.3684210479259491,kan
1810,0,0.40425533056259155,kan
1811,0,0.457446813583374,kan
1812,0,0.521276593208313,kan
1813,0,0.5106382966041565,kan
1814,0,0.478723406791687,kan
1815,0,0.4838709533214569,kan
1808,1,0.3968668282032013,kan
1809,1,0.42175066471099854,kan
1810,1,0.43967828154563904,kan
1811,1,0.46630728244781494,kan
1812,1,0.5040872097015381,kan
1813,1,0.531335175037384,kan
1814,1,0.5122615694999695,kan
1815,1,0.5231607556343079,kan
1808,2,0.35095447301864624,kan
1809,2,0.3909223973751068,kan
1810,2,0.41580501198768616,kan
1811,2,0.4293154776096344,kan
1812,2,0.4651162922382355,kan
1813,2,0.48796993494033813,kan
1814,2,0.4871406853199005,kan
1815,2,0.4894099831581116,kan
1816,0,0.38053098320961,kan
1817,0,0.38596490025520325,kan
1818,0,0.38596490025520325,kan
1819,0,0.359649121761322,kan
1820,0,0.3513513505458832,kan
1821,0,0.4017857015132904,kan
1822,0,0.36936935782432556,kan
1823,0,0.44144144654273987,kan
1816,1,0.4694376587867737,kan
1817,1,0.4753694534301758,kan
1818,1,0.46305418014526367,kan
1819,1,0.4556650221347809,kan
1820,1,0.43842363357543945,kan
1821,1,0.46039605140686035,kan
1822,1,0.4565756916999817,kan
1823,1,0.4565756916999817,kan
1816,2,0.4527736008167267,kan
1817,2,0.4598484933376312,kan
1818,2,0.44680851697921753,kan
1819,2,0.45163747668266296,kan
1820,2,0.4487767517566681,kan
1821,2,0.4783281683921814,kan
1822,2,0.49726349115371704,kan
1823,2,0.5074276924133301,kan
1824,0,0.032967034727334976,kan
1825,0,0.032967034727334976,kan
1826,0,0.032967034727334976,kan
1827,0,0.021978022530674934,kan
1828,0,0.010989011265337467,kan
1829,0,0.032967034727334976,kan
1830,0,0.032967034727334976,kan
1831,0,0.032967034727334976,kan
1824,1,0.03915662690997124,kan
1825,1,0.03915662690997124,kan
1826,1,0.04216867312788963,kan
1827,1,0.03614457696676254,kan
1828,1,0.03614457696676254,kan
1829,1,0.04216867312788963,kan
1830,1,0.04518072307109833,kan
1831,1,0.04216867312788963,kan
1824,2,0.12128712981939316,kan
1825,2,0.13118812441825867,kan
1826,2,0.13861386477947235,kan
1827,2,0.1336633712053299,kan
1828,2,0.13613861799240112,kan
1829,2,0.13861386477947235,kan
1830,2,0.1509900987148285,kan
1831,2,0.14108911156654358,kan
1832,0,0.046296294778585434,kan
1833,0,0.046296294778585434,kan
1834,0,0.02777777798473835,kan
1835,0,0.02777777798473835,kan
1836,0,0.02777777798473835,kan
1837,0,0.03703703731298447,kan
1838,0,0.046296294778585434,kan
1839,0,0.046296294778585434,kan
1832,1,0.055727552622556686,kan
1833,1,0.055727552622556686,kan
1834,1,0.05263157933950424,kan
1835,1,0.0495356023311615,kan
1836,1,0.055727552622556686,kan
1837,1,0.055727552622556686,kan
1838,1,0.06811145693063736,kan
1839,1,0.06811145693063736,kan
1832,2,0.14977973699569702,kan
1833,2,0.16740088164806366,kan
1834,2,0.151982381939888,kan
1835,2,0.14977973699569702,kan
1836,2,0.15418502688407898,kan
1837,2,0.15418502688407898,kan
1838,2,0.1740088164806366,kan
1839,2,0.18061673641204834,kan
1840,0,0.054347824305295944,kan
1841,0,0.054347824305295944,kan
1842,0,0.054347824305295944,kan
1843,0,0.043478261679410934,kan
1844,0,0.054347824305295944,kan
1845,0,0.06521739065647125,kan
1846,0,0.06521739065647125,kan
1847,0,0.06521739065647125,kan
1840,1,0.0763888880610466,kan
1841,1,0.0798611119389534,kan
1842,1,0.0729166641831398,kan
1843,1,0.0763888880610466,kan
1844,1,0.09375,kan
1845,1,0.1041666641831398,kan
1846,1,0.1041666641831398,kan
1847,1,0.1006944477558136,kan
1840,2,0.16929133236408234,kan
1841,2,0.18503937125205994,kan
1842,2,0.1909448802471161,kan
1843,2,0.1948818862438202,kan
1844,2,0.20866142213344574,kan
1845,2,0.2224409431219101,kan
1846,2,0.22440944612026215,kan
1847,2,0.24015748500823975,kan
1848,0,0.0458715595304966,kan
1849,0,0.055045872926712036,kan
1850,0,0.055045872926712036,kan
1851,0,0.07339449226856232,kan
1852,0,0.0917431190609932,kan
1853,0,0.08256880939006805,kan
1854,0,0.11926605552434921,kan
1855,0,0.11009174585342407,kan
1848,1,0.08615384250879288,kan
1849,1,0.10461538285017014,kan
1850,1,0.11076922714710236,kan
1851,1,0.11999999731779099,kan
1852,1,0.1261538416147232,kan
1853,1,0.1261538416147232,kan
1854,1,0.13846154510974884,kan
1855,1,0.14153845608234406,kan
1848,2,0.2540322542190552,kan
1849,2,0.27016130089759827,kan
1850,2,0.28629031777381897,kan
1851,2,0.3084677457809448,kan
1852,2,0.32056450843811035,kan
1853,2,0.33669355511665344,kan
1854,2,0.3588709533214569,kan
1855,2,0.38104838132858276,kan
1856,0,0.10784313827753067,kan
1857,0,0.11764705926179886,kan
1858,0,0.10784313827753067,kan
1859,0,0.11764705926179886,kan
1860,0,0.14705882966518402,kan
1861,0,0.1764705926179886,kan
1862,0,0.17475728690624237,kan
1863,0,0.1553398072719574,kan
1856,1,0.1369047611951828,kan
1857,1,0.1577380895614624,kan
1858,1,0.1666666716337204,kan
1859,1,0.190476194024086,kan
1860,1,0.2023809552192688,kan
1861,1,0.2053571492433548,kan
1862,1,0.2113095223903656,kan
1863,1,0.2083333283662796,kan
1856,2,0.23103448748588562,kan
1857,2,0.2425287365913391,kan
1858,2,0.26436781883239746,kan
1859,2,0.2770114839076996,kan
1860,2,0.29195401072502136,kan
1861,2,0.3045977056026459,kan
1862,2,0.317241370677948,kan
1863,2,0.3333333432674408,kan
1864,0,0.18888889253139496,kan
1865,0,0.21111111342906952,kan
1866,0,0.20000000298023224,kan
1867,0,0.2222222238779068,kan
1868,0,0.25555557012557983,kan
1869,0,0.30000001192092896,kan
1870,0,0.2777777910232544,kan
1871,0,0.2777777910232544,kan
1864,1,0.18648648262023926,kan
1865,1,0.2108108103275299,kan
1866,1,0.21680216491222382,kan
1867,1,0.23160763084888458,kan
1868,1,0.24590164422988892,kan
1869,1,0.2732240557670593,kan
1870,1,0.27595627307891846,kan
1871,1,0.284153014421463,kan
1864,2,0.3096774220466614,kan
1865,2,0.3290322721004486,kan
1866,2,0.3523706793785095,kan
1867,2,0.3694474399089813,kan
1868,2,0.39045554399490356,kan
1869,2,0.40716612339019775,kan
1870,2,0.426086962223053,kan
1871,2,0.4521739184856415,kan
1872,0,0.2989690601825714,kan
1873,0,0.3229166567325592,kan
1874,0,0.3229166567325592,kan
1875,0,0.3229166567325592,kan
1876,0,0.3229166567325592,kan
1877,0,0.34375,kan
1878,0,0.3333333432674408,kan
1879,0,0.3469387888908386,kan
1872,1,0.25653207302093506,kan
1873,1,0.26840853691101074,kan
1874,1,0.2802850306034088,kan
1875,1,0.2921615242958069,kan
1876,1,0.30641329288482666,kan
1877,1,0.31591448187828064,kan
1878,1,0.3301662802696228,kan
1879,1,0.34916865825653076,kan
1872,2,0.3622449040412903,kan
1873,2,0.3853367567062378,kan
1874,2,0.40512821078300476,kan
1875,2,0.4217279851436615,kan
1876,2,0.43883660435676575,kan
1877,2,0.45337894558906555,kan
1878,2,0.473053902387619,kan
1879,2,0.49786141514778137,kan
1880,0,0.32407405972480774,kan
1881,0,0.3333333432674408,kan
1882,0,0.37383177876472473,kan
1883,0,0.349056601524353,kan
1884,0,0.4112149477005005,kan
1885,0,0.40186914801597595,kan
1886,0,0.42990654706954956,kan
1887,0,0.420560747385025,kan
1880,1,0.3034934401512146,kan
1881,1,0.33259913325309753,kan
1882,1,0.3509933650493622,kan
1883,1,0.36000001430511475,kan
1884,1,0.3853006660938263,kan
1885,1,0.38752785325050354,kan
1886,1,0.38752785325050354,kan
1887,1,0.3942093551158905,kan
1880,2,0.40727004408836365,kan
1881,2,0.42846497893333435,kan
1882,2,0.45823928713798523,kan
1883,2,0.49275362491607666,kan
1884,2,0.5234435200691223,kan
1885,2,0.5386399030685425,kan
1886,2,0.5452436208724976,kan
1887,2,0.5486111044883728,kan
1888,0,0.37962964177131653,kan
1889,0,0.40366971492767334,kan
1890,0,0.4272727370262146,kan
1891,0,0.43119266629219055,kan
1892,0,0.42990654706954956,kan
1893,0,0.4579439163208008,kan
1894,0,0.4672897160053253,kan
1895,0,0.4579439163208008,kan
1888,1,0.33836206793785095,kan
1889,1,0.3622559607028961,kan
1890,1,0.40439561009407043,kan
1891,1,0.42093542218208313,kan
1892,1,0.41834452748298645,kan
1893,1,0.41834452748298645,kan
1894,1,0.4340044856071472,kan
1895,1,0.43624159693717957,kan
1888,2,0.39172592759132385,kan
1889,2,0.43121692538261414,kan
1890,2,0.46923595666885376,kan
1891,2,0.4975945055484772,kan
1892,2,0.5177700519561768,kan
1893,2,0.5308555364608765,kan
1894,2,0.5375438332557678,kan
1895,2,0.5431578755378723,kan
1896,0,0.45192307233810425,kan
1897,0,0.4245283007621765,kan
1898,0,0.4392523467540741,kan
1899,0,0.4150943458080292,kan
1900,0,0.4245283007621765,kan
1901,0,0.3962264060974121,kan
1902,0,0.39423078298568726,kan
1903,0,0.40776699781417847,kan
1896,1,0.4117647111415863,kan
1897,1,0.4123006761074066,kan
1898,1,0.4168564975261688,kan
1899,1,0.4220183491706848,kan
1900,1,0.4308755695819855,kan
1901,1,0.44212964177131653,kan
1902,1,0.41898149251937866,kan
1903,1,0.4027777910232544,kan
1896,2,0.4725050926208496,kan
1897,2,0.4836065471172333,kan
1898,2,0.49378451704978943,kan
1899,2,0.5010395050048828,kan
1900,2,0.510431170463562,kan
1901,2,0.5189873576164246,kan
1902,2,0.5173882246017456,kan
1903,2,0.5074520707130432,kan
1904,0,0.3663366436958313,kan
1905,0,0.3979591727256775,kan
1906,0,0.3700000047683716,kan
1907,0,0.3571428656578064,kan
1908,0,0.3636363744735718,kan
1909,0,0.30612245202064514,kan
1910,0,0.3298968970775604,kan
1911,0,0.30927833914756775,kan
1904,1,0.38265305757522583,kan
1905,1,0.3854166567325592,kan
1906,1,0.3617570996284485,kan
1907,1,0.358638733625412,kan
1908,1,0.375,kan
1909,1,0.3504043221473694,kan
1910,1,0.36486485600471497,kan
1911,1,0.3378378450870514,kan
1904,2,0.4653846025466919,kan
1905,2,0.454332560300827,kan
1906,2,0.4518927335739136,kan
1907,2,0.4501992166042328,kan
1908,2,0.45093268156051636,kan
1909,2,0.4337448477745056,kan
1910,2,0.433993399143219,kan
1911,2,0.4178364872932434,kan
1912,0,0.4545454680919647,kan
1913,0,0.4000000059604645,kan
1914,0,0.4000000059604645,kan
1915,0,0.359375,kan
1916,0,0.34375,kan
1917,0,0.3384615480899811,kan
1918,0,0.32307693362236023,kan
1919,0,0.359375,kan
1912,1,0.35922330617904663,kan
1913,1,0.33986929059028625,kan
1914,1,0.34210526943206787,kan
1915,1,0.3388157784938812,kan
1916,1,0.31456953287124634,kan
1917,1,0.28145694732666016,kan
1918,1,0.2923588156700134,kan
1919,1,0.27906978130340576,kan
1912,2,0.4205426275730133,kan
1913,2,0.41444113850593567,kan
1914,2,0.40737050771713257,kan
1915,2,0.3807615339756012,kan
1916,2,0.3757575750350952,kan
1917,2,0.36178863048553467,kan
1918,2,0.3496432304382324,kan
1919,2,0.344546377658844,kan
0,0,0.0,xattn
1,0,0.0,xattn
2,0,0.0,xattn
3,0,0.0,xattn
4,0,0.0,xattn
5,0,0.0,xattn
6,0,0.0,xattn
7,0,0.0,xattn
0,1,0.15564201772212982,xattn
1,1,0.1411764770746231,xattn
2,1,0.13333334028720856,xattn
3,1,0.13229571282863617,xattn
4,1,0.14173229038715363,xattn
5,1,0.15662650763988495,xattn
6,1,0.19183672964572906,xattn
7,1,0.18473894894123077,xattn
0,2,0.19854721426963806,xattn
1,2,0.19464720785617828,xattn
2,2,0.19043760001659393,xattn
3,2,0.19159255921840668,xattn
4,2,0.1902438998222351,xattn
5,2,0.18408359587192535,xattn
6,2,0.18880000710487366,xattn
7,2,0.19329074025154114,xattn
8,0,0.0,xattn
9,0,0.0,xattn
10,0,0.0,xattn
11,0,0.0,xattn
12,0,0.0,xattn
13,0,0.0,xattn
14,0,0.0,xattn
15,0,0.0,xattn
8,1,0.06565656512975693,xattn
9,1,0.10256410390138626,xattn
10,1,0.11650485545396805,xattn
11,1,0.11822660267353058,xattn
12,1,0.10952381044626236,xattn
13,1,0.12077295035123825,xattn
14,1,0.13197968900203705,xattn
15,1,0.16201117634773254,xattn
8,2,0.18788713216781616,xattn
9,2,0.19849418103694916,xattn
10,2,0.19839678704738617,xattn
11,2,0.19708994030952454,xattn
12,2,0.19801980257034302,xattn
13,2,0.2031872570514679,xattn
14,2,0.19540229439735413,xattn
15,2,0.1943262368440628,xattn
16,0,0.0,xattn
17,0,0.0,xattn
18,0,0.0,xattn
19,0,0.0,xattn
20,0,0.0,xattn
21,0,0.0,xattn
22,0,0.0,xattn
23,0,0.0,xattn
16,1,0.1860465109348297,xattn
17,1,0.19186046719551086,xattn
18,1,0.17525772750377655,xattn
19,1,0.1599999964237213,xattn
20,1,0.1609756052494049,xattn
21,1,0.14347825944423676,xattn
22,1,0.12727272510528564,xattn
23,1,0.12727272510528564,xattn
16,2,0.1754850149154663,xattn
17,2,0.18584071099758148,xattn
18,2,0.20209059119224548,xattn
19,2,0.20666666328907013,xattn
20,2,0.22350993752479553,xattn
21,2,0.22311396896839142,xattn
22,2,0.22391653060913086,xattn
23,2,0.23227383196353912,xattn
24,0,0.0,xattn
25,0,0.0,xattn
26,0,0.0,xattn
27,0,0.0,xattn
28,0,0.0,xattn
29,0,0.0,xattn
30,0,0.0,xattn
31,0,0.0,xattn
24,1,0.20068027079105377,xattn
25,1,0.1821192055940628,xattn
26,1,0.18060201406478882,xattn
27,1,0.17105263471603394,xattn
28,1,0.17218543589115143,xattn
29,1,0.16776315867900848,xattn
30,1,0.16887417435646057,xattn
31,1,0.1782178282737732,xattn
24,2,0.24444444477558136,xattn
25,2,0.242087259888649,xattn
26,2,0.244047611951828,xattn
27,2,0.24234694242477417,xattn
28,2,0.23805460333824158,xattn
29,2,0.23664122819900513,xattn
30,2,0.23639455437660217,xattn
31,2,0.23664122819900513,xattn
32,0,0.0,xattn
33,0,0.0,xattn
34,0,0.0,xattn
35,0,0.0,xattn
36,0,0.0,xattn
37,0,0.0,xattn
38,0,0.0,xattn
39,0,0.0,xattn
32,1,0.20711974799633026,xattn
33,1,0.2117263823747635,xattn
34,1,0.20388349890708923,xattn
35,1,0.21568627655506134,xattn
36,1,0.21568627655506134,xattn
37,1,0.2225913554430008,xattn
38,1,0.2218542993068695,xattn
39,1,0.23310810327529907,xattn
32,2,0.23415978252887726,xattn
33,2,0.2398897111415863,xattn
34,2,0.24036696553230286,xattn
35,2,0.2387511432170868,xattn
36,2,0.23783287405967712,xattn
37,2,0.23443223536014557,xattn
38,2,0.23609845340251923,xattn
39,2,0.23681776225566864,xattn
40,0,0.0,xattn
41,0,0.0,xattn
42,0,0.0,xattn
43,0,0.0,xattn
44,0,0.0,xattn
45,0,0.0,xattn
46,0,0.0,xattn
47,0,0.0,xattn
40,1,0.1155378520488739,xattn
41,1,0.109375,xattn
42,1,0.1111111119389534,xattn
43,1,0.1111111119389534,xattn
44,1,0.11023622006177902,xattn
45,1,0.11952191591262817,xattn
46,1,0.1187739446759224,xattn
47,1,0.1434262990951538,xattn
40,2,0.21014009416103363,xattn
41,2,0.20625415444374084,xattn
42,2,0.20678190886974335,xattn
43,2,0.2055702954530716,xattn
44,2,0.21234239637851715,xattn
45,2,0.21266666054725647,xattn
46,2,0.2182539701461792,xattn
47,2,0.2078431397676468,xattn
48,0,0.0,xattn
49,0,0.0,xattn
50,0,0.0,xattn
51,0,0.0,xattn
52,0,0.0,xattn
53,0,0.0,xattn
54,0,0.0,xattn
55,0,0.0,xattn
48,1,0.13909775018692017,xattn
49,1,0.1782945692539215,xattn
50,1,0.16996046900749207,xattn
51,1,0.1841004192829132,xattn
52,1,0.20346319675445557,xattn
53,1,0.19158878922462463,xattn
54,1,0.22748814523220062,xattn
55,1,0.17840375006198883,xattn
48,2,0.19665907323360443,xattn
49,2,0.1910538226366043,xattn
50,2,0.1860465109348297,xattn
51,2,0.18254603445529938,xattn
52,2,0.19118869304656982,xattn
53,2,0.1894647479057312,xattn
54,2,0.1903531402349472,xattn
55,2,0.19385965168476105,xattn
56,0,0.0,xattn
57,0,0.0,xattn
58,0,0.0,xattn
59,0,0.0,xattn
60,0,0.0,xattn
61,0,0.0,xattn
62,0,0.0,xattn
63,0,0.0,xattn
56,1,0.19213974475860596,xattn
57,1,0.2142857164144516,xattn
58,1,0.2053571492433548,xattn
59,1,0.21794871985912323,xattn
60,1,0.2083333283662796,xattn
61,1,0.17004048824310303,xattn
62,1,0.15564201772212982,xattn
63,1,0.14942528307437897,xattn
56,2,0.1773584932088852,xattn
57,2,0.1749049425125122,xattn
58,2,0.18396227061748505,xattn
59,2,0.2044817954301834,xattn
60,2,0.20296570658683777,xattn
61,2,0.21694599092006683,xattn
62,2,0.23062558472156525,xattn
63,2,0.24347014725208282,xattn
64,0,0.0,xattn
65,0,0.0,xattn
66,0,0.0,xattn
67,0,0.0,xattn
68,0,0.0,xattn
69,0,0.0,xattn
70,0,0.0,xattn
71,0,0.0,xattn
64,1,0.23364485800266266,xattn
65,1,0.2429906576871872,xattn
66,1,0.27619048953056335,xattn
67,1,0.2884615361690521,xattn
68,1,0.29807692766189575,xattn
69,1,0.3137255012989044,xattn
70,1,0.31683167815208435,xattn
71,1,0.3137255012989044,xattn
64,2,0.031543053686618805,xattn
65,2,0.030638298019766808,xattn
66,2,0.03146258369088173,xattn
67,2,0.03228547051548958,xattn
68,2,0.03415883705019951,xattn
69,2,0.02976190485060215,xattn
70,2,0.03333333507180214,xattn
71,2,0.03501281142234802,xattn
72,0,0.0,xattn
73,0,0.0,xattn
74,0,0.0,xattn
75,0,0.0,xattn
76,0,0.0,xattn
77,0,0.0,xattn
78,0,0.0,xattn
79,0,0.0,xattn
72,1,0.6176470518112183,xattn
73,1,0.6237623691558838,xattn
74,1,0.6138613820075989,xattn
75,1,0.6078431606292725,xattn
76,1,0.5471698045730591,xattn
77,1,0.5420560836791992,xattn
78,1,0.5412843823432922,xattn
79,1,0.4642857015132904,xattn
72,2,0.03763900697231293,xattn
73,2,0.03767123445868492,xattn
74,2,0.037703514099121094,xattn
75,2,0.03507271036505699,xattn
76,2,0.036658141762018204,xattn
77,2,0.03941730782389641,xattn
78,2,0.044750429689884186,xattn
79,2,0.050259966403245926,xattn
80,0,0.0,xattn
81,0,0.0,xattn
82,0,0.0,xattn
83,0,0.0,xattn
84,0,0.0,xattn
85,0,0.0,xattn
86,0,0.0,xattn
87,0,0.0,xattn
80,1,0.5144927501678467,xattn
81,1,0.5474452376365662,xattn
82,1,0.525547444820404,xattn
83,1,0.5072463750839233,xattn
84,1,0.5144927501678467,xattn
85,1,0.5144927501678467,xattn
86,1,0.5144927501678467,xattn
87,1,0.510948896408081,xattn
80,2,0.05920206010341644,xattn
81,2,0.0685640349984169,xattn
82,2,0.0670967772603035,xattn
83,2,0.07450980693101883,xattn
84,2,0.07571801543235779,xattn
85,2,0.07301173359155655,xattn
86,2,0.072727270424366,xattn
87,2,0.07189542800188065,xattn
88,0,0.0,xattn
89,0,0.0,xattn
90,0,0.0,xattn
91,0,0.0,xattn
92,0,0.0,xattn
93,0,0.0,xattn
94,0,0.0,xattn
95,0,0.0,xattn
88,1,0.46721312403678894,xattn
89,1,0.4796747863292694,xattn
90,1,0.4796747863292694,xattn
91,1,0.5,xattn
92,1,0.49180328845977783,xattn
93,1,0.4876033067703247,xattn
94,1,0.4876033067703247,xattn
95,1,0.5042017102241516,xattn
88,2,0.05470737814903259,xattn
89,2,0.0555555559694767,xattn
90,2,0.0555555559694767,xattn
91,2,0.05170239508152008,xattn
92,2,0.05037783458828926,xattn
93,2,0.04654087871313095,xattn
94,2,0.04642409086227417,xattn
95,2,0.04779874160885811,xattn
96,0,0.0,xattn
97,0,0.0,xattn
98,0,0.0,xattn
99,0,0.0,xattn
100,0,0.0,xattn
101,0,0.0,xattn
102,0,0.0,xattn
103,0,0.0,xattn
96,1,0.4017094075679779,xattn
97,1,0.39830508828163147,xattn
98,1,0.39316239953041077,xattn
99,1,0.4051724076271057,xattn
100,1,0.4051724076271057,xattn
101,1,0.4051724076271057,xattn
102,1,0.4137931168079376,xattn
103,1,0.40869563817977905,xattn
96,2,0.06515580415725708,xattn
97,2,0.06509433686733246,xattn
98,2,0.06421151757240295,xattn
99,2,0.0623229444026947,xattn
100,2,0.06433302164077759,xattn
101,2,0.06433302164077759,xattn
102,2,0.06521739065647125,xattn
103,2,0.06238185241818428,xattn
104,0,0.0,xattn
105,0,0.0,xattn
106,0,0.0,xattn
107,0,0.0,xattn
108,0,0.0,xattn
109,0,0.0,xattn
110,0,0.0,xattn
111,0,0.0,xattn
104,1,0.47863247990608215,xattn
105,1,0.5,xattn
106,1,0.5086206793785095,xattn
107,1,0.5086206793785095,xattn
108,1,0.5086206793785095,xattn
109,1,0.5130434632301331,xattn
110,1,0.5565217137336731,xattn
111,1,0.5701754093170166,xattn
104,2,0.05425400659441948,xattn
105,2,0.052955664694309235,xattn
106,2,0.05018359795212746,xattn
107,2,0.050061050802469254,xattn
108,2,0.05000000074505806,xattn
109,2,0.04651162773370743,xattn
110,2,0.047677259892225266,xattn
111,2,0.04501216486096382,xattn
112,0,0.0,xattn
113,0,0.0,xattn
114,0,0.0,xattn
115,0,0.0,xattn
116,0,0.0,xattn
117,0,0.0,xattn
118,0,0.0,xattn
119,0,0.0,xattn
112,1,0.16292135417461395,xattn
113,1,0.1666666716337204,xattn
114,1,0.16091954708099365,xattn
115,1,0.151162788271904,xattn
116,1,0.12790697813034058,xattn
117,1,0.15697674453258514,xattn
118,1,0.1551724076271057,xattn
119,1,0.18390804529190063,xattn
112,2,0.04397163167595863,xattn
113,2,0.04237288236618042,xattn
114,2,0.04460431635379791,xattn
115,2,0.0432276651263237,xattn
116,2,0.040172167122364044,xattn
117,2,0.033850494772195816,xattn
118,2,0.029494382441043854,xattn
119,2,0.032078102231025696,xattn
120,0,0.0,xattn
121,0,0.0,xattn
122,0,0.0,xattn
123,0,0.0,xattn
124,0,0.0,xattn
125,0,0.0,xattn
126,0,0.0,xattn
127,0,0.0,xattn
120,1,0.13286712765693665,xattn
121,1,0.14788731932640076,xattn
122,1,0.14685314893722534,xattn
123,1,0.14084507524967194,xattn
124,1,0.13380281627178192,xattn
125,1,0.13768115639686584,xattn
126,1,0.10948905348777771,xattn
127,1,0.0714285746216774,xattn
120,2,0.03963964059948921,xattn
121,2,0.03405017778277397,xattn
122,2,0.03411130979657173,xattn
123,2,0.03249097615480423,xattn
124,2,0.03290676325559616,xattn
125,2,0.03136531263589859,xattn
126,2,0.03231939300894737,xattn
127,2,0.017077798023819923,xattn
128,0,0.0,xattn
129,0,0.0,xattn
130,0,0.0,xattn
131,0,0.0,xattn
132,0,0.0,xattn
133,0,0.0,xattn
134,0,0.0,xattn
135,0,0.0,xattn
128,1,0.050632912665605545,xattn
129,1,0.0625,xattn
130,1,0.0625,xattn
131,1,0.11538461595773697,xattn
132,1,0.18309858441352844,xattn
133,1,0.11538461595773697,xattn
134,1,0.21621622145175934,xattn
135,1,0.232876718044281,xattn
128,2,0.003456221194937825,xattn
129,2,0.017482517287135124,xattn
130,2,0.02573099359869957,xattn
131,2,0.03383897244930267,xattn
132,2,0.024390242993831635,xattn
133,2,0.0279720276594162,xattn
134,2,0.025462962687015533,xattn
135,2,0.026406429708003998,xattn
136,0,0.0,xattn
137,0,0.0,xattn
138,0,0.0,xattn
139,0,0.0,xattn
140,0,0.0,xattn
141,0,0.0,xattn
142,0,0.0,xattn
143,0,0.0,xattn
136,1,0.2222222238779068,xattn
137,1,0.23863635957241058,xattn
138,1,0.25,xattn
139,1,0.22727273404598236,xattn
140,1,0.1818181872367859,xattn
141,1,0.22727273404598236,xattn
142,1,0.23863635957241058,xattn
143,1,0.22727273404598236,xattn
136,2,0.014542344026267529,xattn
137,2,0.011092150583863258,xattn
138,2,0.011063829995691776,xattn
139,2,0.010247651487588882,xattn
140,2,0.006861063651740551,xattn
141,2,0.010195411741733551,xattn
142,2,0.010230178944766521,xattn
143,2,0.010265183635056019,xattn
144,0,0.0,xattn
145,0,0.0,xattn
146,0,0.0,xattn
147,0,0.0,xattn
148,0,0.0,xattn
149,0,0.0,xattn
150,0,0.0,xattn
151,0,0.0,xattn
144,1,0.06060606241226196,xattn
145,1,0.10101009905338287,xattn
146,1,0.08695652335882187,xattn
147,1,0.07692307978868484,xattn
148,1,0.10112359374761581,xattn
149,1,0.17204301059246063,xattn
150,1,0.10227272659540176,xattn
151,1,0.1538461595773697,xattn
144,2,0.002613240387290716,xattn
145,2,0.003499562619253993,xattn
146,2,0.006178287789225578,xattn
147,2,0.007950530387461185,xattn
148,2,0.009700176306068897,xattn
149,2,0.010535557754337788,xattn
150,2,0.009760426357388496,xattn
151,2,0.012378426268696785,xattn
152,0,0.0,xattn
153,0,0.0,xattn
154,0,0.0,xattn
155,0,0.0,xattn
156,0,0.0,xattn
157,0,0.0,xattn
158,0,0.0,xattn
159,0,0.0,xattn
152,1,0.07633587718009949,xattn
153,1,0.08461538702249527,xattn
154,1,0.10687022656202316,xattn
155,1,0.11627907305955887,xattn
156,1,0.0923076942563057,xattn
157,1,0.10852713137865067,xattn
158,1,0.10769230872392654,xattn
159,1,0.10852713137865067,xattn
152,2,0.007777777966111898,xattn
153,2,0.0054824561811983585,xattn
154,2,0.005512678995728493,xattn
155,2,0.0033112582750618458,xattn
156,2,0.00219058059155941,xattn
157,2,0.0010928962146863341,xattn
158,2,0.0,xattn
159,2,0.0,xattn
160,0,0.0,xattn
161,0,0.0,xattn
162,0,0.0,xattn
163,0,0.0,xattn
164,0,0.0,xattn
165,0,0.0,xattn
166,0,0.0,xattn
167,0,0.0,xattn
160,1,0.04411764815449715,xattn
161,1,0.02222222276031971,xattn
162,1,0.03846153989434242,xattn
163,1,0.0615384615957737,xattn
164,1,0.0615384615957737,xattn
165,1,0.05426356568932533,xattn
166,1,0.03937007859349251,xattn
167,1,0.05511811003088951,xattn
160,2,0.0,xattn
161,2,0.0,xattn
162,2,0.002247191034257412,xattn
163,2,0.0044843051582574844,xattn
164,2,0.0022935778833925724,xattn
165,2,0.011574073694646358,xattn
166,2,0.009345794096589088,xattn
167,2,0.013953488320112228,xattn
168,0,0.0,xattn
169,0,0.0,xattn
170,0,0.0,xattn
171,0,0.0,xattn
172,0,0.0,xattn
173,0,0.0,xattn
174,0,0.0,xattn
175,0,0.0,xattn
168,1,0.0458715595304966,xattn
169,1,0.06481481343507767,xattn
170,1,0.06422018259763718,xattn
171,1,0.03703703731298447,xattn
172,1,0.046296294778585434,xattn
173,1,0.018518518656492233,xattn
174,1,0.046296294778585434,xattn
175,1,0.009259259328246117,xattn
168,2,0.011250000447034836,xattn
169,2,0.01120796985924244,xattn
170,2,0.01875000074505806,xattn
171,2,0.016290726140141487,xattn
172,2,0.015113350003957748,xattn
173,2,0.008805031888186932,xattn
174,2,0.007594936527311802,xattn
175,2,0.007556675001978874,xattn
176,0,0.0,xattn
177,0,0.0,xattn
178,0,0.0,xattn
179,0,0.0,xattn
180,0,0.0,xattn
181,0,0.0,xattn
182,0,0.0,xattn
183,0,0.0,xattn
176,1,0.016483517363667488,xattn
177,1,0.02747252769768238,xattn
178,1,0.021978022530674934,xattn
179,1,0.016483517363667488,xattn
180,1,0.005494505632668734,xattn
181,1,0.010989011265337467,xattn
182,1,0.016483517363667488,xattn
183,1,0.049450550228357315,xattn
176,2,0.018281536176800728,xattn
177,2,0.012658228166401386,xattn
178,2,0.005424954928457737,xattn
179,2,0.0,xattn
180,2,0.0,xattn
181,2,0.007233273237943649,xattn
182,2,0.008976660668849945,xattn
183,2,0.008787346072494984,xattn
184,0,0.0,xattn
185,0,0.0,xattn
186,0,0.0,xattn
187,0,0.0,xattn
188,0,0.0,xattn
189,0,0.0,xattn
190,0,0.0,xattn
191,0,0.0,xattn
184,1,0.04210526496171951,xattn
185,1,0.04736842215061188,xattn
186,1,0.031578946858644485,xattn
187,1,0.04210526496171951,xattn
188,1,0.04736842215061188,xattn
189,1,0.031578946858644485,xattn
190,1,0.04736842215061188,xattn
191,1,0.031578946858644485,xattn
184,2,0.01184068899601698,xattn
185,2,0.01184068899601698,xattn
186,2,0.01523394975811243,xattn
187,2,0.016268979758024216,xattn
188,2,0.01621621660888195,xattn
189,2,0.011815252713859081,xattn
190,2,0.01076426263898611,xattn
191,2,0.01083423662930727,xattn
192,0,0.0,xattn
193,0,0.0,xattn
194,0,0.0,xattn
195,0,0.0,xattn
196,0,0.0,xattn
197,0,0.0,xattn
198,0,0.0,xattn
199,0,0.0,xattn
192,1,0.36036035418510437,xattn
193,1,0.36936935782432556,xattn
194,1,0.4112149477005005,xattn
195,1,0.4554455578327179,xattn
196,1,0.47959184646606445,xattn
197,1,0.4183673560619354,xattn
198,1,0.41747573018074036,xattn
199,1,0.43877550959587097,xattn
192,2,0.1021355614066124,xattn
193,2,0.11455398797988892,xattn
194,2,0.10747663676738739,xattn
195,2,0.10580524057149887,xattn
196,2,0.09876543283462524,xattn
197,2,0.08568738400936127,xattn
198,2,0.07252946496009827,xattn
199,2,0.08003679662942886,xattn
200,0,0.0,xattn
201,0,0.0,xattn
202,0,0.0,xattn
203,0,0.0,xattn
204,0,0.0,xattn
205,0,0.0,xattn
206,0,0.0,xattn
207,0,0.0,xattn
200,1,0.2590361535549164,xattn
201,1,0.28070175647735596,xattn
202,1,0.3072289228439331,xattn
203,1,0.34545454382896423,xattn
204,1,0.35185185074806213,xattn
205,1,0.37106919288635254,xattn
206,1,0.37974682450294495,xattn
207,1,0.44936707615852356,xattn
200,2,0.057318322360515594,xattn
201,2,0.06363636255264282,xattn
202,2,0.07441386580467224,xattn
203,2,0.08950617164373398,xattn
204,2,0.10509554296731949,xattn
205,2,0.12055974453687668,xattn
206,2,0.1256656050682068,xattn
207,2,0.1428571492433548,xattn
208,0,0.0,xattn
209,0,0.0,xattn
210,0,0.0,xattn
211,0,0.0,xattn
212,0,0.0,xattn
213,0,0.0,xattn
214,0,0.0,xattn
215,0,0.0,xattn
208,1,0.32044199109077454,xattn
209,1,0.3595505654811859,xattn
210,1,0.32065218687057495,xattn
211,1,0.2947368323802948,xattn
212,1,0.31016042828559875,xattn
213,1,0.3222222328186035,xattn
214,1,0.2711864411830902,xattn
215,1,0.31976744532585144,xattn
208,2,0.15030060708522797,xattn
209,2,0.1461232602596283,xattn
210,2,0.13976377248764038,xattn
211,2,0.13081395626068115,xattn
212,2,0.1364082396030426,xattn
213,2,0.13899999856948853,xattn
214,2,0.14646996557712555,xattn
215,2,0.14300736784934998,xattn
216,0,0.0,xattn
217,0,0.0,xattn
218,0,0.0,xattn
219,0,0.0,xattn
220,0,0.0,xattn
221,0,0.0,xattn
222,0,0.0,xattn
223,0,0.0,xattn
216,1,0.26877471804618835,xattn
217,1,0.2868216931819916,xattn
218,1,0.25868725776672363,xattn
219,1,0.2684824764728546,xattn
220,1,0.2890625,xattn
221,1,0.27734375,xattn
222,1,0.24513618648052216,xattn
223,1,0.2432432472705841,xattn
216,2,0.1514161229133606,xattn
217,2,0.16684378683567047,xattn
218,2,0.1439075618982315,xattn
219,2,0.1320166289806366,xattn
220,2,0.14791665971279144,xattn
221,2,0.14616192877292633,xattn
222,2,0.13847780227661133,xattn
223,2,0.14164003729820251,xattn
224,0,0.0,xattn
225,0,0.0,xattn
226,0,0.0,xattn
227,0,0.0,xattn
228,0,0.0,xattn
229,0,0.0,xattn
230,0,0.0,xattn
231,0,0.0,xattn
224,1,0.19323670864105225,xattn
225,1,0.19138756394386292,xattn
226,1,0.19617225229740143,xattn
227,1,0.17391304671764374,xattn
228,1,0.1909547746181488,xattn
229,1,0.21717171370983124,xattn
230,1,0.22051282227039337,xattn
231,1,0.18974359333515167,xattn
224,2,0.12312030047178268,xattn
225,2,0.12978525459766388,xattn
226,2,0.12756052613258362,xattn
227,2,0.12488174438476562,xattn
228,2,0.1192748099565506,xattn
229,2,0.11153479665517807,xattn
230,2,0.11293436586856842,xattn
231,2,0.11100292205810547,xattn
232,0,0.0,xattn
233,0,0.0,xattn
234,0,0.0,xattn
235,0,0.0,xattn
236,0,0.0,xattn
237,0,0.0,xattn
238,0,0.0,xattn
239,0,0.0,xattn
232,1,0.11822660267353058,xattn
233,1,0.1442786008119583,xattn
234,1,0.15736040472984314,xattn
235,1,0.17000000178813934,xattn
236,1,0.18974359333515167,xattn
237,1,0.20000000298023224,xattn
238,1,0.20499999821186066,xattn
239,1,0.24226804077625275,xattn
232,2,0.08315098285675049,xattn
233,2,0.08449197560548782,xattn
234,2,0.08728448301553726,xattn
235,2,0.10966341197490692,xattn
236,2,0.13555555045604706,xattn
237,2,0.15005598962306976,xattn
238,2,0.16835017502307892,xattn
239,2,0.18263810873031616,xattn
240,0,0.0,xattn
241,0,0.0,xattn
242,0,0.0,xattn
243,0,0.0,xattn
244,0,0.0,xattn
245,0,0.0,xattn
246,0,0.0,xattn
247,0,0.0,xattn
240,1,0.1990521401166916,xattn
241,1,0.23923444747924805,xattn
242,1,0.27272728085517883,xattn
243,1,0.29441624879837036,xattn
244,1,0.296875,xattn
245,1,0.2947368323802948,xattn
246,1,0.2771739065647125,xattn
247,1,0.26923078298568726,xattn
240,2,0.14312976598739624,xattn
241,2,0.13747645914554596,xattn
242,2,0.12288930267095566,xattn
243,2,0.10332103073596954,xattn
244,2,0.09461966902017593,xattn
245,2,0.0912511795759201,xattn
246,2,0.08510638028383255,xattn
247,2,0.07729941606521606,xattn
248,0,0.0,xattn
249,0,0.0,xattn
250,0,0.0,xattn
251,0,0.0,xattn
252,0,0.0,xattn
253,0,0.0,xattn
254,0,0.0,xattn
255,0,0.0,xattn
248,1,0.2934131622314453,xattn
249,1,0.29411765933036804,xattn
250,1,0.28735631704330444,xattn
251,1,0.2914285659790039,xattn
252,1,0.3028571307659149,xattn
253,1,0.2954545319080353,xattn
254,1,0.29651162028312683,xattn
255,1,0.2947976887226105,xattn
248,2,0.07722309231758118,xattn
249,2,0.07049808651208878,xattn
250,2,0.06641509383916855,xattn
251,2,0.06254653632640839,xattn
252,2,0.06351550668478012,xattn
253,2,0.07137546688318253,xattn
254,2,0.06362275779247284,xattn
255,2,0.0749063640832901,xattn
256,0,0.0,xattn
257,0,0.0,xattn
258,0,0.0,xattn
259,0,0.0,xattn
260,0,0.0,xattn
261,0,0.0,xattn
262,0,0.0,xattn
263,0,0.0,xattn
256,1,0.33870968222618103,xattn
257,1,0.3333333432674408,xattn
258,1,0.3233082592487335,xattn
259,1,0.3515625,xattn
260,1,0.36090224981307983,xattn
261,1,0.4878048896789551,xattn
262,1,0.5701754093170166,xattn
263,1,0.530434787273407,xattn
256,2,0.08673027157783508,xattn
257,2,0.08913412690162659,xattn
258,2,0.07049180567264557,xattn
259,2,0.07307060807943344,xattn
260,2,0.08285003900527954,xattn
261,2,0.09083333611488342,xattn
262,2,0.09780775755643845,xattn
263,2,0.10356536507606506,xattn
264,0,0.0,xattn
265,0,0.0,xattn
266,0,0.0,xattn
267,0,0.0,xattn
268,0,0.0,xattn
269,0,0.0,xattn
270,0,0.0,xattn
271,0,0.0,xattn
264,1,0.2977527976036072,xattn
265,1,0.31578946113586426,xattn
266,1,0.34545454382896423,xattn
267,1,0.379518061876297,xattn
268,1,0.34337350726127625,xattn
269,1,0.3393939435482025,xattn
270,1,0.3353293538093567,xattn
271,1,0.32098764181137085,xattn
264,2,0.0661696195602417,xattn
265,2,0.04549675062298775,xattn
266,2,0.04541154205799103,xattn
267,2,0.0512104295194149,xattn
268,2,0.06155303120613098,xattn
269,2,0.0644850805401802,xattn
270,2,0.06743738055229187,xattn
271,2,0.07290640473365784,xattn
272,0,0.0,xattn
273,0,0.0,xattn
274,0,0.0,xattn
275,0,0.0,xattn
276,0,0.0,xattn
277,0,0.0,xattn
278,0,0.0,xattn
279,0,0.0,xattn
272,1,0.2398523986339569,xattn
273,1,0.25,xattn
274,1,0.2518518567085266,xattn
275,1,0.2610294222831726,xattn
276,1,0.26492536067962646,xattn
277,1,0.2744360864162445,xattn
278,1,0.2744360864162445,xattn
279,1,0.2679245173931122,xattn
272,2,0.1626666635274887,xattn
273,2,0.1645907461643219,xattn
274,2,0.17112299799919128,xattn
275,2,0.1742222160100937,xattn
276,2,0.16755318641662598,xattn
277,2,0.1708185076713562,xattn
278,2,0.16235503554344177,xattn
279,2,0.17027026414871216,xattn
280,0,0.0,xattn
281,0,0.0,xattn
282,0,0.0,xattn
283,0,0.0,xattn
284,0,0.0,xattn
285,0,0.0,xattn
286,0,0.0,xattn
287,0,0.0,xattn
280,1,0.18134714663028717,xattn
281,1,0.18518517911434174,xattn
282,1,0.1989247351884842,xattn
283,1,0.1925133615732193,xattn
284,1,0.190476194024086,xattn
285,1,0.1945945918560028,xattn
286,1,0.20111732184886932,xattn
287,1,0.1977401077747345,xattn
280,2,0.18869426846504211,xattn
281,2,0.18427322804927826,xattn
282,2,0.18730159103870392,xattn
283,2,0.18636003136634827,xattn
284,2,0.18615752458572388,xattn
285,2,0.185419961810112,xattn
286,2,0.1772654950618744,xattn
287,2,0.175298810005188,xattn
288,0,0.0,xattn
289,0,0.0,xattn
290,0,0.0,xattn
291,0,0.0,xattn
292,0,0.0,xattn
293,0,0.0,xattn
294,0,0.0,xattn
295,0,0.0,xattn
288,1,0.25418993830680847,xattn
289,1,0.25207754969596863,xattn
290,1,0.25207754969596863,xattn
291,1,0.25833332538604736,xattn
292,1,0.25495749711990356,xattn
293,1,0.27635326981544495,xattn
294,1,0.266475647687912,xattn
295,1,0.26224783062934875,xattn
288,2,0.1647612601518631,xattn
289,2,0.16150739789009094,xattn
290,2,0.16272789239883423,xattn
291,2,0.16621437668800354,xattn
292,2,0.1684931516647339,xattn
293,2,0.17817679047584534,xattn
294,2,0.1802366077899933,xattn
295,2,0.18430273234844208,xattn
296,0,0.0,xattn
297,0,0.0,xattn
298,0,0.0,xattn
299,0,0.0,xattn
300,0,0.0,xattn
301,0,0.0,xattn
302,0,0.0,xattn
303,0,0.0,xattn
296,1,0.2808988690376282,xattn
297,1,0.28195488452911377,xattn
298,1,0.290076345205307,xattn
299,1,0.303846150636673,xattn
300,1,0.302325576543808,xattn
301,1,0.2857142984867096,xattn
302,1,0.2980392277240753,xattn
303,1,0.29571983218193054,xattn
296,2,0.20522978901863098,xattn
297,2,0.20813396573066711,xattn
298,2,0.202229306101799,xattn
299,2,0.20413026213645935,xattn
300,2,0.21035856008529663,xattn
301,2,0.20976781845092773,xattn
302,2,0.20870265364646912,xattn
303,2,0.19887730479240417,xattn
304,0,0.0,xattn
305,0,0.0,xattn
306,0,0.0,xattn
307,0,0.0,xattn
308,0,0.0,xattn
309,0,0.0,xattn
310,0,0.0,xattn
311,0,0.0,xattn
304,1,0.33047211170196533,xattn
305,1,0.32203391194343567,xattn
306,1,0.3164556920528412,xattn
307,1,0.3122362792491913,xattn
308,1,0.3206751048564911,xattn
309,1,0.3021276593208313,xattn
310,1,0.29535865783691406,xattn
311,1,0.2887931168079376,xattn
304,2,0.18957704305648804,xattn
305,2,0.18759454786777496,xattn
306,2,0.18099547922611237,xattn
307,2,0.17394578456878662,xattn
308,2,0.1721804440021515,xattn
309,2,0.17093373835086823,xattn
310,2,0.17296072840690613,xattn
311,2,0.16312594711780548,xattn
312,0,0.0,xattn
313,0,0.0,xattn
314,0,0.0,xattn
315,0,0.0,xattn
316,0,0.0,xattn
317,0,0.0,xattn
318,0,0.0,xattn
319,0,0.0,xattn
312,1,0.31620553135871887,xattn
313,1,0.3125,xattn
314,1,0.3137255012989044,xattn
315,1,0.32421875,xattn
316,1,0.328125,xattn
317,1,0.32421875,xattn
318,1,0.31889763474464417,xattn
319,1,0.3083004057407379,xattn
312,2,0.1526530683040619,xattn
313,2,0.1489015519618988,xattn
314,2,0.14413680136203766,xattn
315,2,0.1465798020362854,xattn
316,2,0.146601140499115,xattn
317,2,0.1435602903366089,xattn
318,2,0.14710743725299835,xattn
319,2,0.14867109060287476,xattn
320,0,0.0,xattn
321,0,0.0,xattn
322,0,0.0,xattn
323,0,0.0,xattn
324,0,0.0,xattn
325,0,0.0,xattn
326,0,0.0,xattn
327,0,0.0,xattn
320,1,0.3076923191547394,xattn
321,1,0.3093922734260559,xattn
322,1,0.3038673996925354,xattn
323,1,0.2983425557613373,xattn
324,1,0.2944444417953491,xattn
325,1,0.29885056614875793,xattn
326,1,0.3125,xattn
327,1,0.30635836720466614,xattn
320,2,0.13891363143920898,xattn
321,2,0.13487133383750916,xattn
322,2,0.13861386477947235,xattn
323,2,0.14054054021835327,xattn
324,2,0.14259764552116394,xattn
325,2,0.13503649830818176,xattn
326,2,0.13644689321517944,xattn
327,2,0.1400921642780304,xattn
328,0,0.0,xattn
329,0,0.0,xattn
330,0,0.0,xattn
331,0,0.0,xattn
332,0,0.0,xattn
333,0,0.0,xattn
334,0,0.0,xattn
335,0,0.0,xattn
328,1,0.3105263113975525,xattn
329,1,0.3229166567325592,xattn
330,1,0.3036649227142334,xattn
331,1,0.30000001192092896,xattn
332,1,0.2916666567325592,xattn
333,1,0.2666666805744171,xattn
334,1,0.2602040767669678,xattn
335,1,0.27319586277008057,xattn
328,2,0.1146983876824379,xattn
329,2,0.11993243545293808,xattn
330,2,0.10998307913541794,xattn
331,2,0.10650887340307236,xattn
332,2,0.10774410516023636,xattn
333,2,0.10584250837564468,xattn
334,2,0.10365335643291473,xattn
335,2,0.10289115458726883,xattn
336,0,0.0,xattn
337,0,0.0,xattn
338,0,0.0,xattn
339,0,0.0,xattn
340,0,0.0,xattn
341,0,0.0,xattn
342,0,0.0,xattn
343,0,0.0,xattn
336,1,0.25628140568733215,xattn
337,1,0.23762376606464386,xattn
338,1,0.26767677068710327,xattn
339,1,0.27979275584220886,xattn
340,1,0.28042328357696533,xattn
341,1,0.2978723347187042,xattn
342,1,0.2978723347187042,xattn
343,1,0.30481284856796265,xattn
336,2,0.10899470746517181,xattn
337,2,0.11064278334379196,xattn
338,2,0.1148577481508255,xattn
339,2,0.1131078228354454,xattn
340,2,0.1054852306842804,xattn
341,2,0.10275423526763916,xattn
342,2,0.10543131083250046,xattn
343,2,0.10374331474304199,xattn
344,0,0.0,xattn
345,0,0.0,xattn
346,0,0.0,xattn
347,0,0.0,xattn
348,0,0.0,xattn
349,0,0.0,xattn
350,0,0.0,xattn
351,0,0.0,xattn
344,1,0.3309352397918701,xattn
345,1,0.3333333432674408,xattn
346,1,0.3309352397918701,xattn
347,1,0.3309352397918701,xattn
348,1,0.3309352397918701,xattn
349,1,0.316546767950058,xattn
350,1,0.2949640154838562,xattn
351,1,0.2846715450286865,xattn
344,2,0.09960552304983139,xattn
345,2,0.09556650370359421,xattn
346,2,0.09476801753044128,xattn
347,2,0.09486165642738342,xattn
348,2,0.09693372994661331,xattn
349,2,0.099703848361969,xattn
350,2,0.099108025431633,xattn
351,2,0.09731876850128174,xattn
352,0,0.0,xattn
353,0,0.0,xattn
354,0,0.0,xattn
355,0,0.0,xattn
356,0,0.0,xattn
357,0,0.0,xattn
358,0,0.0,xattn
359,0,0.0,xattn
352,1,0.3194444477558136,xattn
353,1,0.3216783106327057,xattn
354,1,0.30985915660858154,xattn
355,1,0.3120567500591278,xattn
356,1,0.3214285671710968,xattn
357,1,0.3285714387893677,xattn
358,1,0.326241135597229,xattn
359,1,0.3239436745643616,xattn
352,2,0.09581498056650162,xattn
353,2,0.09070796519517899,xattn
354,2,0.08574610203504562,xattn
355,2,0.08351892977952957,xattn
356,2,0.08361203968524933,xattn
357,2,0.08724832534790039,xattn
358,2,0.08361203968524933,xattn
359,2,0.08491620421409607,xattn
360,0,0.0,xattn
361,0,0.0,xattn
362,0,0.0,xattn
363,0,0.0,xattn
364,0,0.0,xattn
365,0,0.0,xattn
366,0,0.0,xattn
367,0,0.0,xattn
360,1,0.22314049303531647,xattn
361,1,0.2222222238779068,xattn
362,1,0.23849372565746307,xattn
363,1,0.24166665971279144,xattn
364,1,0.24066390097141266,xattn
365,1,0.24686191976070404,xattn
366,1,0.25630253553390503,xattn
367,1,0.24481327831745148,xattn
360,2,0.04106463864445686,xattn
361,2,0.04006046801805496,xattn
362,2,0.040030211210250854,xattn
363,2,0.03973013535141945,xattn
364,2,0.03883495181798935,xattn
365,2,0.038805969059467316,xattn
366,2,0.04026845470070839,xattn
367,2,0.036377135664224625,xattn
368,0,0.0,xattn
369,0,0.0,xattn
370,0,0.0,xattn
371,0,0.0,xattn
372,0,0.0,xattn
373,0,0.0,xattn
374,0,0.0,xattn
375,0,0.0,xattn
368,1,0.08465608209371567,xattn
369,1,0.08421052992343903,xattn
370,1,0.09326425194740295,xattn
371,1,0.09793814271688461,xattn
372,1,0.09793814271688461,xattn
373,1,0.09278350323438644,xattn
374,1,0.09743589907884598,xattn
375,1,0.0923076942563057,xattn
368,2,0.03192279115319252,xattn
369,2,0.0317109152674675,xattn
370,2,0.035320088267326355,xattn
371,2,0.035950109362602234,xattn
372,2,0.035818714648485184,xattn
373,2,0.03506208956241608,xattn
374,2,0.036523010581731796,xattn
375,2,0.035740334540605545,xattn
376,0,0.0,xattn
377,0,0.0,xattn
378,0,0.0,xattn
379,0,0.0,xattn
380,0,0.0,xattn
381,0,0.0,xattn
382,0,0.0,xattn
383,0,0.0,xattn
376,1,0.23943662643432617,xattn
377,1,0.233146071434021,xattn
378,1,0.233146071434021,xattn
379,1,0.23033708333969116,xattn
380,1,0.23876404762268066,xattn
381,1,0.23876404762268066,xattn
382,1,0.23876404762268066,xattn
383,1,0.2415730357170105,xattn
376,2,0.011363636702299118,xattn
377,2,0.008238929323852062,xattn
378,2,0.007201645988970995,xattn
379,2,0.007216494996100664,xattn
380,2,0.007179487030953169,xattn
381,2,0.007106598932296038,xattn
382,2,0.007106598932296038,xattn
383,2,0.007106598932296038,xattn
384,0,0.0,xattn
385,0,0.0,xattn
386,0,0.0,xattn
387,0,0.0,xattn
388,0,0.0,xattn
389,0,0.0,xattn
390,0,0.0,xattn
391,0,0.0,xattn
384,1,0.25806450843811035,xattn
385,1,0.2601625919342041,xattn
386,1,0.2601625919342041,xattn
387,1,0.2612244784832001,xattn
388,1,0.26229506731033325,xattn
389,1,0.25925925374031067,xattn
390,1,0.25925925374031067,xattn
391,1,0.25819671154022217,xattn
384,2,0.01023541484028101,xattn
385,2,0.010256410576403141,xattn
386,2,0.010288066230714321,xattn
387,2,0.010309278033673763,xattn
388,2,0.009268795140087605,xattn
389,2,0.007238883059471846,xattn
390,2,0.007216494996100664,xattn
391,2,0.007209063041955233,xattn
392,0,0.0,xattn
393,0,0.0,xattn
394,0,0.0,xattn
395,0,0.0,xattn
396,0,0.0,xattn
397,0,0.0,xattn
398,0,0.0,xattn
399,0,0.0,xattn
392,1,0.2748091518878937,xattn
393,1,0.2748091518878937,xattn
394,1,0.27586206793785095,xattn
395,1,0.27586206793785095,xattn
396,1,0.27586206793785095,xattn
397,1,0.2730769217014313,xattn
398,1,0.2730769217014313,xattn
399,1,0.2664092779159546,xattn
392,2,0.01860920712351799,xattn
393,2,0.017716536298394203,xattn
394,2,0.017733989283442497,xattn
395,2,0.01678183674812317,xattn
396,2,0.016815034672617912,xattn
397,2,0.01480750273913145,xattn
398,2,0.009930486790835857,xattn
399,2,0.008964143693447113,xattn
400,0,0.0,xattn
401,0,0.0,xattn
402,0,0.0,xattn
403,0,0.0,xattn
404,0,0.0,xattn
405,0,0.0,xattn
406,0,0.0,xattn
407,0,0.0,xattn
400,1,0.2473498284816742,xattn
401,1,0.24468085169792175,xattn
402,1,0.25,xattn
403,1,0.24285714328289032,xattn
404,1,0.23571428656578064,xattn
405,1,0.2293906807899475,xattn
406,1,0.23297491669654846,xattn
407,1,0.22580644488334656,xattn
400,2,0.013402829878032207,xattn
401,2,0.013402829878032207,xattn
402,2,0.013452914543449879,xattn
403,2,0.013493252918124199,xattn
404,2,0.013554217293858528,xattn
405,2,0.012878787703812122,xattn
406,2,0.012977099046111107,xattn
407,2,0.01225114893168211,xattn
408,0,0.0,xattn
409,0,0.0,xattn
410,0,0.0,xattn
411,0,0.0,xattn
412,0,0.0,xattn
413,0,0.0,xattn
414,0,0.0,xattn
415,0,0.0,xattn
408,1,0.24172185361385345,xattn
409,1,0.2384105920791626,xattn
410,1,0.23666666448116302,xattn
411,1,0.23745819926261902,xattn
412,1,0.23745819926261902,xattn
413,1,0.2390572428703308,xattn
414,1,0.23648647964000702,xattn
415,1,0.23728813230991364,xattn
408,2,0.0,xattn
409,2,0.0,xattn
410,2,0.0,xattn
411,2,0.0,xattn
412,2,0.0,xattn
413,2,0.0,xattn
414,2,0.0,xattn
415,2,0.0,xattn
416,0,0.0,xattn
417,0,0.0,xattn
418,0,0.0,xattn
419,0,0.0,xattn
420,0,0.0,xattn
421,0,0.0,xattn
422,0,0.0,xattn
423,0,0.0,xattn
416,1,0.2242647111415863,xattn
417,1,0.21611721813678741,xattn
418,1,0.21691176295280457,xattn
419,1,0.2177121788263321,xattn
420,1,0.2132352888584137,xattn
421,1,0.21402214467525482,xattn
422,1,0.2118959128856659,xattn
423,1,0.21292775869369507,xattn
416,2,0.0058187865652143955,xattn
417,2,0.0041841003112494946,xattn
418,2,0.0042087542824447155,xattn
419,2,0.003389830468222499,xattn
420,2,0.0025619128718972206,xattn
421,2,0.0025751073844730854,xattn
422,2,0.0025862068869173527,xattn
423,2,0.0026155186351388693,xattn
424,0,0.0,xattn
425,0,0.0,xattn
426,0,0.0,xattn
427,0,0.0,xattn
428,0,0.0,xattn
429,0,0.0,xattn
430,0,0.0,xattn
431,0,0.0,xattn
424,1,0.2380952388048172,xattn
425,1,0.23376622796058655,xattn
426,1,0.23043477535247803,xattn
427,1,0.22707423567771912,xattn
428,1,0.2290748953819275,xattn
429,1,0.2321428507566452,xattn
430,1,0.2300885021686554,xattn
431,1,0.2331838607788086,xattn
424,2,0.0008787346305325627,xattn
425,2,0.0,xattn
426,2,0.0,xattn
427,2,0.0,xattn
428,2,0.0,xattn
429,2,0.0,xattn
430,2,0.0,xattn
431,2,0.0,xattn
432,0,0.0,xattn
433,0,0.0,xattn
434,0,0.0,xattn
435,0,0.0,xattn
436,0,0.0,xattn
437,0,0.0,xattn
438,0,0.0,xattn
439,0,0.0,xattn
432,1,0.20000000298023224,xattn
433,1,0.2142857164144516,xattn
434,1,0.23157894611358643,xattn
435,1,0.24598930776119232,xattn
436,1,0.2677595615386963,xattn
437,1,0.2777777910232544,xattn
438,1,0.27222222089767456,xattn
439,1,0.2768361568450928,xattn
432,2,0.16199377179145813,xattn
433,2,0.16353677213191986,xattn
434,2,0.1589663326740265,xattn
435,2,0.15258215367794037,xattn
436,2,0.14937107264995575,xattn
437,2,0.14996053278446198,xattn
438,2,0.1443217694759369,xattn
439,2,0.13432836532592773,xattn
440,0,0.0,xattn
441,0,0.0,xattn
442,0,0.0,xattn
443,0,0.0,xattn
444,0,0.0,xattn
445,0,0.0,xattn
446,0,0.0,xattn
447,0,0.0,xattn
440,1,0.24166665971279144,xattn
441,1,0.24894514679908752,xattn
442,1,0.2468085139989853,xattn
443,1,0.23829787969589233,xattn
444,1,0.24358974397182465,xattn
445,1,0.24786324799060822,xattn
446,1,0.23931623995304108,xattn
447,1,0.22746780514717102,xattn
440,2,0.1629297435283661,xattn
441,2,0.15915915369987488,xattn
442,2,0.14242878556251526,xattn
443,2,0.13704819977283478,xattn
444,2,0.13293051719665527,xattn
445,2,0.13525836169719696,xattn
446,2,0.12671755254268646,xattn
447,2,0.11710323393344879,xattn
448,0,0.0,xattn
449,0,0.0,xattn
450,0,0.0,xattn
451,0,0.0,xattn
452,0,0.0,xattn
453,0,0.0,xattn
454,0,0.0,xattn
455,0,0.0,xattn
448,1,0.2130434811115265,xattn
449,1,0.20087336003780365,xattn
450,1,0.19565217196941376,xattn
451,1,0.19213974475860596,xattn
452,1,0.18340611457824707,xattn
453,1,0.17903929948806763,xattn
454,1,0.17903929948806763,xattn
455,1,0.17467248439788818,xattn
448,2,0.08261287212371826,xattn
449,2,0.07907425612211227,xattn
450,2,0.07647628337144852,xattn
451,2,0.0757281556725502,xattn
452,2,0.06796116381883621,xattn
453,2,0.06401552259922028,xattn
454,2,0.06329113990068436,xattn
455,2,0.059454191476106644,xattn
456,0,0.0,xattn
457,0,0.0,xattn
458,0,0.0,xattn
459,0,0.0,xattn
460,0,0.0,xattn
461,0,0.0,xattn
462,0,0.0,xattn
463,0,0.0,xattn
456,1,0.19680851697921753,xattn
457,1,0.1978609561920166,xattn
458,1,0.1925133615732193,xattn
459,1,0.1818181872367859,xattn
460,1,0.1764705926179886,xattn
461,1,0.17204301059246063,xattn
462,1,0.17204301059246063,xattn
463,1,0.1666666716337204,xattn
456,2,0.06266549229621887,xattn
457,2,0.059135038405656815,xattn
458,2,0.05747126415371895,xattn
459,2,0.05486725643277168,xattn
460,2,0.05235137417912483,xattn
461,2,0.04800000041723251,xattn
462,2,0.04727921634912491,xattn
463,2,0.04647006094455719,xattn
464,0,0.0,xattn
465,0,0.0,xattn
466,0,0.0,xattn
467,0,0.0,xattn
468,0,0.0,xattn
469,0,0.0,xattn
470,0,0.0,xattn
471,0,0.0,xattn
464,1,0.23333333432674408,xattn
465,1,0.23333333432674408,xattn
466,1,0.2118644118309021,xattn
467,1,0.19491524994373322,xattn
468,1,0.19491524994373322,xattn
469,1,0.18644067645072937,xattn
470,1,0.18644067645072937,xattn
471,1,0.18644067645072937,xattn
464,2,0.05210237577557564,xattn
465,2,0.04849039390683174,xattn
466,2,0.04507819563150406,xattn
467,2,0.04524469003081322,xattn
468,2,0.043357934802770615,xattn
469,2,0.043397966772317886,xattn
470,2,0.042553190141916275,xattn
471,2,0.041705284267663956,xattn
472,0,0.0,xattn
473,0,0.0,xattn
474,0,0.0,xattn
475,0,0.0,xattn
476,0,0.0,xattn
477,0,0.0,xattn
478,0,0.0,xattn
479,0,0.0,xattn
472,1,0.5024154782295227,xattn
473,1,0.5170731544494629,xattn
474,1,0.5346534848213196,xattn
475,1,0.5522388219833374,xattn
476,1,0.5550000071525574,xattn
477,1,0.5346534848213196,xattn
478,1,0.5396039485931396,xattn
479,1,0.5450000166893005,xattn
472,2,0.17720207571983337,xattn
473,2,0.17634855210781097,xattn
474,2,0.1767151802778244,xattn
475,2,0.17738589644432068,xattn
476,2,0.17842324078083038,xattn
477,2,0.17494824528694153,xattn
478,2,0.17543859779834747,xattn
479,2,0.1738683134317398,xattn
480,0,0.0,xattn
481,0,0.0,xattn
482,0,0.0,xattn
483,0,0.0,xattn
484,0,0.0,xattn
485,0,0.0,xattn
486,0,0.0,xattn
487,0,0.0,xattn
480,1,0.5339806079864502,xattn
481,1,0.5219511985778809,xattn
482,1,0.5170731544494629,xattn
483,1,0.5170731544494629,xattn
484,1,0.49514561891555786,xattn
485,1,0.48543688654899597,xattn
486,1,0.48792269825935364,xattn
487,1,0.49514561891555786,xattn
480,2,0.16719242930412292,xattn
481,2,0.1663135588169098,xattn
482,2,0.16436903178691864,xattn
483,2,0.16227607429027557,xattn
484,2,0.1590668112039566,xattn
485,2,0.1622198522090912,xattn
486,2,0.1659528911113739,xattn
487,2,0.17189189791679382,xattn
488,0,0.0,xattn
489,0,0.0,xattn
490,0,0.0,xattn
491,0,0.0,xattn
492,0,0.0,xattn
493,0,0.0,xattn
494,0,0.0,xattn
495,0,0.0,xattn
488,1,0.47959184646606445,xattn
489,1,0.47448980808258057,xattn
490,1,0.48969072103500366,xattn
491,1,0.49740931391716003,xattn
492,1,0.4895833432674408,xattn
493,1,0.4922279715538025,xattn
494,1,0.5210526585578918,xattn
495,1,0.5449735522270203,xattn
488,2,0.18006795644760132,xattn
489,2,0.1818181872367859,xattn
490,2,0.18442153930664062,xattn
491,2,0.1870669722557068,xattn
492,2,0.18931475281715393,xattn
493,2,0.18997669219970703,xattn
494,2,0.1885913908481598,xattn
495,2,0.18628571927547455,xattn
496,0,0.0,xattn
497,0,0.0,xattn
498,0,0.0,xattn
499,0,0.0,xattn
500,0,0.0,xattn
501,0,0.0,xattn
502,0,0.0,xattn
503,0,0.0,xattn
496,1,0.4923076927661896,xattn
497,1,0.5025906562805176,xattn
498,1,0.523809552192688,xattn
499,1,0.5343915224075317,xattn
500,1,0.5291005373001099,xattn
501,1,0.521276593208313,xattn
502,1,0.5080214142799377,xattn
503,1,0.5080214142799377,xattn
496,2,0.1981891393661499,xattn
497,2,0.1947527676820755,xattn
498,2,0.19110211730003357,xattn
499,2,0.1851106584072113,xattn
500,2,0.17989949882030487,xattn
501,2,0.17356206476688385,xattn
502,2,0.17206478118896484,xattn
503,2,0.16952572762966156,xattn
504,0,0.0,xattn
505,0,0.0,xattn
506,0,0.0,xattn
507,0,0.0,xattn
508,0,0.0,xattn
509,0,0.0,xattn
510,0,0.0,xattn
511,0,0.0,xattn
504,1,0.4355555474758148,xattn
505,1,0.4330357015132904,xattn
506,1,0.4273127615451813,xattn
507,1,0.4235807955265045,xattn
508,1,0.41484716534614563,xattn
509,1,0.4017467200756073,xattn
510,1,0.3842794895172119,xattn
511,1,0.375545859336853,xattn
504,2,0.17214912176132202,xattn
505,2,0.17142857611179352,xattn
506,2,0.17124038934707642,xattn
507,2,0.17011995613574982,xattn
508,2,0.17105263471603394,xattn
509,2,0.1712707132101059,xattn
510,2,0.17073170840740204,xattn
511,2,0.1685267835855484,xattn
512,0,0.0,xattn
513,0,0.0,xattn
514,0,0.0,xattn
515,0,0.0,xattn
516,0,0.0,xattn
517,0,0.0,xattn
518,0,0.0,xattn
519,0,0.0,xattn
512,1,0.5241379141807556,xattn
513,1,0.5277777910232544,xattn
514,1,0.5069444179534912,xattn
515,1,0.5103448033332825,xattn
516,1,0.47999998927116394,xattn
517,1,0.5103448033332825,xattn
518,1,0.5492957830429077,xattn
519,1,0.5815602540969849,xattn
512,2,0.14759725332260132,xattn
513,2,0.1456422060728073,xattn
514,2,0.14384350180625916,xattn
515,2,0.14121699333190918,xattn
516,2,0.1365688443183899,xattn
517,2,0.1309794932603836,xattn
518,2,0.13053348660469055,xattn
519,2,0.13009050488471985,xattn
520,0,0.0,xattn
521,0,0.0,xattn
522,0,0.0,xattn
523,0,0.0,xattn
524,0,0.0,xattn
525,0,0.0,xattn
526,0,0.0,xattn
527,0,0.0,xattn
520,1,0.4300518035888672,xattn
521,1,0.4111675024032593,xattn
522,1,0.4153846204280853,xattn
523,1,0.42268040776252747,xattn
524,1,0.4153846204280853,xattn
525,1,0.42268040776252747,xattn
526,1,0.4293193817138672,xattn
527,1,0.4293193817138672,xattn
520,2,0.11876484751701355,xattn
521,2,0.11203814297914505,xattn
522,2,0.11177170276641846,xattn
523,2,0.11190476268529892,xattn
524,2,0.10859188437461853,xattn
525,2,0.10804321616888046,xattn
526,2,0.10463733971118927,xattn
527,2,0.10791366547346115,xattn
528,0,0.0,xattn
529,0,0.0,xattn
530,0,0.0,xattn
531,0,0.0,xattn
532,0,0.0,xattn
533,0,0.0,xattn
534,0,0.0,xattn
535,0,0.0,xattn
528,1,0.5310344696044922,xattn
529,1,0.5241379141807556,xattn
530,1,0.5,xattn
531,1,0.4966442883014679,xattn
532,1,0.517241358757019,xattn
533,1,0.5460993051528931,xattn
534,1,0.5174825191497803,xattn
535,1,0.568345308303833,xattn
528,2,0.11207834631204605,xattn
529,2,0.1126914694905281,xattn
530,2,0.1119648739695549,xattn
531,2,0.1150442510843277,xattn
532,2,0.11491712927818298,xattn
533,2,0.11738649010658264,xattn
534,2,0.11804009228944778,xattn
535,2,0.11640798300504684,xattn
536,0,0.0,xattn
537,0,0.0,xattn
538,0,0.0,xattn
539,0,0.0,xattn
540,0,0.0,xattn
541,0,0.0,xattn
542,0,0.0,xattn
543,0,0.0,xattn
536,1,0.47770699858665466,xattn
537,1,0.5032258033752441,xattn
538,1,0.5064102411270142,xattn
539,1,0.5063291192054749,xattn
540,1,0.4873417615890503,xattn
541,1,0.48427674174308777,xattn
542,1,0.48427674174308777,xattn
543,1,0.46875,xattn
536,2,0.12776024639606476,xattn
537,2,0.12618295848369598,xattn
538,2,0.12877583503723145,xattn
539,2,0.12598425149917603,xattn
540,2,0.12264151126146317,xattn
541,2,0.1246056780219078,xattn
542,2,0.12264151126146317,xattn
543,2,0.12025316804647446,xattn
544,0,0.0,xattn
545,0,0.0,xattn
546,0,0.0,xattn
547,0,0.0,xattn
548,0,0.0,xattn
549,0,0.0,xattn
550,0,0.0,xattn
551,0,0.0,xattn
544,1,0.5038759708404541,xattn
545,1,0.5327869057655334,xattn
546,1,0.5289255976676941,xattn
547,1,0.5333333611488342,xattn
548,1,0.5166666507720947,xattn
549,1,0.5378151535987854,xattn
550,1,0.5254237055778503,xattn
551,1,0.5206611752510071,xattn
544,2,0.11795543879270554,xattn
545,2,0.11671087890863419,xattn
546,2,0.11417322605848312,xattn
547,2,0.115079365670681,xattn
548,2,0.11843876540660858,xattn
549,2,0.12247644364833832,xattn
550,2,0.1212937980890274,xattn
551,2,0.12247644364833832,xattn
552,0,0.0,xattn
553,0,0.0,xattn
554,0,0.0,xattn
555,0,0.0,xattn
556,0,0.0,xattn
557,0,0.0,xattn
558,0,0.0,xattn
559,0,0.0,xattn
552,1,0.4932432472705841,xattn
553,1,0.5034013390541077,xattn
554,1,0.5136986374855042,xattn
555,1,0.5102040767669678,xattn
556,1,0.5102040767669678,xattn
557,1,0.5310344696044922,xattn
558,1,0.5454545617103577,xattn
559,1,0.5347222089767456,xattn
552,2,0.12191958725452423,xattn
553,2,0.12337662279605865,xattn
554,2,0.1263020783662796,xattn
555,2,0.1310615986585617,xattn
556,2,0.1310615986585617,xattn
557,2,0.13962766528129578,xattn
558,2,0.14574898779392242,xattn
559,2,0.1489071100950241,xattn
560,0,0.0,xattn
561,0,0.0,xattn
562,0,0.0,xattn
563,0,0.0,xattn
564,0,0.0,xattn
565,0,0.0,xattn
566,0,0.0,xattn
567,0,0.0,xattn
560,1,0.4285714328289032,xattn
561,1,0.43795621395111084,xattn
562,1,0.4253731369972229,xattn
563,1,0.4285714328289032,xattn
564,1,0.446153849363327,xattn
565,1,0.43609023094177246,xattn
566,1,0.43939393758773804,xattn
567,1,0.43939393758773804,xattn
560,2,0.1326397955417633,xattn
561,2,0.1371280699968338,xattn
562,2,0.13947369158267975,xattn
563,2,0.14247669279575348,xattn
564,2,0.14477211236953735,xattn
565,2,0.14533333480358124,xattn
566,2,0.14131897687911987,xattn
567,2,0.1459459513425827,xattn
568,0,0.0,xattn
569,0,0.0,xattn
570,0,0.0,xattn
571,0,0.0,xattn
572,0,0.0,xattn
573,0,0.0,xattn
574,0,0.0,xattn
575,0,0.0,xattn
568,1,0.38728323578834534,xattn
569,1,0.36571428179740906,xattn
570,1,0.36781609058380127,xattn
571,1,0.35057470202445984,xattn
572,1,0.3636363744735718,xattn
573,1,0.37142857909202576,xattn
574,1,0.3942857086658478,xattn
575,1,0.3850574791431427,xattn
568,2,0.13915416598320007,xattn
569,2,0.14013604819774628,xattn
570,2,0.13918918371200562,xattn
571,2,0.1438356190919876,xattn
572,2,0.1428571492433548,xattn
573,2,0.14733970165252686,xattn
574,2,0.14769648015499115,xattn
575,2,0.15006820857524872,xattn
576,0,0.0,xattn
577,0,0.0,xattn
578,0,0.0,xattn
579,0,0.0,xattn
580,0,0.0,xattn
581,0,0.0,xattn
582,0,0.0,xattn
583,0,0.0,xattn
576,1,0.1666666716337204,xattn
577,1,0.16371680796146393,xattn
578,1,0.17777778208255768,xattn
579,1,0.1964285671710968,xattn
580,1,0.19909502565860748,xattn
581,1,0.2062780261039734,xattn
582,1,0.2142857164144516,xattn
583,1,0.18918919563293457,xattn
576,2,0.08182784169912338,xattn
577,2,0.08182784169912338,xattn
578,2,0.08016877621412277,xattn
579,2,0.0858960747718811,xattn
580,2,0.08653846383094788,xattn
581,2,0.095238097012043,xattn
582,2,0.10000000149011612,xattn
583,2,0.10656619817018509,xattn
584,0,0.0,xattn
585,0,0.0,xattn
586,0,0.0,xattn
587,0,0.0,xattn
588,0,0.0,xattn
589,0,0.0,xattn
590,0,0.0,xattn
591,0,0.0,xattn
584,1,0.21195651590824127,xattn
585,1,0.22631579637527466,xattn
586,1,0.21989528834819794,xattn
587,1,0.23280423879623413,xattn
588,1,0.2227979302406311,xattn
589,1,0.2319587618112564,xattn
590,1,0.23280423879623413,xattn
591,1,0.2083333283662796,xattn
584,2,0.10070257633924484,xattn
585,2,0.1071428582072258,xattn
586,2,0.11226851493120193,xattn
587,2,0.11022727191448212,xattn
588,2,0.11275626718997955,xattn
589,2,0.09843400120735168,xattn
590,2,0.0890868604183197,xattn
591,2,0.08453837782144547,xattn
592,0,0.0,xattn
593,0,0.0,xattn
594,0,0.0,xattn
595,0,0.0,xattn
596,0,0.0,xattn
597,0,0.0,xattn
598,0,0.0,xattn
599,0,0.0,xattn
592,1,0.1607142835855484,xattn
593,1,0.14855071902275085,xattn
594,1,0.1505376398563385,xattn
595,1,0.14695340394973755,xattn
596,1,0.14130434393882751,xattn
597,1,0.145454540848732,xattn
598,1,0.12996390461921692,xattn
599,1,0.12274368107318878,xattn
592,2,0.06917598843574524,xattn
593,2,0.057553958147764206,xattn
594,2,0.048155736178159714,xattn
595,2,0.04123711213469505,xattn
596,2,0.04559585452079773,xattn
597,2,0.05213764309883118,xattn
598,2,0.05561384931206703,xattn
599,2,0.05324813723564148,xattn
600,0,0.0,xattn
601,0,0.0,xattn
602,0,0.0,xattn
603,0,0.0,xattn
604,0,0.0,xattn
605,0,0.0,xattn
606,0,0.0,xattn
607,0,0.0,xattn
600,1,0.15126051008701324,xattn
601,1,0.12448132783174515,xattn
602,1,0.1469387710094452,xattn
603,1,0.15416666865348816,xattn
604,1,0.1735537201166153,xattn
605,1,0.17408907413482666,xattn
606,1,0.175298810005188,xattn
607,1,0.16733068227767944,xattn
600,2,0.06574923545122147,xattn
601,2,0.09345794469118118,xattn
602,2,0.09797822684049606,xattn
603,2,0.10719755291938782,xattn
604,2,0.11027190089225769,xattn
605,2,0.12977099418640137,xattn
606,2,0.14674735069274902,xattn
607,2,0.146487295627594,xattn
608,0,0.0,xattn
609,0,0.0,xattn
610,0,0.0,xattn
611,0,0.0,xattn
612,0,0.0,xattn
613,0,0.0,xattn
614,0,0.0,xattn
615,0,0.0,xattn
608,1,0.07531380653381348,xattn
609,1,0.0912863090634346,xattn
610,1,0.07468879967927933,xattn
611,1,0.06382978707551956,xattn
612,1,0.054393306374549866,xattn
613,1,0.06808510422706604,xattn
614,1,0.07234042882919312,xattn
615,1,0.11637931317090988,xattn
608,2,0.11545801162719727,xattn
609,2,0.11931817978620529,xattn
610,2,0.10931558907032013,xattn
611,2,0.09229305386543274,xattn
612,2,0.0916905477643013,xattn
613,2,0.08683206140995026,xattn
614,2,0.08662175387144089,xattn
615,2,0.10315186530351639,xattn
616,0,0.0,xattn
617,0,0.0,xattn
618,0,0.0,xattn
619,0,0.0,xattn
620,0,0.0,xattn
621,0,0.0,xattn
622,0,0.0,xattn
623,0,0.0,xattn
616,1,0.12544803321361542,xattn
617,1,0.13780918717384338,xattn
618,1,0.16961130499839783,xattn
619,1,0.158273383975029,xattn
620,1,0.2072727233171463,xattn
621,1,0.2014925330877304,xattn
622,1,0.26037734746932983,xattn
623,1,0.27099236845970154,xattn
616,2,0.11335577815771103,xattn
617,2,0.10852713137865067,xattn
618,2,0.12021858245134354,xattn
619,2,0.11771058291196823,xattn
620,2,0.11122994869947433,xattn
621,2,0.10957446694374084,xattn
622,2,0.1180851086974144,xattn
623,2,0.11182108521461487,xattn
624,0,0.0,xattn
625,0,0.0,xattn
626,0,0.0,xattn
627,0,0.0,xattn
628,0,0.0,xattn
629,0,0.0,xattn
630,0,0.0,xattn
631,0,0.0,xattn
624,1,0.268456369638443,xattn
625,1,0.2928571403026581,xattn
626,1,0.2945205569267273,xattn
627,1,0.2925170063972473,xattn
628,1,0.30405405163764954,xattn
629,1,0.326241135597229,xattn
630,1,0.3188405930995941,xattn
631,1,0.30656933784484863,xattn
624,2,0.1307106614112854,xattn
625,2,0.13863928616046906,xattn
626,2,0.13060179352760315,xattn
627,2,0.14431673288345337,xattn
628,2,0.1450381726026535,xattn
629,2,0.14543114602565765,xattn
630,2,0.1495448648929596,xattn
631,2,0.1484888345003128,xattn
632,0,0.0,xattn
633,0,0.0,xattn
634,0,0.0,xattn
635,0,0.0,xattn
636,0,0.0,xattn
637,0,0.0,xattn
638,0,0.0,xattn
639,0,0.0,xattn
632,1,0.28125,xattn
633,1,0.26543208956718445,xattn
634,1,0.2531645596027374,xattn
635,1,0.29032257199287415,xattn
636,1,0.34838709235191345,xattn
637,1,0.3529411852359772,xattn
638,1,0.39240506291389465,xattn
639,1,0.4012738764286041,xattn
632,2,0.14473684132099152,xattn
633,2,0.1430678516626358,xattn
634,2,0.1286982297897339,xattn
635,2,0.1350148320198059,xattn
636,2,0.12973761558532715,xattn
637,2,0.1383737474679947,xattn
638,2,0.15126051008701324,xattn
639,2,0.14425770938396454,xattn
640,0,0.0,xattn
641,0,0.0,xattn
642,0,0.0,xattn
643,0,0.0,xattn
644,0,0.0,xattn
645,0,0.0,xattn
646,0,0.0,xattn
647,0,0.0,xattn
640,1,0.3788819909095764,xattn
641,1,0.3827160596847534,xattn
642,1,0.38509318232536316,xattn
643,1,0.3860759437084198,xattn
644,1,0.37735849618911743,xattn
645,1,0.3670886158943176,xattn
646,1,0.35403725504875183,xattn
647,1,0.3641975224018097,xattn
640,2,0.1336633712053299,xattn
641,2,0.13805970549583435,xattn
642,2,0.14000000059604645,xattn
643,2,0.14483627676963806,xattn
644,2,0.15816326439380646,xattn
645,2,0.17029449343681335,xattn
646,2,0.17341771721839905,xattn
647,2,0.17293232679367065,xattn
648,0,0.0,xattn
649,0,0.0,xattn
650,0,0.0,xattn
651,0,0.0,xattn
652,0,0.0,xattn
653,0,0.0,xattn
654,0,0.0,xattn
655,0,0.0,xattn
648,1,0.2971698045730591,xattn
649,1,0.3222748935222626,xattn
650,1,0.33018869161605835,xattn
651,1,0.37264150381088257,xattn
652,1,0.38967135548591614,xattn
653,1,0.3785046637058258,xattn
654,1,0.38604649901390076,xattn
655,1,0.367441862821579,xattn
648,2,0.15489989519119263,xattn
649,2,0.1589958220720291,xattn
650,2,0.16597510874271393,xattn
651,2,0.1681957244873047,xattn
652,2,0.1778455227613449,xattn
653,2,0.18163470923900604,xattn
654,2,0.1836528778076172,xattn
655,2,0.19187816977500916,xattn
656,0,0.0,xattn
657,0,0.0,xattn
658,0,0.0,xattn
659,0,0.0,xattn
660,0,0.0,xattn
661,0,0.0,xattn
662,0,0.0,xattn
663,0,0.0,xattn
656,1,0.3883495032787323,xattn
657,1,0.38277512788772583,xattn
658,1,0.4126213490962982,xattn
659,1,0.40291261672973633,xattn
660,1,0.39320388436317444,xattn
661,1,0.38349515199661255,xattn
662,1,0.34951457381248474,xattn
663,1,0.31553396582603455,xattn
656,2,0.21212121844291687,xattn
657,2,0.22508399188518524,xattn
658,2,0.24180790781974792,xattn
659,2,0.24409449100494385,xattn
660,2,0.2345537692308426,xattn
661,2,0.23352600634098053,xattn
662,2,0.22690057754516602,xattn
663,2,0.20023418962955475,xattn
664,0,0.0,xattn
665,0,0.0,xattn
666,0,0.0,xattn
667,0,0.0,xattn
668,0,0.0,xattn
669,0,0.0,xattn
670,0,0.0,xattn
671,0,0.0,xattn
664,1,0.3641618490219116,xattn
665,1,0.34857141971588135,xattn
666,1,0.33714285492897034,xattn
667,1,0.3720930218696594,xattn
668,1,0.4226190447807312,xattn
669,1,0.39759036898612976,xattn
670,1,0.395061731338501,xattn
671,1,0.41290321946144104,xattn
664,2,0.16594640910625458,xattn
665,2,0.1666666716337204,xattn
666,2,0.16883116960525513,xattn
667,2,0.16984401643276215,xattn
668,2,0.1668122261762619,xattn
669,2,0.14952462911605835,xattn
670,2,0.129452645778656,xattn
671,2,0.11769834160804749,xattn
672,0,0.0,xattn
673,0,0.0,xattn
674,0,0.0,xattn
675,0,0.0,xattn
676,0,0.0,xattn
677,0,0.0,xattn
678,0,0.0,xattn
679,0,0.0,xattn
672,1,0.3154761791229248,xattn
673,1,0.3214285671710968,xattn
674,1,0.28742516040802,xattn
675,1,0.2822085916996002,xattn
676,1,0.31446540355682373,xattn
677,1,0.337579607963562,xattn
678,1,0.34838709235191345,xattn
679,1,0.34193548560142517,xattn
672,2,0.07417840510606766,xattn
673,2,0.06679210066795349,xattn
674,2,0.05838041380047798,xattn
675,2,0.0541825108230114,xattn
676,2,0.053588517010211945,xattn
677,2,0.05780346691608429,xattn
678,2,0.06627680361270905,xattn
679,2,0.07121951133012772,xattn
680,0,0.0,xattn
681,0,0.0,xattn
682,0,0.0,xattn
683,0,0.0,xattn
684,0,0.0,xattn
685,0,0.0,xattn
686,0,0.0,xattn
687,0,0.0,xattn
680,1,0.2982456088066101,xattn
681,1,0.321739137172699,xattn
682,1,0.2735042870044708,xattn
683,1,0.2542372941970825,xattn
684,1,0.23931623995304108,xattn
685,1,0.25,xattn
686,1,0.30434781312942505,xattn
687,1,0.3761467933654785,xattn
680,2,0.08159565180540085,xattn
681,2,0.08786232024431229,xattn
682,2,0.09190172702074051,xattn
683,2,0.09760589152574539,xattn
684,2,0.10185185074806213,xattn
685,2,0.11391223222017288,xattn
686,2,0.12324929982423782,xattn
687,2,0.135009303689003,xattn
688,0,0.0,xattn
689,0,0.0,xattn
690,0,0.0,xattn
691,0,0.0,xattn
692,0,0.0,xattn
693,0,0.0,xattn
694,0,0.0,xattn
695,0,0.0,xattn
688,1,0.34328359365463257,xattn
689,1,0.4320000112056732,xattn
690,1,0.4754098355770111,xattn
691,1,0.4566929042339325,xattn
692,1,0.4444444477558136,xattn
693,1,0.47580644488334656,xattn
694,1,0.5081967115402222,xattn
695,1,0.4958677589893341,xattn
688,2,0.1171586737036705,xattn
689,2,0.11617100238800049,xattn
690,2,0.12383612990379333,xattn
691,2,0.1304347813129425,xattn
692,2,0.12987013161182404,xattn
693,2,0.1403345763683319,xattn
694,2,0.1404494345188141,xattn
695,2,0.14432989060878754,xattn
696,0,0.0,xattn
697,0,0.0,xattn
698,0,0.0,xattn
699,0,0.0,xattn
700,0,0.0,xattn
701,0,0.0,xattn
702,0,0.0,xattn
703,0,0.0,xattn
696,1,0.4791666567325592,xattn
697,1,0.517241358757019,xattn
698,1,0.5310344696044922,xattn
699,1,0.5931034684181213,xattn
700,1,0.6551724076271057,xattn
701,1,0.6351351141929626,xattn
702,1,0.6225165724754333,xattn
703,1,0.5986841917037964,xattn
696,2,0.1341991275548935,xattn
697,2,0.1399787962436676,xattn
698,2,0.14539748430252075,xattn
699,2,0.1647668331861496,xattn
700,2,0.18788501620292664,xattn
701,2,0.19278350472450256,xattn
702,2,0.19591836631298065,xattn
703,2,0.20615383982658386,xattn
704,0,0.0,xattn
705,0,0.0,xattn
706,0,0.0,xattn
707,0,0.0,xattn
708,0,0.0,xattn
709,0,0.0,xattn
710,0,0.0,xattn
711,0,0.0,xattn
704,1,0.3199999928474426,xattn
705,1,0.413173645734787,xattn
706,1,0.46385541558265686,xattn
707,1,0.5419355034828186,xattn
708,1,0.5408805012702942,xattn
709,1,0.5192307829856873,xattn
710,1,0.43113771080970764,xattn
711,1,0.3563218414783478,xattn
704,2,0.11090400815010071,xattn
705,2,0.13683223724365234,xattn
706,2,0.16840113699436188,xattn
707,2,0.19844357669353485,xattn
708,2,0.20821113884449005,xattn
709,2,0.1882239431142807,xattn
710,2,0.18068833649158478,xattn
711,2,0.17424975335597992,xattn
712,0,0.0,xattn
713,0,0.0,xattn
714,0,0.0,xattn
715,0,0.0,xattn
716,0,0.0,xattn
717,0,0.0,xattn
718,0,0.0,xattn
719,0,0.0,xattn
712,1,0.375,xattn
713,1,0.359375,xattn
714,1,0.37628865242004395,xattn
715,1,0.39790576696395874,xattn
716,1,0.47340425848960876,xattn
717,1,0.4972972869873047,xattn
718,1,0.45026177167892456,xattn
719,1,0.4712041914463043,xattn
712,2,0.18561001121997833,xattn
713,2,0.19832108914852142,xattn
714,2,0.1958974301815033,xattn
715,2,0.1911613494157791,xattn
716,2,0.19489796459674835,xattn
717,2,0.22018349170684814,xattn
718,2,0.23076923191547394,xattn
719,2,0.2242424190044403,xattn
720,0,0.0,xattn
721,0,0.0,xattn
722,0,0.0,xattn
723,0,0.0,xattn
724,0,0.0,xattn
725,0,0.0,xattn
726,0,0.0,xattn
727,0,0.0,xattn
720,1,0.32710281014442444,xattn
721,1,0.3333333432674408,xattn
722,1,0.31481480598449707,xattn
723,1,0.33944955468177795,xattn
724,1,0.3611111044883728,xattn
725,1,0.35779815912246704,xattn
726,1,0.4285714328289032,xattn
727,1,0.39047619700431824,xattn
720,2,0.08185053616762161,xattn
721,2,0.08170515298843384,xattn
722,2,0.08586762100458145,xattn
723,2,0.0696864128112793,xattn
724,2,0.06518010050058365,xattn
725,2,0.08808290213346481,xattn
726,2,0.09982486814260483,xattn
727,2,0.0991150438785553,xattn
728,0,0.0,xattn
729,0,0.0,xattn
730,0,0.0,xattn
731,0,0.0,xattn
732,0,0.0,xattn
733,0,0.0,xattn
734,0,0.0,xattn
735,0,0.0,xattn
728,1,0.2163742631673813,xattn
729,1,0.2294117659330368,xattn
730,1,0.24117647111415863,xattn
731,1,0.30000001192092896,xattn
732,1,0.3176470696926117,xattn
733,1,0.38823530077934265,xattn
734,1,0.4470588266849518,xattn
735,1,0.4912280738353729,xattn
728,2,0.10298507660627365,xattn
729,2,0.0830860510468483,xattn
730,2,0.06940510123968124,xattn
731,2,0.052219320088624954,xattn
732,2,0.047375161200761795,xattn
733,2,0.05030674859881401,xattn
734,2,0.04988399147987366,xattn
735,2,0.04783092439174652,xattn
736,0,0.0,xattn
737,0,0.0,xattn
738,0,0.0,xattn
739,0,0.0,xattn
740,0,0.0,xattn
741,0,0.0,xattn
742,0,0.0,xattn
743,0,0.0,xattn
736,1,0.4237288236618042,xattn
737,1,0.37016573548316956,xattn
738,1,0.3478260934352875,xattn
739,1,0.3631284832954407,xattn
740,1,0.4046242833137512,xattn
741,1,0.4107142984867096,xattn
742,1,0.38922154903411865,xattn
743,1,0.38181817531585693,xattn
736,2,0.04285714402794838,xattn
737,2,0.05039193853735924,xattn
738,2,0.05298759788274765,xattn
739,2,0.050618670880794525,xattn
740,2,0.05983889475464821,xattn
741,2,0.06190476194024086,xattn
742,2,0.07028359919786453,xattn
743,2,0.07585334777832031,xattn
744,0,0.0,xattn
745,0,0.0,xattn
746,0,0.0,xattn
747,0,0.0,xattn
748,0,0.0,xattn
749,0,0.0,xattn
750,0,0.0,xattn
751,0,0.0,xattn
744,1,0.2321428507566452,xattn
745,1,0.20858895778656006,xattn
746,1,0.20858895778656006,xattn
747,1,0.20370370149612427,xattn
748,1,0.2229299396276474,xattn
749,1,0.26143792271614075,xattn
750,1,0.30921053886413574,xattn
751,1,0.3576158881187439,xattn
744,2,0.05942857265472412,xattn
745,2,0.05875440686941147,xattn
746,2,0.06021251529455185,xattn
747,2,0.06309524178504944,xattn
748,2,0.06309524178504944,xattn
749,2,0.06443914026021957,xattn
750,2,0.06572769582271576,xattn
751,2,0.059770114719867706,xattn
752,0,0.0,xattn
753,0,0.0,xattn
754,0,0.0,xattn
755,0,0.0,xattn
756,0,0.0,xattn
757,0,0.0,xattn
758,0,0.0,xattn
759,0,0.0,xattn
752,1,0.18894009292125702,xattn
753,1,0.2248803824186325,xattn
754,1,0.2369668185710907,xattn
755,1,0.2946859896183014,xattn
756,1,0.35148516297340393,xattn
757,1,0.38308456540107727,xattn
758,1,0.3700000047683716,xattn
759,1,0.4010152220726013,xattn
752,2,0.03665521368384361,xattn
753,2,0.03863636404275894,xattn
754,2,0.03506787493824959,xattn
755,2,0.052222222089767456,xattn
756,2,0.054644808173179626,xattn
757,2,0.07338444888591766,xattn
758,2,0.07268722355365753,xattn
759,2,0.055084746330976486,xattn
760,0,0.0,xattn
761,0,0.0,xattn
762,0,0.0,xattn
763,0,0.0,xattn
764,0,0.0,xattn
765,0,0.0,xattn
766,0,0.0,xattn
767,0,0.0,xattn
760,1,0.1879194676876068,xattn
761,1,0.22142857313156128,xattn
762,1,0.22727273404598236,xattn
763,1,0.25,xattn
764,1,0.2735042870044708,xattn
765,1,0.32743361592292786,xattn
766,1,0.3035714328289032,xattn
767,1,0.33944955468177795,xattn
760,2,0.04581497982144356,xattn
761,2,0.04900181666016579,xattn
762,2,0.05607476457953453,xattn
763,2,0.06274130940437317,xattn
764,2,0.06889763474464417,xattn
765,2,0.0642927810549736,xattn
766,2,0.06324110925197601,xattn
767,2,0.07381193339824677,xattn
768,0,0.0,xattn
769,0,0.0,xattn
770,0,0.0,xattn
771,0,0.0,xattn
772,0,0.0,xattn
773,0,0.0,xattn
774,0,0.0,xattn
775,0,0.0,xattn
768,1,0.3191489279270172,xattn
769,1,0.2945205569267273,xattn
770,1,0.27210885286331177,xattn
771,1,0.25342464447021484,xattn
772,1,0.2635135054588318,xattn
773,1,0.2635135054588318,xattn
774,1,0.2638888955116272,xattn
775,1,0.2827586233615875,xattn
768,2,0.05590062215924263,xattn
769,2,0.06418219208717346,xattn
770,2,0.06758183985948563,xattn
771,2,0.08128342032432556,xattn
772,2,0.08492568880319595,xattn
773,2,0.09071505069732666,xattn
774,2,0.08458244055509567,xattn
775,2,0.07594936341047287,xattn
776,0,0.0,xattn
777,0,0.0,xattn
778,0,0.0,xattn
779,0,0.0,xattn
780,0,0.0,xattn
781,0,0.0,xattn
782,0,0.0,xattn
783,0,0.0,xattn
776,1,0.33125001192092896,xattn
777,1,0.3687500059604645,xattn
778,1,0.34161490201950073,xattn
779,1,0.32919254899024963,xattn
780,1,0.3229813575744629,xattn
781,1,0.2981366515159607,xattn
782,1,0.32499998807907104,xattn
783,1,0.32499998807907104,xattn
776,2,0.07038391381502151,xattn
777,2,0.0728597417473793,xattn
778,2,0.08563535660505295,xattn
779,2,0.09328357875347137,xattn
780,2,0.09577465057373047,xattn
781,2,0.09056603908538818,xattn
782,2,0.08895131200551987,xattn
783,2,0.08752327412366867,xattn
784,0,0.0,xattn
785,0,0.0,xattn
786,0,0.0,xattn
787,0,0.0,xattn
788,0,0.0,xattn
789,0,0.0,xattn
790,0,0.0,xattn
791,0,0.0,xattn
784,1,0.0,xattn
785,1,0.0,xattn
786,1,0.0,xattn
787,1,0.0,xattn
788,1,0.0,xattn
789,1,0.0,xattn
790,1,0.0,xattn
791,1,0.007633587811142206,xattn
784,2,0.0,xattn
785,2,0.0,xattn
786,2,0.0,xattn
787,2,0.0,xattn
788,2,0.0,xattn
789,2,0.0,xattn
790,2,0.0,xattn
791,2,0.0,xattn
792,0,0.0,xattn
793,0,0.0,xattn
794,0,0.0,xattn
795,0,0.0,xattn
796,0,0.0,xattn
797,0,0.0,xattn
798,0,0.0,xattn
799,0,0.0,xattn
792,1,0.01315789483487606,xattn
793,1,0.0397351011633873,xattn
794,1,0.026490066200494766,xattn
795,1,0.02666666731238365,xattn
796,1,0.0533333346247673,xattn
797,1,0.03999999910593033,xattn
798,1,0.03311258181929588,xattn
799,1,0.04545454680919647,xattn
792,2,0.0,xattn
793,2,0.0,xattn
794,2,0.0,xattn
795,2,0.0,xattn
796,2,0.0,xattn
797,2,0.0,xattn
798,2,0.0,xattn
799,2,0.0,xattn
800,0,0.0,xattn
801,0,0.0,xattn
802,0,0.0,xattn
803,0,0.0,xattn
804,0,0.0,xattn
805,0,0.0,xattn
806,0,0.0,xattn
807,0,0.0,xattn
800,1,0.04838709533214569,xattn
801,1,0.04301075264811516,xattn
802,1,0.048128340393304825,xattn
803,1,0.048128340393304825,xattn
804,1,0.05347593501210213,xattn
805,1,0.05347593501210213,xattn
806,1,0.05319149047136307,xattn
807,1,0.05319149047136307,xattn
800,2,0.0014104372821748257,xattn
801,2,0.0028208745643496513,xattn
802,2,0.002805049065500498,xattn
803,2,0.004213483072817326,xattn
804,2,0.004201680887490511,xattn
805,2,0.002805049065500498,xattn
806,2,0.002793296007439494,xattn
807,2,0.0013927576364949346,xattn
808,0,0.0,xattn
809,0,0.0,xattn
810,0,0.0,xattn
811,0,0.0,xattn
812,0,0.0,xattn
813,0,0.0,xattn
814,0,0.0,xattn
815,0,0.0,xattn
808,1,0.0625,xattn
809,1,0.0625,xattn
810,1,0.06185567006468773,xattn
811,1,0.07253886014223099,xattn
812,1,0.07253886014223099,xattn
813,1,0.06735751032829285,xattn
814,1,0.07253886014223099,xattn
815,1,0.078125,xattn
808,2,0.0,xattn
809,2,0.0,xattn
810,2,0.001396648003719747,xattn
811,2,0.0,xattn
812,2,0.0,xattn
813,2,0.0,xattn
814,2,0.0,xattn
815,2,0.0,xattn
816,0,0.0,xattn
817,0,0.0,xattn
818,0,0.0,xattn
819,0,0.0,xattn
820,0,0.0,xattn
821,0,0.0,xattn
822,0,0.0,xattn
823,0,0.0,xattn
816,1,0.05936073139309883,xattn
817,1,0.06912442296743393,xattn
818,1,0.06912442296743393,xattn
819,1,0.06912442296743393,xattn
820,1,0.06451612710952759,xattn
821,1,0.0555555559694767,xattn
822,1,0.0555555559694767,xattn
823,1,0.06481481343507767,xattn
816,2,0.0,xattn
817,2,0.0,xattn
818,2,0.0,xattn
819,2,0.0,xattn
820,2,0.0,xattn
821,2,0.0,xattn
822,2,0.0,xattn
823,2,0.0,xattn
824,0,0.0,xattn
825,0,0.0,xattn
826,0,0.0,xattn
827,0,0.0,xattn
828,0,0.0,xattn
829,0,0.0,xattn
830,0,0.0,xattn
831,0,0.0,xattn
824,1,0.056680161505937576,xattn
825,1,0.09311740845441818,xattn
826,1,0.09311740845441818,xattn
827,1,0.10483870655298233,xattn
828,1,0.1088709682226181,xattn
829,1,0.1080000028014183,xattn
830,1,0.10358566045761108,xattn
831,1,0.11023622006177902,xattn
824,2,0.0,xattn
825,2,0.0,xattn
826,2,0.0,xattn
827,2,0.0,xattn
828,2,0.0,xattn
829,2,0.0,xattn
830,2,0.0,xattn
831,2,0.0,xattn
832,0,0.0,xattn
833,0,0.0,xattn
834,0,0.0,xattn
835,0,0.0,xattn
836,0,0.0,xattn
837,0,0.0,xattn
838,0,0.0,xattn
839,0,0.0,xattn
832,1,0.0,xattn
833,1,0.0,xattn
834,1,0.0,xattn
835,1,0.0,xattn
836,1,0.0,xattn
837,1,0.013513513840734959,xattn
838,1,0.013245033100247383,xattn
839,1,0.013245033100247383,xattn
832,2,0.0,xattn
833,2,0.0,xattn
834,2,0.0,xattn
835,2,0.004798464477062225,xattn
836,2,0.015429122373461723,xattn
837,2,0.021400777623057365,xattn
838,2,0.030155641958117485,xattn
839,2,0.035225048661231995,xattn
840,0,0.0,xattn
841,0,0.0,xattn
842,0,0.0,xattn
843,0,0.0,xattn
844,0,0.0,xattn
845,0,0.0,xattn
846,0,0.0,xattn
847,0,0.0,xattn
840,1,0.017094017937779427,xattn
841,1,0.021551724523305893,xattn
842,1,0.021739130839705467,xattn
843,1,0.025974025949835777,xattn
844,1,0.043290045112371445,xattn
845,1,0.043103449046611786,xattn
846,1,0.042918454855680466,xattn
847,1,0.05150214582681656,xattn
840,2,0.04978662729263306,xattn
841,2,0.05255681648850441,xattn
842,2,0.05865522101521492,xattn
843,2,0.06847360730171204,xattn
844,2,0.08689458668231964,xattn
845,2,0.08974359184503555,xattn
846,2,0.101139597594738,xattn
847,2,0.10729613900184631,xattn
848,0,0.0,xattn
849,0,0.0,xattn
850,0,0.0,xattn
851,0,0.0,xattn
852,0,0.0,xattn
853,0,0.0,xattn
854,0,0.0,xattn
855,0,0.0,xattn
848,1,0.0839160829782486,xattn
849,1,0.08965517580509186,xattn
850,1,0.0878378376364708,xattn
851,1,0.08053690940141678,xattn
852,1,0.04878048598766327,xattn
853,1,0.047337278723716736,xattn
854,1,0.06285714358091354,xattn
855,1,0.0670391097664833,xattn
848,2,0.13676470518112183,xattn
849,2,0.14556041359901428,xattn
850,2,0.14142857491970062,xattn
851,2,0.14104372262954712,xattn
852,2,0.11477572470903397,xattn
853,2,0.10586734861135483,xattn
854,2,0.11097410321235657,xattn
855,2,0.12215568870306015,xattn
856,0,0.0,xattn
857,0,0.0,xattn
858,0,0.0,xattn
859,0,0.0,xattn
860,0,0.0,xattn
861,0,0.0,xattn
862,0,0.0,xattn
863,0,0.0,xattn
856,1,0.0,xattn
857,1,0.0,xattn
858,1,0.0,xattn
859,1,0.0,xattn
860,1,0.0,xattn
861,1,0.00413223123177886,xattn
862,1,0.03100775182247162,xattn
863,1,0.057034220546483994,xattn
856,2,0.023706896230578423,xattn
857,2,0.027055151760578156,xattn
858,2,0.03507013991475105,xattn
859,2,0.040462426841259,xattn
860,2,0.06737588346004486,xattn
861,2,0.08788395673036575,xattn
862,2,0.10799670219421387,xattn
863,2,0.1399839073419571,xattn
864,0,0.0,xattn
865,0,0.0,xattn
866,0,0.0,xattn
867,0,0.0,xattn
868,0,0.0,xattn
869,0,0.0,xattn
870,0,0.0,xattn
871,0,0.0,xattn
864,1,0.0969529077410698,xattn
865,1,0.12777778506278992,xattn
866,1,0.17241379618644714,xattn
867,1,0.2286585420370102,xattn
868,1,0.3489208519458771,xattn
869,1,0.39920949935913086,xattn
870,1,0.4458874464035034,xattn
871,1,0.49047619104385376,xattn
864,2,0.11120263487100601,xattn
865,2,0.10774142295122147,xattn
866,2,0.11350919306278229,xattn
867,2,0.1272878497838974,xattn
868,2,0.1672932356595993,xattn
869,2,0.1847715675830841,xattn
870,2,0.15409138798713684,xattn
871,2,0.12070874869823456,xattn
872,0,0.0,xattn
873,0,0.0,xattn
874,0,0.0,xattn
875,0,0.0,xattn
876,0,0.0,xattn
877,0,0.0,xattn
878,0,0.0,xattn
879,0,0.0,xattn
872,1,0.32211539149284363,xattn
873,1,0.3298968970775604,xattn
874,1,0.32258063554763794,xattn
875,1,0.3240223526954651,xattn
876,1,0.261904776096344,xattn
877,1,0.24550898373126984,xattn
878,1,0.23456789553165436,xattn
879,1,0.17391304671764374,xattn
872,2,0.10749432444572449,xattn
873,2,0.09594383835792542,xattn
874,2,0.08225806802511215,xattn
875,2,0.08076602965593338,xattn
876,2,0.06304728239774704,xattn
877,2,0.05155555531382561,xattn
878,2,0.04050404950976372,xattn
879,2,0.023572076112031937,xattn
880,0,0.0,xattn
881,0,0.0,xattn
882,0,0.0,xattn
883,0,0.0,xattn
884,0,0.0,xattn
885,0,0.0,xattn
886,0,0.0,xattn
887,0,0.0,xattn
880,1,0.5833333134651184,xattn
881,1,0.6285714507102966,xattn
882,1,0.6226415038108826,xattn
883,1,0.567307710647583,xattn
884,1,0.5794392228126526,xattn
885,1,0.5333333611488342,xattn
886,1,0.5277777910232544,xattn
887,1,0.5412843823432922,xattn
880,2,0.12554112076759338,xattn
881,2,0.12391930818557739,xattn
882,2,0.12865497171878815,xattn
883,2,0.11432706564664841,xattn
884,2,0.11473087966442108,xattn
885,2,0.09246088564395905,xattn
886,2,0.09436620026826859,xattn
887,2,0.09423347562551498,xattn
888,0,0.0,xattn
889,0,0.0,xattn
890,0,0.0,xattn
891,0,0.0,xattn
892,0,0.0,xattn
893,0,0.0,xattn
894,0,0.0,xattn
895,0,0.0,xattn
888,1,0.5213675498962402,xattn
889,1,0.5486725568771362,xattn
890,1,0.5309734344482422,xattn
891,1,0.5089285969734192,xattn
892,1,0.4690265357494354,xattn
893,1,0.48672565817832947,xattn
894,1,0.4912280738353729,xattn
895,1,0.45299145579338074,xattn
888,2,0.09518072009086609,xattn
889,2,0.1032806783914566,xattn
890,2,0.09791921824216843,xattn
891,2,0.09925558418035507,xattn
892,2,0.0976514220237732,xattn
893,2,0.090012326836586,xattn
894,2,0.07965686172246933,xattn
895,2,0.07030303031206131,xattn
896,0,0.0,xattn
897,0,0.0,xattn
898,0,0.0,xattn
899,0,0.0,xattn
900,0,0.0,xattn
901,0,0.0,xattn
902,0,0.0,xattn
903,0,0.0,xattn
896,1,0.33766233921051025,xattn
897,1,0.36000001430511475,xattn
898,1,0.36054420471191406,xattn
899,1,0.34899330139160156,xattn
900,1,0.3466666638851166,xattn
901,1,0.3245033025741577,xattn
902,1,0.3333333432674408,xattn
903,1,0.3445945978164673,xattn
896,2,0.052870091050863266,xattn
897,2,0.045385777950286865,xattn
898,2,0.03664122149348259,xattn
899,2,0.030165912583470345,xattn
900,2,0.019519519060850143,xattn
901,2,0.007342143915593624,xattn
902,2,0.019402984529733658,xattn
903,2,0.034638553857803345,xattn
904,0,0.0,xattn
905,0,0.0,xattn
906,0,0.0,xattn
907,0,0.0,xattn
908,0,0.0,xattn
909,0,0.0,xattn
910,0,0.0,xattn
911,0,0.0,xattn
904,1,0.43529412150382996,xattn
905,1,0.4457831382751465,xattn
906,1,0.4749999940395355,xattn
907,1,0.49367088079452515,xattn
908,1,0.5131579041481018,xattn
909,1,0.5733333230018616,xattn
910,1,0.5384615659713745,xattn
911,1,0.4819277226924896,xattn
904,2,0.04245283082127571,xattn
905,2,0.04626334458589554,xattn
906,2,0.04744958505034447,xattn
907,2,0.04739336669445038,xattn
908,2,0.050239235162734985,xattn
909,2,0.0619785450398922,xattn
910,2,0.05369928479194641,xattn
911,2,0.039397452026605606,xattn
912,0,0.0,xattn
913,0,0.0,xattn
914,0,0.0,xattn
915,0,0.0,xattn
916,0,0.0,xattn
917,0,0.0,xattn
918,0,0.0,xattn
919,0,0.0,xattn
912,1,0.46464645862579346,xattn
913,1,0.44897958636283875,xattn
914,1,0.4848484992980957,xattn
915,1,0.5157894492149353,xattn
916,1,0.521276593208313,xattn
917,1,0.5268816947937012,xattn
918,1,0.457446813583374,xattn
919,1,0.44565218687057495,xattn
912,2,0.0235294122248888,xattn
913,2,0.018779342994093895,xattn
914,2,0.016393441706895828,xattn
915,2,0.017543859779834747,xattn
916,2,0.022300468757748604,xattn
917,2,0.019859813153743744,xattn
918,2,0.016470588743686676,xattn
919,2,0.02004716917872429,xattn
920,0,0.0,xattn
921,0,0.0,xattn
922,0,0.0,xattn
923,0,0.0,xattn
924,0,0.0,xattn
925,0,0.0,xattn
926,0,0.0,xattn
927,0,0.0,xattn
920,1,0.13445378839969635,xattn
921,1,0.16101695597171783,xattn
922,1,0.19658119976520538,xattn
923,1,0.25925925374031067,xattn
924,1,0.3207547068595886,xattn
925,1,0.33000001311302185,xattn
926,1,0.31683167815208435,xattn
927,1,0.3636363744735718,xattn
920,2,0.02638190984725952,xattn
921,2,0.03295310586690903,xattn
922,2,0.04441624507308006,xattn
923,2,0.05714285746216774,xattn
924,2,0.07999999821186066,xattn
925,2,0.08276797831058502,xattn
926,2,0.08209959417581558,xattn
927,2,0.07951482385396957,xattn
928,0,0.0,xattn
929,0,0.0,xattn
930,0,0.0,xattn
931,0,0.0,xattn
932,0,0.0,xattn
933,0,0.0,xattn
934,0,0.0,xattn
935,0,0.0,xattn
928,1,0.29591837525367737,xattn
929,1,0.36263737082481384,xattn
930,1,0.36263737082481384,xattn
931,1,0.4047619104385376,xattn
932,1,0.5061728358268738,xattn
933,1,0.4482758641242981,xattn
934,1,0.5308641791343689,xattn
935,1,0.5243902206420898,xattn
928,2,0.06335616111755371,xattn
929,2,0.06335616111755371,xattn
930,2,0.06239167973399162,xattn
931,2,0.0692717581987381,xattn
932,2,0.06643356382846832,xattn
933,2,0.05326460301876068,xattn
934,2,0.05363321676850319,xattn
935,2,0.048526864498853683,xattn
936,0,0.0,xattn
937,0,0.0,xattn
938,0,0.0,xattn
939,0,0.0,xattn
940,0,0.0,xattn
941,0,0.0,xattn
942,0,0.0,xattn
943,0,0.0,xattn
936,1,0.3333333432674408,xattn
937,1,0.3181818127632141,xattn
938,1,0.3294117748737335,xattn
939,1,0.32967033982276917,xattn
940,1,0.395061731338501,xattn
941,1,0.3563218414783478,xattn
942,1,0.4675324559211731,xattn
943,1,0.4675324559211731,xattn
936,2,0.04152823984622955,xattn
937,2,0.04208754375576973,xattn
938,2,0.051020409911870956,xattn
939,2,0.05059022083878517,xattn
940,2,0.041806019842624664,xattn
941,2,0.023294508457183838,xattn
942,2,0.02348993346095085,xattn
943,2,0.02010050229728222,xattn
944,0,0.0,xattn
945,0,0.0,xattn
946,0,0.0,xattn
947,0,0.0,xattn
948,0,0.0,xattn
949,0,0.0,xattn
950,0,0.0,xattn
951,0,0.0,xattn
944,1,0.25619834661483765,xattn
945,1,0.3017241358757019,xattn
946,1,0.3333333432674408,xattn
947,1,0.33636364340782166,xattn
948,1,0.39449542760849,xattn
949,1,0.4150943458080292,xattn
950,1,0.4150943458080292,xattn
951,1,0.43809524178504944,xattn
944,2,0.010218977928161621,xattn
945,2,0.005899704992771149,xattn
946,2,0.005908419378101826,xattn
947,2,0.013353115878999233,xattn
948,2,0.014947683550417423,xattn
949,2,0.02074074000120163,xattn
950,2,0.02370370365679264,xattn
951,2,0.021148037165403366,xattn
952,0,0.0,xattn
953,0,0.0,xattn
954,0,0.0,xattn
955,0,0.0,xattn
956,0,0.0,xattn
957,0,0.0,xattn
958,0,0.0,xattn
959,0,0.0,xattn
952,1,0.4457831382751465,xattn
953,1,0.4444444477558136,xattn
954,1,0.4390243887901306,xattn
955,1,0.4470588266849518,xattn
956,1,0.4642857015132904,xattn
957,1,0.46341463923454285,xattn
958,1,0.5256410241127014,xattn
959,1,0.5454545617103577,xattn
952,2,0.01615798845887184,xattn
953,2,0.012658228166401386,xattn
954,2,0.00894454400986433,xattn
955,2,0.010676156729459763,xattn
956,2,0.012259194627404213,xattn
957,2,0.012455515563488007,xattn
958,2,0.010695187374949455,xattn
959,2,0.019503546878695488,xattn
960,0,0.0,xattn
961,0,0.0,xattn
962,0,0.0,xattn
963,0,0.0,xattn
964,0,0.0,xattn
965,0,0.0,xattn
966,0,0.0,xattn
967,0,0.0,xattn
960,1,0.36250001192092896,xattn
961,1,0.4177215099334717,xattn
962,1,0.44999998807907104,xattn
963,1,0.5263158082962036,xattn
964,1,0.5753424763679504,xattn
965,1,0.5972222089767456,xattn
966,1,0.6376811861991882,xattn
967,1,0.591549277305603,xattn
960,2,0.021897809579968452,xattn
961,2,0.026232948526740074,xattn
962,2,0.03105590119957924,xattn
963,2,0.037617553025484085,xattn
964,2,0.05543709918856621,xattn
965,2,0.06410256773233414,xattn
966,2,0.05869797244668007,xattn
967,2,0.0460251048207283,xattn
968,0,0.0,xattn
969,0,0.0,xattn
970,0,0.0,xattn
971,0,0.0,xattn
972,0,0.0,xattn
973,0,0.0,xattn
974,0,0.0,xattn
975,0,0.0,xattn
968,1,0.14678898453712463,xattn
969,1,0.1661442071199417,xattn
970,1,0.16408668458461761,xattn
971,1,0.17283950746059418,xattn
972,1,0.16923077404499054,xattn
973,1,0.16459627449512482,xattn
974,1,0.15723270177841187,xattn
975,1,0.16927899420261383,xattn
968,2,0.15672588348388672,xattn
969,2,0.15501905977725983,xattn
970,2,0.15365079045295715,xattn
971,2,0.15549936890602112,xattn
972,2,0.1559516191482544,xattn
973,2,0.16020672023296356,xattn
974,2,0.16482803225517273,xattn
975,2,0.1703367829322815,xattn
976,0,0.0,xattn
977,0,0.0,xattn
978,0,0.0,xattn
979,0,0.0,xattn
980,0,0.0,xattn
981,0,0.0,xattn
982,0,0.0,xattn
983,0,0.0,xattn
976,1,0.1149425283074379,xattn
977,1,0.1149425283074379,xattn
978,1,0.12109375,xattn
979,1,0.12941177189350128,xattn
980,1,0.13438735902309418,xattn
981,1,0.13199999928474426,xattn
982,1,0.13821138441562653,xattn
983,1,0.13709677755832672,xattn
976,2,0.1253993660211563,xattn
977,2,0.128122478723526,xattn
978,2,0.1330612301826477,xattn
979,2,0.13602638244628906,xattn
980,2,0.13953489065170288,xattn
981,2,0.1429765820503235,xattn
982,2,0.1468120813369751,xattn
983,2,0.1559865027666092,xattn
984,0,0.0,xattn
985,0,0.0,xattn
986,0,0.0,xattn
987,0,0.0,xattn
988,0,0.0,xattn
989,0,0.0,xattn
990,0,0.0,xattn
991,0,0.0,xattn
984,1,0.15555556118488312,xattn
985,1,0.15471698343753815,xattn
986,1,0.15355804562568665,xattn
987,1,0.1598512977361679,xattn
988,1,0.15129151940345764,xattn
989,1,0.15909090638160706,xattn
990,1,0.16417910158634186,xattn
991,1,0.1760299652814865,xattn
984,2,0.18450184166431427,xattn
985,2,0.1882440447807312,xattn
986,2,0.18810409307479858,xattn
987,2,0.1861504167318344,xattn
988,2,0.1826280653476715,xattn
989,2,0.18703427910804749,xattn
990,2,0.193113774061203,xattn
991,2,0.197885200381279,xattn
992,0,0.0,xattn
993,0,0.0,xattn
994,0,0.0,xattn
995,0,0.0,xattn
996,0,0.0,xattn
997,0,0.0,xattn
998,0,0.0,xattn
999,0,0.0,xattn
992,1,0.15312500298023224,xattn
993,1,0.1603773534297943,xattn
994,1,0.16455696523189545,xattn
995,1,0.1729559749364853,xattn
996,1,0.18987341225147247,xattn
997,1,0.20062695443630219,xattn
998,1,0.20967741310596466,xattn
999,1,0.19480518996715546,xattn
992,2,0.15799804031848907,xattn
993,2,0.16324535012245178,xattn
994,2,0.16535432636737823,xattn
995,2,0.16015625,xattn
996,2,0.16290481388568878,xattn
997,2,0.1683070808649063,xattn
998,2,0.16732673346996307,xattn
999,2,0.17326731979846954,xattn
1000,0,0.0,xattn
1001,0,0.0,xattn
1002,0,0.0,xattn
1003,0,0.0,xattn
1004,0,0.0,xattn
1005,0,0.0,xattn
1006,0,0.0,xattn
1007,0,0.0,xattn
1000,1,0.20060789585113525,xattn
1001,1,0.21148036420345306,xattn
1002,1,0.2036474198102951,xattn
1003,1,0.18731117248535156,xattn
1004,1,0.18844984471797943,xattn
1005,1,0.2012012004852295,xattn
1006,1,0.22769230604171753,xattn
1007,1,0.24074074625968933,xattn
1000,2,0.2647736072540283,xattn
1001,2,0.27147239446640015,xattn
1002,2,0.27863776683807373,xattn
1003,2,0.2874999940395355,xattn
1004,2,0.29586261510849,xattn
1005,2,0.3062500059604645,xattn
1006,2,0.3090766966342926,xattn
1007,2,0.3125,xattn
1008,0,0.0,xattn
1009,0,0.0,xattn
1010,0,0.0,xattn
1011,0,0.0,xattn
1012,0,0.0,xattn
1013,0,0.0,xattn
1014,0,0.0,xattn
1015,0,0.0,xattn
1008,1,0.1994047611951828,xattn
1009,1,0.1927710771560669,xattn
1010,1,0.20481927692890167,xattn
1011,1,0.22461538016796112,xattn
1012,1,0.22910216450691223,xattn
1013,1,0.2358490526676178,xattn
1014,1,0.22360248863697052,xattn
1015,1,0.2302839159965515,xattn
1008,2,0.31123244762420654,xattn
1009,2,0.3018720746040344,xattn
1010,2,0.2992187440395355,xattn
1011,2,0.2963252663612366,xattn
1012,2,0.2954545319080353,xattn
1013,2,0.29591837525367737,xattn
1014,2,0.30324622988700867,xattn
1015,2,0.3029341697692871,xattn
1016,0,0.0,xattn
1017,0,0.0,xattn
1018,0,0.0,xattn
1019,0,0.0,xattn
1020,0,0.0,xattn
1021,0,0.0,xattn
1022,0,0.0,xattn
1023,0,0.0,xattn
1016,1,0.20945945382118225,xattn
1017,1,0.1812080591917038,xattn
1018,1,0.20068027079105377,xattn
1019,1,0.19387754797935486,xattn
1020,1,0.20477814972400665,xattn
1021,1,0.2152777761220932,xattn
1022,1,0.2152777761220932,xattn
1023,1,0.23239436745643616,xattn
1016,2,0.2987910211086273,xattn
1017,2,0.2970639169216156,xattn
1018,2,0.30000001192092896,xattn
1019,2,0.3060869574546814,xattn
1020,2,0.30603447556495667,xattn
1021,2,0.3045375347137451,xattn
1022,2,0.3013937175273895,xattn
1023,2,0.2944251000881195,xattn
1024,0,0.0,xattn
1025,0,0.0,xattn
1026,0,0.0,xattn
1027,0,0.0,xattn
1028,0,0.0,xattn
1029,0,0.0,xattn
1030,0,0.0,xattn
1031,0,0.0,xattn
1024,1,0.23919308185577393,xattn
1025,1,0.24340176582336426,xattn
1026,1,0.23964497447013855,xattn
1027,1,0.22686567902565002,xattn
1028,1,0.20353981852531433,xattn
1029,1,0.1834319531917572,xattn
1030,1,0.1764705926179886,xattn
1031,1,0.1847507357597351,xattn
1024,2,0.282014399766922,xattn
1025,2,0.27044475078582764,xattn
1026,2,0.26608821749687195,xattn
1027,2,0.2649635076522827,xattn
1028,2,0.26227107644081116,xattn
1029,2,0.266469269990921,xattn
1030,2,0.25756457448005676,xattn
1031,2,0.2647058963775635,xattn
1032,0,0.0,xattn
1033,0,0.0,xattn
1034,0,0.0,xattn
1035,0,0.0,xattn
1036,0,0.0,xattn
1037,0,0.0,xattn
1038,0,0.0,xattn
1039,0,0.0,xattn
1032,1,0.14691942930221558,xattn
1033,1,0.13364055752754211,xattn
1034,1,0.13963964581489563,xattn
1035,1,0.12962962687015533,xattn
1036,1,0.13242009282112122,xattn
1037,1,0.1312217265367508,xattn
1038,1,0.145454540848732,xattn
1039,1,0.14611871540546417,xattn
1032,2,0.2568807303905487,xattn
1033,2,0.2549999952316284,xattn
1034,2,0.2401960790157318,xattn
1035,2,0.23868313431739807,xattn
1036,2,0.2342487871646881,xattn
1037,2,0.22231075167655945,xattn
1038,2,0.22337043285369873,xattn
1039,2,0.20853079855442047,xattn
1040,0,0.0,xattn
1041,0,0.0,xattn
1042,0,0.0,xattn
1043,0,0.0,xattn
1044,0,0.0,xattn
1045,0,0.0,xattn
1046,0,0.0,xattn
1047,0,0.0,xattn
1040,1,0.16788321733474731,xattn
1041,1,0.21374045312404633,xattn
1042,1,0.21212121844291687,xattn
1043,1,0.27419355511665344,xattn
1044,1,0.25619834661483765,xattn
1045,1,0.261904776096344,xattn
1046,1,0.2786885201931,xattn
1047,1,0.3333333432674408,xattn
1040,2,0.027989821508526802,xattn
1041,2,0.03245089575648308,xattn
1042,2,0.03945111483335495,xattn
1043,2,0.047413792461156845,xattn
1044,2,0.05139372870326042,xattn
1045,2,0.06567425280809402,xattn
1046,2,0.06954225152730942,xattn
1047,2,0.0728241577744484,xattn
1048,0,0.0,xattn
1049,0,0.0,xattn
1050,0,0.0,xattn
1051,0,0.0,xattn
1052,0,0.0,xattn
1053,0,0.0,xattn
1054,0,0.0,xattn
1055,0,0.0,xattn
1048,1,0.28999999165534973,xattn
1049,1,0.31578946113586426,xattn
1050,1,0.34736841917037964,xattn
1051,1,0.3723404109477997,xattn
1052,1,0.38461539149284363,xattn
1053,1,0.4065934121608734,xattn
1054,1,0.3777777850627899,xattn
1055,1,0.3720930218696594,xattn
1048,2,0.07718120515346527,xattn
1049,2,0.08537616580724716,xattn
1050,2,0.09144792705774307,xattn
1051,2,0.0936170220375061,xattn
1052,2,0.0899742916226387,xattn
1053,2,0.0938037857413292,xattn
1054,2,0.09224137663841248,xattn
1055,2,0.09499136358499527,xattn
1056,0,0.0,xattn
1057,0,0.0,xattn
1058,0,0.0,xattn
1059,0,0.0,xattn
1060,0,0.0,xattn
1061,0,0.0,xattn
1062,0,0.0,xattn
1063,0,0.0,xattn
1056,1,0.28070175647735596,xattn
1057,1,0.3125,xattn
1058,1,0.2566371560096741,xattn
1059,1,0.2702702581882477,xattn
1060,1,0.290909081697464,xattn
1061,1,0.26851850748062134,xattn
1062,1,0.34259259700775146,xattn
1063,1,0.349056601524353,xattn
1056,2,0.09563994407653809,xattn
1057,2,0.10364145785570145,xattn
1058,2,0.10198300331830978,xattn
1059,2,0.1017192006111145,xattn
1060,2,0.10571428388357162,xattn
1061,2,0.09696092456579208,xattn
1062,2,0.10300429165363312,xattn
1063,2,0.10071942210197449,xattn
1064,0,0.0,xattn
1065,0,0.0,xattn
1066,0,0.0,xattn
1067,0,0.0,xattn
1068,0,0.0,xattn
1069,0,0.0,xattn
1070,0,0.0,xattn
1071,0,0.0,xattn
1064,1,0.3815789520740509,xattn
1065,1,0.4383561611175537,xattn
1066,1,0.4583333432674408,xattn
1067,1,0.47826087474823,xattn
1068,1,0.3287671208381653,xattn
1069,1,0.42465752363204956,xattn
1070,1,0.3513513505458832,xattn
1071,1,0.3378378450870514,xattn
1064,2,0.08235294371843338,xattn
1065,2,0.07667731493711472,xattn
1066,2,0.0649627298116684,xattn
1067,2,0.05982905998826027,xattn
1068,2,0.04246284440159798,xattn
1069,2,0.02697095461189747,xattn
1070,2,0.020768431946635246,xattn
1071,2,0.018711019307374954,xattn
1072,0,0.0,xattn
1073,0,0.0,xattn
1074,0,0.0,xattn
1075,0,0.0,xattn
1076,0,0.0,xattn
1077,0,0.0,xattn
1078,0,0.0,xattn
1079,0,0.0,xattn
1072,1,0.2989690601825714,xattn
1073,1,0.27835050225257874,xattn
1074,1,0.2916666567325592,xattn
1075,1,0.28723403811454773,xattn
1076,1,0.27659574151039124,xattn
1077,1,0.23711340129375458,xattn
1078,1,0.21875,xattn
1079,1,0.25,xattn
1072,2,0.017928287386894226,xattn
1073,2,0.02087475173175335,xattn
1074,2,0.020854022353887558,xattn
1075,2,0.022022021934390068,xattn
1076,2,0.020060179755091667,xattn
1077,2,0.016096578910946846,xattn
1078,2,0.01515151560306549,xattn
1079,2,0.016145307570695877,xattn
1080,0,0.0,xattn
1081,0,0.0,xattn
1082,0,0.0,xattn
1083,0,0.0,xattn
1084,0,0.0,xattn
1085,0,0.0,xattn
1086,0,0.0,xattn
1087,0,0.0,xattn
1080,1,0.24719101190567017,xattn
1081,1,0.2222222238779068,xattn
1082,1,0.2527472674846649,xattn
1083,1,0.25,xattn
1084,1,0.20454545319080353,xattn
1085,1,0.21978022158145905,xattn
1086,1,0.16853933036327362,xattn
1087,1,0.18888889253139496,xattn
1080,2,0.016511868685483932,xattn
1081,2,0.019709544256329536,xattn
1082,2,0.020703934133052826,xattn
1083,2,0.01981230452656746,xattn
1084,2,0.018987340852618217,xattn
1085,2,0.019730011001229286,xattn
1086,2,0.017894737422466278,xattn
1087,2,0.015756303444504738,xattn
1088,0,0.0,xattn
1089,0,0.0,xattn
1090,0,0.0,xattn
1091,0,0.0,xattn
1092,0,0.0,xattn
1093,0,0.0,xattn
1094,0,0.0,xattn
1095,0,0.0,xattn
1088,1,0.41522490978240967,xattn
1089,1,0.41034483909606934,xattn
1090,1,0.4275861978530884,xattn
1091,1,0.4364261031150818,xattn
1092,1,0.4217686951160431,xattn
1093,1,0.4285714328289032,xattn
1094,1,0.4183673560619354,xattn
1095,1,0.3945578336715698,xattn
1088,2,0.12968036532402039,xattn
1089,2,0.1251133233308792,xattn
1090,2,0.12545454502105713,xattn
1091,2,0.13243243098258972,xattn
1092,2,0.13226094841957092,xattn
1093,2,0.13685151934623718,xattn
1094,2,0.13886384665966034,xattn
1095,2,0.13169845938682556,xattn
1096,0,0.0,xattn
1097,0,0.0,xattn
1098,0,0.0,xattn
1099,0,0.0,xattn
1100,0,0.0,xattn
1101,0,0.0,xattn
1102,0,0.0,xattn
1103,0,0.0,xattn
1096,1,0.4806866943836212,xattn
1097,1,0.4806866943836212,xattn
1098,1,0.4615384638309479,xattn
1099,1,0.4449152648448944,xattn
1100,1,0.4430379867553711,xattn
1101,1,0.40084388852119446,xattn
1102,1,0.4194915294647217,xattn
1103,1,0.4238682985305786,xattn
1096,2,0.10654936730861664,xattn
1097,2,0.10314341634511948,xattn
1098,2,0.10107948631048203,xattn
1099,2,0.10098039358854294,xattn
1100,2,0.10746268928050995,xattn
1101,2,0.11871227622032166,xattn
1102,2,0.12550607323646545,xattn
1103,2,0.11781889200210571,xattn
1104,0,0.0,xattn
1105,0,0.0,xattn
1106,0,0.0,xattn
1107,0,0.0,xattn
1108,0,0.0,xattn
1109,0,0.0,xattn
1110,0,0.0,xattn
1111,0,0.0,xattn
1104,1,0.36090224981307983,xattn
1105,1,0.3544776141643524,xattn
1106,1,0.34306567907333374,xattn
1107,1,0.3499999940395355,xattn
1108,1,0.3510638177394867,xattn
1109,1,0.33449476957321167,xattn
1110,1,0.3310580253601074,xattn
1111,1,0.3221476376056671,xattn
1104,2,0.11729452013969421,xattn
1105,2,0.11430990695953369,xattn
1106,2,0.10972568392753601,xattn
1107,2,0.11183673143386841,xattn
1108,2,0.11296737939119339,xattn
1109,2,0.11058823764324188,xattn
1110,2,0.11102603375911713,xattn
1111,2,0.10784313827753067,xattn
1112,0,0.0,xattn
1113,0,0.0,xattn
1114,0,0.0,xattn
1115,0,0.017543859779834747,xattn
1116,0,0.0181818176060915,xattn
1117,0,0.01923076994717121,xattn
1118,0,0.01923076994717121,xattn
1119,0,0.0,xattn
1112,1,0.2675585150718689,xattn
1113,1,0.2709030210971832,xattn
1114,1,0.28289473056793213,xattn
1115,1,0.30744338035583496,xattn
1116,1,0.2765273451805115,xattn
1117,1,0.25901639461517334,xattn
1118,1,0.23778501152992249,xattn
1119,1,0.24752475321292877,xattn
1112,2,0.07491856813430786,xattn
1113,2,0.08055329322814941,xattn
1114,2,0.08500400930643082,xattn
1115,2,0.09333333373069763,xattn
1116,2,0.07347254455089569,xattn
1117,2,0.05399060994386673,xattn
1118,2,0.04222048446536064,xattn
1119,2,0.040380045771598816,xattn
1120,0,0.0,xattn
1121,0,0.0,xattn
1122,0,0.0,xattn
1123,0,0.0,xattn
1124,0,0.0,xattn
1125,0,0.0,xattn
1126,0,0.0,xattn
1127,0,0.0,xattn
1120,1,0.227544903755188,xattn
1121,1,0.21202531456947327,xattn
1122,1,0.13851352035999298,xattn
1123,1,0.11888112127780914,xattn
1124,1,0.10580204427242279,xattn
1125,1,0.12413793057203293,xattn
1126,1,0.21033211052417755,xattn
1127,1,0.3057851195335388,xattn
1120,2,0.08260105550289154,xattn
1121,2,0.06997084617614746,xattn
1122,2,0.02835332602262497,xattn
1123,2,0.021176470443606377,xattn
1124,2,0.06585365533828735,xattn
1125,2,0.08969696611166,xattn
1126,2,0.11787072569131851,xattn
1127,2,0.15208613872528076,xattn
1128,0,0.0,xattn
1129,0,0.0,xattn
1130,0,0.0,xattn
1131,0,0.0,xattn
1132,0,0.0,xattn
1133,0,0.0,xattn
1134,0,0.0,xattn
1135,0,0.0,xattn
1128,1,0.2889733910560608,xattn
1129,1,0.3547169864177704,xattn
1130,1,0.34057971835136414,xattn
1131,1,0.3261648714542389,xattn
1132,1,0.3054545521736145,xattn
1133,1,0.27075812220573425,xattn
1134,1,0.2374100685119629,xattn
1135,1,0.1743772178888321,xattn
1128,2,0.09482758492231369,xattn
1129,2,0.10333604365587234,xattn
1130,2,0.10874704271554947,xattn
1131,2,0.10604870319366455,xattn
1132,2,0.0982142835855484,xattn
1133,2,0.08977556228637695,xattn
1134,2,0.07939188927412033,xattn
1135,2,0.0708729475736618,xattn
1136,0,0.06666667014360428,xattn
1137,0,0.07692307978868484,xattn
1138,0,0.0833333358168602,xattn
1139,0,0.09090909361839294,xattn
1140,0,0.10526315867900848,xattn
1141,0,0.11764705926179886,xattn
1142,0,0.1538461595773697,xattn
1143,0,0.1818181872367859,xattn
1136,1,0.06802721321582794,xattn
1137,1,0.033557046204805374,xattn
1138,1,0.017241379246115685,xattn
1139,1,0.003436426166445017,xattn
1140,1,0.0035335689317435026,xattn
1141,1,0.0,xattn
1142,1,0.0,xattn
1143,1,0.0039840638637542725,xattn
1136,2,0.024147726595401764,xattn
1137,2,0.03206996992230415,xattn
1138,2,0.03432835638523102,xattn
1139,2,0.04482225701212883,xattn
1140,2,0.04516640305519104,xattn
1141,2,0.046379171311855316,xattn
1142,2,0.04271356761455536,xattn
1143,2,0.03802938759326935,xattn
1144,0,0.0,xattn
1145,0,0.0,xattn
1146,0,0.0,xattn
1147,0,0.0,xattn
1148,0,0.0,xattn
1149,0,0.0,xattn
1150,0,0.0,xattn
1151,0,0.0,xattn
1144,1,0.013793103396892548,xattn
1145,1,0.014705882407724857,xattn
1146,1,0.015267175622284412,xattn
1147,1,0.03252032399177551,xattn
1148,1,0.07438016682863235,xattn
1149,1,0.10169491171836853,xattn
1150,1,0.16239316761493683,xattn
1151,1,0.21367521584033966,xattn
1144,2,0.018803419545292854,xattn
1145,2,0.019434629008173943,xattn
1146,2,0.016544118523597717,xattn
1147,2,0.009451796300709248,xattn
1148,2,0.009433962404727936,xattn
1149,2,0.020560747012495995,xattn
1150,2,0.036363635212183,xattn
1151,2,0.043936729431152344,xattn
1152,0,0.0,xattn
1153,0,0.0,xattn
1154,0,0.0,xattn
1155,0,0.0,xattn
1156,0,0.0,xattn
1157,0,0.0,xattn
1158,0,0.0,xattn
1159,0,0.0,xattn
1152,1,0.15979380905628204,xattn
1153,1,0.1855670064687729,xattn
1154,1,0.22680412232875824,xattn
1155,1,0.22680412232875824,xattn
1156,1,0.23834197223186493,xattn
1157,1,0.24870465695858002,xattn
1158,1,0.23834197223186493,xattn
1159,1,0.24870465695858002,xattn
1152,2,0.06191369518637657,xattn
1153,2,0.07875458151102066,xattn
1154,2,0.09318996220827103,xattn
1155,2,0.09203539788722992,xattn
1156,2,0.09649122506380081,xattn
1157,2,0.104240283370018,xattn
1158,2,0.10720562189817429,xattn
1159,2,0.1118881106376648,xattn
1160,0,0.0,xattn
1161,0,0.0,xattn
1162,0,0.0,xattn
1163,0,0.0,xattn
1164,0,0.0,xattn
1165,0,0.0,xattn
1166,0,0.0,xattn
1167,0,0.0,xattn
1160,1,0.2448979616165161,xattn
1161,1,0.2551020383834839,xattn
1162,1,0.27040815353393555,xattn
1163,1,0.2857142984867096,xattn
1164,1,0.2806122303009033,xattn
1165,1,0.2806122303009033,xattn
1166,1,0.2857142984867096,xattn
1167,1,0.27551019191741943,xattn
1160,2,0.11058451980352402,xattn
1161,2,0.11598745733499527,xattn
1162,2,0.11801242083311081,xattn
1163,2,0.11999999731779099,xattn
1164,2,0.11538461595773697,xattn
1165,2,0.10992366075515747,xattn
1166,2,0.10318664461374283,xattn
1167,2,0.0922844186425209,xattn
1168,0,0.0,xattn
1169,0,0.0,xattn
1170,0,0.0,xattn
1171,0,0.0,xattn
1172,0,0.0,xattn
1173,0,0.0,xattn
1174,0,0.0,xattn
1175,0,0.0,xattn
1168,1,0.125,xattn
1169,1,0.1269841343164444,xattn
1170,1,0.13600000739097595,xattn
1171,1,0.13821138441562653,xattn
1172,1,0.13934426009655,xattn
1173,1,0.15000000596046448,xattn
1174,1,0.13445378839969635,xattn
1175,1,0.12711864709854126,xattn
1168,2,0.16415093839168549,xattn
1169,2,0.1616257131099701,xattn
1170,2,0.15340909361839294,xattn
1171,2,0.15099714696407318,xattn
1172,2,0.15085388720035553,xattn
1173,2,0.14871306717395782,xattn
1174,2,0.1465517282485962,xattn
1175,2,0.14918190240859985,xattn
1176,0,0.0,xattn
1177,0,0.0,xattn
1178,0,0.0,xattn
1179,0,0.0,xattn
1180,0,0.0,xattn
1181,0,0.0,xattn
1182,0,0.0,xattn
1183,0,0.0,xattn
1176,1,0.32211539149284363,xattn
1177,1,0.3543689250946045,xattn
1178,1,0.34299516677856445,xattn
1179,1,0.33170732855796814,xattn
1180,1,0.3219512104988098,xattn
1181,1,0.3333333432674408,xattn
1182,1,0.3283582031726837,xattn
1183,1,0.32673266530036926,xattn
1176,2,0.15112540125846863,xattn
1177,2,0.15500538051128387,xattn
1178,2,0.1484290361404419,xattn
1179,2,0.13789358735084534,xattn
1180,2,0.13152174651622772,xattn
1181,2,0.12282608449459076,xattn
1182,2,0.11014176905155182,xattn
1183,2,0.10010764002799988,xattn
1184,0,0.0,xattn
1185,0,0.0,xattn
1186,0,0.0,xattn
1187,0,0.0,xattn
1188,0,0.0,xattn
1189,0,0.0,xattn
1190,0,0.0,xattn
1191,0,0.0,xattn
1184,1,0.29149797558784485,xattn
1185,1,0.2723577320575714,xattn
1186,1,0.29032257199287415,xattn
1187,1,0.2943548262119293,xattn
1188,1,0.311740905046463,xattn
1189,1,0.3130081295967102,xattn
1190,1,0.3455284535884857,xattn
1191,1,0.3253968358039856,xattn
1184,2,0.0853932574391365,xattn
1185,2,0.07328072190284729,xattn
1186,2,0.06270626932382584,xattn
1187,2,0.06994535773992538,xattn
1188,2,0.0784313753247261,xattn
1189,2,0.058510638773441315,xattn
1190,2,0.04672897234559059,xattn
1191,2,0.057692307978868484,xattn
1192,0,0.0,xattn
1193,0,0.0,xattn
1194,0,0.0,xattn
1195,0,0.0,xattn
1196,0,0.0,xattn
1197,0,0.0,xattn
1198,0,0.0,xattn
1199,0,0.0,xattn
1192,1,0.23999999463558197,xattn
1193,1,0.24899598956108093,xattn
1194,1,0.24497991800308228,xattn
1195,1,0.24803149700164795,xattn
1196,1,0.25206610560417175,xattn
1197,1,0.26556017994880676,xattn
1198,1,0.27346938848495483,xattn
1199,1,0.2745901644229889,xattn
1192,2,0.0831792950630188,xattn
1193,2,0.10457516461610794,xattn
1194,2,0.11406844109296799,xattn
1195,2,0.12594696879386902,xattn
1196,2,0.14343029260635376,xattn
1197,2,0.141865074634552,xattn
1198,2,0.14216163754463196,xattn
1199,2,0.1417475789785385,xattn
1200,0,0.0,xattn
1201,0,0.0,xattn
1202,0,0.0,xattn
1203,0,0.0,xattn
1204,0,0.0,xattn
1205,0,0.0,xattn
1206,0,0.0,xattn
1207,0,0.0,xattn
1200,1,0.11034482717514038,xattn
1201,1,0.08965517580509186,xattn
1202,1,0.095238097012043,xattn
1203,1,0.10958904027938843,xattn
1204,1,0.12328767031431198,xattn
1205,1,0.14482758939266205,xattn
1206,1,0.13013698160648346,xattn
1207,1,0.12080536782741547,xattn
1200,2,0.08104737848043442,xattn
1201,2,0.06970848888158798,xattn
1202,2,0.0751592367887497,xattn
1203,2,0.0746835470199585,xattn
1204,2,0.06783919781446457,xattn
1205,2,0.06783919781446457,xattn
1206,2,0.06965173780918121,xattn
1207,2,0.05947955325245857,xattn
1208,0,0.0,xattn
1209,0,0.0,xattn
1210,0,0.0,xattn
1211,0,0.0,xattn
1212,0,0.0,xattn
1213,0,0.0,xattn
1214,0,0.0,xattn
1215,0,0.0,xattn
1208,1,0.09356725215911865,xattn
1209,1,0.09356725215911865,xattn
1210,1,0.11764705926179886,xattn
1211,1,0.12941177189350128,xattn
1212,1,0.1369047611951828,xattn
1213,1,0.10650887340307236,xattn
1214,1,0.10059171915054321,xattn
1215,1,0.09467455744743347,xattn
1208,2,0.05041152238845825,xattn
1209,2,0.04737384244799614,xattn
1210,2,0.052361395210027695,xattn
1211,2,0.0536082461476326,xattn
1212,2,0.05165289342403412,xattn
1213,2,0.04545454680919647,xattn
1214,2,0.04253112152218819,xattn
1215,2,0.048907388001680374,xattn
1216,0,0.0,xattn
1217,0,0.0,xattn
1218,0,0.0,xattn
1219,0,0.0,xattn
1220,0,0.0,xattn
1221,0,0.0,xattn
1222,0,0.0,xattn
1223,0,0.0,xattn
1216,1,0.10769230872392654,xattn
1217,1,0.1111111119389534,xattn
1218,1,0.10236220806837082,xattn
1219,1,0.1190476194024086,xattn
1220,1,0.10400000214576721,xattn
1221,1,0.11811023950576782,xattn
1222,1,0.190476194024086,xattn
1223,1,0.1190476194024086,xattn
1216,2,0.06518010050058365,xattn
1217,2,0.0642361119389534,xattn
1218,2,0.0642361119389534,xattn
1219,2,0.06445992738008499,xattn
1220,2,0.07413793355226517,xattn
1221,2,0.0642361119389534,xattn
1222,2,0.07167235761880875,xattn
1223,2,0.0677083358168602,xattn
1224,0,0.0,xattn
1225,0,0.0,xattn
1226,0,0.0,xattn
1227,0,0.0,xattn
1228,0,0.0,xattn
1229,0,0.0,xattn
1230,0,0.0,xattn
1231,0,0.0,xattn
1224,1,0.04790419340133667,xattn
1225,1,0.06748466193675995,xattn
1226,1,0.05454545468091965,xattn
1227,1,0.07407407462596893,xattn
1228,1,0.1139240488409996,xattn
1229,1,0.09554140269756317,xattn
1230,1,0.09554140269756317,xattn
1231,1,0.08280254900455475,xattn
1224,2,0.03141361102461815,xattn
1225,2,0.03444676473736763,xattn
1226,2,0.041182681918144226,xattn
1227,2,0.03931987285614014,xattn
1228,2,0.05150214582681656,xattn
1229,2,0.06175514683127403,xattn
1230,2,0.060737527906894684,xattn
1231,2,0.05000000074505806,xattn
1232,0,0.0,xattn
1233,0,0.0,xattn
1234,0,0.0,xattn
1235,0,0.0,xattn
1236,0,0.0,xattn
1237,0,0.0,xattn
1238,0,0.0,xattn
1239,0,0.0,xattn
1232,1,0.0220994483679533,xattn
1233,1,0.01666666753590107,xattn
1234,1,0.03888889029622078,xattn
1235,1,0.06285714358091354,xattn
1236,1,0.06976744532585144,xattn
1237,1,0.07017543911933899,xattn
1238,1,0.08235294371843338,xattn
1239,1,0.05882352963089943,xattn
1232,2,0.024175824597477913,xattn
1233,2,0.0239651408046484,xattn
1234,2,0.0533333346247673,xattn
1235,2,0.06651376187801361,xattn
1236,2,0.08525345474481583,xattn
1237,2,0.08705881983041763,xattn
1238,2,0.0979020968079567,xattn
1239,2,0.08018867671489716,xattn
1240,0,0.0,xattn
1241,0,0.0,xattn
1242,0,0.0,xattn
1243,0,0.0,xattn
1244,0,0.0,xattn
1245,0,0.0,xattn
1246,0,0.0,xattn
1247,0,0.0,xattn
1240,1,0.009389671497046947,xattn
1241,1,0.009389671497046947,xattn
1242,1,0.018779342994093895,xattn
1243,1,0.03864734247326851,xattn
1244,1,0.04901960864663124,xattn
1245,1,0.07352941483259201,xattn
1246,1,0.06930693238973618,xattn
1247,1,0.07425742596387863,xattn
1240,2,0.03548680618405342,xattn
1241,2,0.03269754722714424,xattn
1242,2,0.027149321511387825,xattn
1243,2,0.024523161351680756,xattn
1244,2,0.027297543361783028,xattn
1245,2,0.03846153989434242,xattn
1246,2,0.04032997414469719,xattn
1247,2,0.0330275222659111,xattn
1248,0,0.0,xattn
1249,0,0.0,xattn
1250,0,0.0,xattn
1251,0,0.0,xattn
1252,0,0.0,xattn
1253,0,0.0,xattn
1254,0,0.0,xattn
1255,0,0.0,xattn
1248,1,0.37755101919174194,xattn
1249,1,0.3979591727256775,xattn
1250,1,0.3861386179924011,xattn
1251,1,0.4183673560619354,xattn
1252,1,0.4099999964237213,xattn
1253,1,0.380952388048172,xattn
1254,1,0.3925233781337738,xattn
1255,1,0.420560747385025,xattn
1248,2,0.08841201663017273,xattn
1249,2,0.08965517580509186,xattn
1250,2,0.09605488926172256,xattn
1251,2,0.10120068490505219,xattn
1252,2,0.10386265814304352,xattn
1253,2,0.10629251599311829,xattn
1254,2,0.11252114921808243,xattn
1255,2,0.12236286699771881,xattn
1256,0,0.0,xattn
1257,0,0.0,xattn
1258,0,0.0,xattn
1259,0,0.0,xattn
1260,0,0.0,xattn
1261,0,0.0,xattn
1262,0,0.0,xattn
1263,0,0.0,xattn
1256,1,0.26446279883384705,xattn
1257,1,0.2880658507347107,xattn
1258,1,0.2933884263038635,xattn
1259,1,0.32231405377388,xattn
1260,1,0.35537189245224,xattn
1261,1,0.3786008358001709,xattn
1262,1,0.39754098653793335,xattn
1263,1,0.3918367326259613,xattn
1256,2,0.11684518307447433,xattn
1257,2,0.12572534382343292,xattn
1258,2,0.14133591949939728,xattn
1259,2,0.14066985249519348,xattn
1260,2,0.14786729216575623,xattn
1261,2,0.1649484485387802,xattn
1262,2,0.18080149590969086,xattn
1263,2,0.18933823704719543,xattn
1264,0,0.0,xattn
1265,0,0.0,xattn
1266,0,0.0,xattn
1267,0,0.0,xattn
1268,0,0.0,xattn
1269,0,0.0,xattn
1270,0,0.0,xattn
1271,0,0.0,xattn
1264,1,0.3037383258342743,xattn
1265,1,0.3545454442501068,xattn
1266,1,0.375,xattn
1267,1,0.41333332657814026,xattn
1268,1,0.4199134111404419,xattn
1269,1,0.44396552443504333,xattn
1270,1,0.48523205518722534,xattn
1271,1,0.5020242929458618,xattn
1264,2,0.18421052396297455,xattn
1265,2,0.19854721426963806,xattn
1266,2,0.2199999988079071,xattn
1267,2,0.24086758494377136,xattn
1268,2,0.24347825348377228,xattn
1269,2,0.24604012072086334,xattn
1270,2,0.24186991155147552,xattn
1271,2,0.2568093240261078,xattn
1272,0,0.0,xattn
1273,0,0.0,xattn
1274,0,0.0,xattn
1275,0,0.0,xattn
1276,0,0.0,xattn
1277,0,0.0,xattn
1278,0,0.0,xattn
1279,0,0.0,xattn
1272,1,0.31904762983322144,xattn
1273,1,0.31322506070137024,xattn
1274,1,0.3595505654811859,xattn
1275,1,0.3700440526008606,xattn
1276,1,0.3628692030906677,xattn
1277,1,0.39669421315193176,xattn
1278,1,0.39411765336990356,xattn
1279,1,0.3992466926574707,xattn
1272,2,0.2609589099884033,xattn
1273,2,0.2880324423313141,xattn
1274,2,0.31685101985931396,xattn
1275,2,0.32999372482299805,xattn
1276,2,0.3449939787387848,xattn
1277,2,0.3573503792285919,xattn
1278,2,0.36996135115623474,xattn
1279,2,0.37132352590560913,xattn
1280,0,0.0,xattn
1281,0,0.0,xattn
1282,0,0.0,xattn
1283,0,0.0,xattn
1284,0,0.0,xattn
1285,0,0.0,xattn
1286,0,0.0,xattn
1287,0,0.0,xattn
1280,1,0.27016884088516235,xattn
1281,1,0.27075812220573425,xattn
1282,1,0.26034483313560486,xattn
1283,1,0.25619834661483765,xattn
1284,1,0.2557755708694458,xattn
1285,1,0.24835526943206787,xattn
1286,1,0.24137930572032928,xattn
1287,1,0.23880596458911896,xattn
1280,2,0.29583123326301575,xattn
1281,2,0.2825154960155487,xattn
1282,2,0.2657596468925476,xattn
1283,2,0.26278966665267944,xattn
1284,2,0.25860583782196045,xattn
1285,2,0.2590673565864563,xattn
1286,2,0.2604529559612274,xattn
1287,2,0.2598147392272949,xattn
1288,0,0.0,xattn
1289,0,0.0,xattn
1290,0,0.0,xattn
1291,0,0.0,xattn
1292,0,0.0,xattn
1293,0,0.0,xattn
1294,0,0.0,xattn
1295,0,0.0,xattn
1288,1,0.2429906576871872,xattn
1289,1,0.29906541109085083,xattn
1290,1,0.25233644247055054,xattn
1291,1,0.20720720291137695,xattn
1292,1,0.26851850748062134,xattn
1293,1,0.29906541109085083,xattn
1294,1,0.2818181812763214,xattn
1295,1,0.290909081697464,xattn
1288,2,0.0,xattn
1289,2,0.0016501650679856539,xattn
1290,2,0.008223684504628181,xattn
1291,2,0.006462035700678825,xattn
1292,2,0.0031847134232521057,xattn
1293,2,0.004823151044547558,xattn
1294,2,0.0,xattn
1295,2,0.0,xattn
1296,0,0.0,xattn
1297,0,0.0,xattn
1298,0,0.0,xattn
1299,0,0.0,xattn
1300,0,0.0,xattn
1301,0,0.0,xattn
1302,0,0.0,xattn
1303,0,0.0,xattn
1296,1,0.1812080591917038,xattn
1297,1,0.19463087618350983,xattn
1298,1,0.190476194024086,xattn
1299,1,0.18666666746139526,xattn
1300,1,0.18493150174617767,xattn
1301,1,0.18918919563293457,xattn
1302,1,0.18367347121238708,xattn
1303,1,0.21232876181602478,xattn
1296,2,0.0012180268531665206,xattn
1297,2,0.0012091898825019598,xattn
1298,2,0.001215066877193749,xattn
1299,2,0.002433090005069971,xattn
1300,2,0.0037082817871123552,xattn
1301,2,0.012360939756035805,xattn
1302,2,0.010989011265337467,xattn
1303,2,0.008547008968889713,xattn
1304,0,0.0,xattn
1305,0,0.0,xattn
1306,0,0.0,xattn
1307,0,0.0,xattn
1308,0,0.0,xattn
1309,0,0.0,xattn
1310,0,0.0,xattn
1311,0,0.0,xattn
1304,1,0.2211538404226303,xattn
1305,1,0.23999999463558197,xattn
1306,1,0.2199999988079071,xattn
1307,1,0.2626262605190277,xattn
1308,1,0.2450980395078659,xattn
1309,1,0.24271844327449799,xattn
1310,1,0.23999999463558197,xattn
1311,1,0.25,xattn
1304,2,0.0026978417299687862,xattn
1305,2,0.0009033423848450184,xattn
1306,2,0.0,xattn
1307,2,0.0,xattn
1308,2,0.0,xattn
1309,2,0.0018198362085968256,xattn
1310,2,0.0018231540452688932,xattn
1311,2,0.0,xattn
1312,0,0.0,xattn
1313,0,0.0,xattn
1314,0,0.0,xattn
1315,0,0.0,xattn
1316,0,0.0,xattn
1317,0,0.0,xattn
1318,0,0.0,xattn
1319,0,0.0,xattn
1312,1,0.1679389327764511,xattn
1313,1,0.13076923787593842,xattn
1314,1,0.1492537260055542,xattn
1315,1,0.16153846681118011,xattn
1316,1,0.10606060922145844,xattn
1317,1,0.11450381577014923,xattn
1318,1,0.11627907305955887,xattn
1319,1,0.1190476194024086,xattn
1312,2,0.004622496198862791,xattn
1313,2,0.004687500186264515,xattn
1314,2,0.0031104199588298798,xattn
1315,2,0.003105590119957924,xattn
1316,2,0.006319115404039621,xattn
1317,2,0.006399999838322401,xattn
1318,2,0.003225806402042508,xattn
1319,2,0.0,xattn
1320,0,0.0,xattn
1321,0,0.0,xattn
1322,0,0.0,xattn
1323,0,0.0,xattn
1324,0,0.0,xattn
1325,0,0.0,xattn
1326,0,0.0,xattn
1327,0,0.0,xattn
1320,1,0.09401709586381912,xattn
1321,1,0.07758620381355286,xattn
1322,1,0.04878048598766327,xattn
1323,1,0.06722689419984818,xattn
1324,1,0.09166666865348816,xattn
1325,1,0.05932203307747841,xattn
1326,1,0.07758620381355286,xattn
1327,1,0.09482758492231369,xattn
1320,2,0.0,xattn
1321,2,0.0,xattn
1322,2,0.0021715527400374413,xattn
1323,2,0.0010869564721360803,xattn
1324,2,0.003267973894253373,xattn
1325,2,0.001098901149816811,xattn
1326,2,0.0021834061481058598,xattn
1327,2,0.0010917030740529299,xattn
1328,0,0.0,xattn
1329,0,0.0,xattn
1330,0,0.0,xattn
1331,0,0.0,xattn
1332,0,0.0,xattn
1333,0,0.0,xattn
1334,0,0.0,xattn
1335,0,0.0,xattn
1328,1,0.06849315017461777,xattn
1329,1,0.0555555559694767,xattn
1330,1,0.08219178020954132,xattn
1331,1,0.06293706595897675,xattn
1332,1,0.0839160829782486,xattn
1333,1,0.0699300691485405,xattn
1334,1,0.07692307978868484,xattn
1335,1,0.0559440553188324,xattn
1328,2,0.0,xattn
1329,2,0.0,xattn
1330,2,0.002453987719491124,xattn
1331,2,0.001231527072377503,xattn
1332,2,0.0,xattn
1333,2,0.0012239902280271053,xattn
1334,2,0.0012300122762098908,xattn
1335,2,0.001231527072377503,xattn
1336,0,0.0,xattn
1337,0,0.0,xattn
1338,0,0.0,xattn
1339,0,0.0,xattn
1340,0,0.0,xattn
1341,0,0.0,xattn
1342,0,0.0,xattn
1343,0,0.0,xattn
1336,1,0.23722627758979797,xattn
1337,1,0.2327272742986679,xattn
1338,1,0.24452555179595947,xattn
1339,1,0.25090909004211426,xattn
1340,1,0.23843416571617126,xattn
1341,1,0.2625899314880371,xattn
1342,1,0.2893773019313812,xattn
1343,1,0.28169015049934387,xattn
1336,2,0.1268656700849533,xattn
1337,2,0.12474576383829117,xattn
1338,2,0.124747134745121,xattn
1339,2,0.1183946505188942,xattn
1340,2,0.11059602349996567,xattn
1341,2,0.1164921447634697,xattn
1342,2,0.12442997097969055,xattn
1343,2,0.12793733179569244,xattn
1344,0,0.0,xattn
1345,0,0.0,xattn
1346,0,0.0,xattn
1347,0,0.017543859779834747,xattn
1348,0,0.017241379246115685,xattn
1349,0,0.017543859779834747,xattn
1350,0,0.016949152573943138,xattn
1351,0,0.01666666753590107,xattn
1344,1,0.20845921337604523,xattn
1345,1,0.20489296317100525,xattn
1346,1,0.22049689292907715,xattn
1347,1,0.20972643792629242,xattn
1348,1,0.2310030460357666,xattn
1349,1,0.22289156913757324,xattn
1350,1,0.2409638613462448,xattn
1351,1,0.2373887300491333,xattn
1344,2,0.15080790221691132,xattn
1345,2,0.15256257355213165,xattn
1346,2,0.1558752954006195,xattn
1347,2,0.16111771762371063,xattn
1348,2,0.1571512669324875,xattn
1349,2,0.15533411502838135,xattn
1350,2,0.1546090990304947,xattn
1351,2,0.1538461595773697,xattn
1352,0,0.0,xattn
1353,0,0.0,xattn
1354,0,0.0,xattn
1355,0,0.0,xattn
1356,0,0.0,xattn
1357,0,0.0,xattn
1358,0,0.0,xattn
1359,0,0.0,xattn
1352,1,0.21856287121772766,xattn
1353,1,0.20720720291137695,xattn
1354,1,0.20058996975421906,xattn
1355,1,0.20571428537368774,xattn
1356,1,0.22535210847854614,xattn
1357,1,0.23529411852359772,xattn
1358,1,0.24089635908603668,xattn
1359,1,0.24444444477558136,xattn
1352,2,0.190055251121521,xattn
1353,2,0.18618784844875336,xattn
1354,2,0.1888459473848343,xattn
1355,2,0.20141921937465668,xattn
1356,2,0.207415372133255,xattn
1357,2,0.20820021629333496,xattn
1358,2,0.20751720666885376,xattn
1359,2,0.2063157856464386,xattn
1360,0,0.0,xattn
1361,0,0.0,xattn
1362,0,0.0,xattn
1363,0,0.0,xattn
1364,0,0.0,xattn
1365,0,0.0,xattn
1366,0,0.0,xattn
1367,0,0.0,xattn
1360,1,0.2431693971157074,xattn
1361,1,0.2603878080844879,xattn
1362,1,0.25271740555763245,xattn
1363,1,0.24795641005039215,xattn
1364,1,0.25139665603637695,xattn
1365,1,0.23955431580543518,xattn
1366,1,0.24089635908603668,xattn
1367,1,0.25,xattn
1360,2,0.1344805657863617,xattn
1361,2,0.13685551285743713,xattn
1362,2,0.13797467947006226,xattn
1363,2,0.1428571492433548,xattn
1364,2,0.15529564023017883,xattn
1365,2,0.16194865107536316,xattn
1366,2,0.17169684171676636,xattn
1367,2,0.17144808173179626,xattn
1368,0,0.0,xattn
1369,0,0.0,xattn
1370,0,0.0,xattn
1371,0,0.0,xattn
1372,0,0.0,xattn
1373,0,0.0,xattn
1374,0,0.0,xattn
1375,0,0.0,xattn
1368,1,0.25514402985572815,xattn
1369,1,0.2689075767993927,xattn
1370,1,0.2933618724346161,xattn
1371,1,0.31346577405929565,xattn
1372,1,0.3221476376056671,xattn
1373,1,0.33949190378189087,xattn
1374,1,0.3498817980289459,xattn
1375,1,0.3404761850833893,xattn
1368,2,0.20364126563072205,xattn
1369,2,0.20673076808452606,xattn
1370,2,0.2168758660554886,xattn
1371,2,0.22261735796928406,xattn
1372,2,0.22093862295150757,xattn
1373,2,0.2101818174123764,xattn
1374,2,0.19676946103572845,xattn
1375,2,0.1892697513103485,xattn
1376,0,0.0,xattn
1377,0,0.0,xattn
1378,0,0.0,xattn
1379,0,0.0,xattn
1380,0,0.0,xattn
1381,0,0.0,xattn
1382,0,0.0,xattn
1383,0,0.0,xattn
1376,1,0.3229166567325592,xattn
1377,1,0.33155080676078796,xattn
1378,1,0.33152174949645996,xattn
1379,1,0.3216216266155243,xattn
1380,1,0.3095890283584595,xattn
1381,1,0.3168044090270996,xattn
1382,1,0.3176795542240143,xattn
1383,1,0.3140496015548706,xattn
1376,2,0.20370370149612427,xattn
1377,2,0.1969178020954132,xattn
1378,2,0.1796875,xattn
1379,2,0.18317265808582306,xattn
1380,2,0.18400000035762787,xattn
1381,2,0.18733032047748566,xattn
1382,2,0.19393382966518402,xattn
1383,2,0.1844748854637146,xattn
1384,0,0.0,xattn
1385,0,0.0,xattn
1386,0,0.0,xattn
1387,0,0.0,xattn
1388,0,0.0,xattn
1389,0,0.0,xattn
1390,0,0.0,xattn
1391,0,0.0,xattn
1384,1,0.08130080997943878,xattn
1385,1,0.08943089097738266,xattn
1386,1,0.09756097197532654,xattn
1387,1,0.10569106042385101,xattn
1388,1,0.10569106042385101,xattn
1389,1,0.09756097197532654,xattn
1390,1,0.10569106042385101,xattn
1391,1,0.08943089097738266,xattn
1384,2,0.03159851208329201,xattn
1385,2,0.03153988718986511,xattn
1386,2,0.034990791231393814,xattn
1387,2,0.04036697372794151,xattn
1388,2,0.03846153989434242,xattn
1389,2,0.038532111793756485,xattn
1390,2,0.03479853644967079,xattn
1391,2,0.036764707416296005,xattn
1392,0,0.0,xattn
1393,0,0.0,xattn
1394,0,0.0,xattn
1395,0,0.0,xattn
1396,0,0.0,xattn
1397,0,0.0,xattn
1398,0,0.0,xattn
1399,0,0.0,xattn
1392,1,0.07079645991325378,xattn
1393,1,0.10619468986988068,xattn
1394,1,0.12389380484819412,xattn
1395,1,0.10619468986988068,xattn
1396,1,0.13274335861206055,xattn
1397,1,0.14159291982650757,xattn
1398,1,0.13274335861206055,xattn
1399,1,0.13274335861206055,xattn
1392,2,0.02987697720527649,xattn
1393,2,0.04203152284026146,xattn
1394,2,0.04355400800704956,xattn
1395,2,0.034662045538425446,xattn
1396,2,0.036332178860902786,xattn
1397,2,0.039792388677597046,xattn
1398,2,0.041450776159763336,xattn
1399,2,0.04137931019067764,xattn
1400,0,0.0,xattn
1401,0,0.0,xattn
1402,0,0.0,xattn
1403,0,0.0,xattn
1404,0,0.0,xattn
1405,0,0.0,xattn
1406,0,0.0,xattn
1407,0,0.0,xattn
1400,1,0.1517857164144516,xattn
1401,1,0.1339285671710968,xattn
1402,1,0.1696428507566452,xattn
1403,1,0.1785714328289032,xattn
1404,1,0.1517857164144516,xattn
1405,1,0.1504424810409546,xattn
1406,1,0.1592920422554016,xattn
1407,1,0.1592920422554016,xattn
1400,2,0.04931506887078285,xattn
1401,2,0.04076087102293968,xattn
1402,2,0.0452127642929554,xattn
1403,2,0.050802137702703476,xattn
1404,2,0.04838709533214569,xattn
1405,2,0.03999999910593033,xattn
1406,2,0.042328041046857834,xattn
1407,2,0.04509283974766731,xattn
1408,0,0.0,xattn
1409,0,0.0,xattn
1410,0,0.0,xattn
1411,0,0.0,xattn
1412,0,0.0,xattn
1413,0,0.0,xattn
1414,0,0.0,xattn
1415,0,0.0,xattn
1408,1,0.125,xattn
1409,1,0.14473684132099152,xattn
1410,1,0.15131579339504242,xattn
1411,1,0.15789473056793213,xattn
1412,1,0.15789473056793213,xattn
1413,1,0.17105263471603394,xattn
1414,1,0.16447368264198303,xattn
1415,1,0.17105263471603394,xattn
1408,2,0.04728132486343384,xattn
1409,2,0.04215456545352936,xattn
1410,2,0.03971962630748749,xattn
1411,2,0.04215456545352936,xattn
1412,2,0.04215456545352936,xattn
1413,2,0.037383176386356354,xattn
1414,2,0.03464203327894211,xattn
1415,2,0.039080459624528885,xattn
1416,0,0.0,xattn
1417,0,0.0,xattn
1418,0,0.0,xattn
1419,0,0.0,xattn
1420,0,0.0,xattn
1421,0,0.0,xattn
1422,0,0.0,xattn
1423,0,0.0,xattn
1416,1,0.1826086938381195,xattn
1417,1,0.1826086938381195,xattn
1418,1,0.1826086938381195,xattn
1419,1,0.16521738469600677,xattn
1420,1,0.21739129722118378,xattn
1421,1,0.2300885021686554,xattn
1422,1,0.24561403691768646,xattn
1423,1,0.28070175647735596,xattn
1416,2,0.04935622215270996,xattn
1417,2,0.04721030220389366,xattn
1418,2,0.04935622215270996,xattn
1419,2,0.05531914904713631,xattn
1420,2,0.05648535490036011,xattn
1421,2,0.06263048201799393,xattn
1422,2,0.06818182021379471,xattn
1423,2,0.07438016682863235,xattn
1424,0,0.0,xattn
1425,0,0.0,xattn
1426,0,0.0,xattn
1427,0,0.0,xattn
1428,0,0.0,xattn
1429,0,0.0,xattn
1430,0,0.0,xattn
1431,0,0.0,xattn
1424,1,0.14678898453712463,xattn
1425,1,0.18446601927280426,xattn
1426,1,0.21782177686691284,xattn
1427,1,0.23000000417232513,xattn
1428,1,0.24242424964904785,xattn
1429,1,0.30000001192092896,xattn
1430,1,0.31683167815208435,xattn
1431,1,0.35789474844932556,xattn
1424,2,0.06504064798355103,xattn
1425,2,0.06525285542011261,xattn
1426,2,0.07455429434776306,xattn
1427,2,0.06902086734771729,xattn
1428,2,0.07119741290807724,xattn
1429,2,0.08173076808452606,xattn
1430,2,0.07753164321184158,xattn
1431,2,0.08860759437084198,xattn
1432,0,0.0,xattn
1433,0,0.0,xattn
1434,0,0.0,xattn
1435,0,0.0,xattn
1436,0,0.0,xattn
1437,0,0.0,xattn
1438,0,0.0,xattn
1439,0,0.0,xattn
1432,1,0.17475728690624237,xattn
1433,1,0.190476194024086,xattn
1434,1,0.190476194024086,xattn
1435,1,0.25961539149284363,xattn
1436,1,0.27619048953056335,xattn
1437,1,0.2897196114063263,xattn
1438,1,0.32692307233810425,xattn
1439,1,0.33980581164360046,xattn
1432,2,0.06196840852499008,xattn
1433,2,0.06996381282806396,xattn
1434,2,0.06867469847202301,xattn
1435,2,0.07976190745830536,xattn
1436,2,0.08284023404121399,xattn
1437,2,0.08675263822078705,xattn
1438,2,0.08837209641933441,xattn
1439,2,0.08630610257387161,xattn
1440,0,0.0,xattn
1441,0,0.0,xattn
1442,0,0.0,xattn
1443,0,0.0,xattn
1444,0,0.0,xattn
1445,0,0.0,xattn
1446,0,0.0,xattn
1447,0,0.0,xattn
1440,1,0.23469388484954834,xattn
1441,1,0.23076923191547394,xattn
1442,1,0.25471699237823486,xattn
1443,1,0.24074074625968933,xattn
1444,1,0.2777777910232544,xattn
1445,1,0.2743362784385681,xattn
1446,1,0.2719298303127289,xattn
1447,1,0.269565224647522,xattn
1440,2,0.06627219170331955,xattn
1441,2,0.06504064798355103,xattn
1442,2,0.07134637236595154,xattn
1443,2,0.07102593034505844,xattn
1444,2,0.0714285746216774,xattn
1445,2,0.076243095099926,xattn
1446,2,0.07166124135255814,xattn
1447,2,0.06801275163888931,xattn
1448,0,0.0,xattn
1449,0,0.0,xattn
1450,0,0.0,xattn
1451,0,0.0,xattn
1452,0,0.0,xattn
1453,0,0.0,xattn
1454,0,0.0,xattn
1455,0,0.0,xattn
1448,1,0.47058823704719543,xattn
1449,1,0.4871794879436493,xattn
1450,1,0.48427674174308777,xattn
1451,1,0.4647058844566345,xattn
1452,1,0.44692736864089966,xattn
1453,1,0.42328041791915894,xattn
1454,1,0.453125,xattn
1455,1,0.4659685790538788,xattn
1448,2,0.0659685879945755,xattn
1449,2,0.06332992762327194,xattn
1450,2,0.06300000101327896,xattn
1451,2,0.0682036504149437,xattn
1452,2,0.06382978707551956,xattn
1453,2,0.059192825108766556,xattn
1454,2,0.06060606241226196,xattn
1455,2,0.06878761947154999,xattn
1456,0,0.0,xattn
1457,0,0.0,xattn
1458,0,0.0,xattn
1459,0,0.0,xattn
1460,0,0.0,xattn
1461,0,0.0,xattn
1462,0,0.0,xattn
1463,0,0.0,xattn
1456,1,0.06666667014360428,xattn
1457,1,0.11224489659070969,xattn
1458,1,0.13775509595870972,xattn
1459,1,0.16326530277729034,xattn
1460,1,0.20202019810676575,xattn
1461,1,0.23618090152740479,xattn
1462,1,0.2750000059604645,xattn
1463,1,0.3137255012989044,xattn
1456,2,0.017786560580134392,xattn
1457,2,0.05263157933950424,xattn
1458,2,0.08880309015512466,xattn
1459,2,0.12380952388048172,xattn
1460,2,0.14417745172977448,xattn
1461,2,0.1489361673593521,xattn
1462,2,0.15066225826740265,xattn
1463,2,0.15100154280662537,xattn
1464,0,0.0,xattn
1465,0,0.0,xattn
1466,0,0.0,xattn
1467,0,0.0,xattn
1468,0,0.0,xattn
1469,0,0.0,xattn
1470,0,0.0,xattn
1471,0,0.0,xattn
1464,1,0.05919003114104271,xattn
1465,1,0.0746268630027771,xattn
1466,1,0.09014084190130234,xattn
1467,1,0.1067708358168602,xattn
1468,1,0.17424242198467255,xattn
1469,1,0.2419753074645996,xattn
1470,1,0.2958715558052063,xattn
1471,1,0.38863635063171387,xattn
1464,2,0.07540983706712723,xattn
1465,2,0.09756097197532654,xattn
1466,2,0.12228056788444519,xattn
1467,2,0.1440618485212326,xattn
1468,2,0.16524028778076172,xattn
1469,2,0.18237082660198212,xattn
1470,2,0.20596355199813843,xattn
1471,2,0.20737327635288239,xattn
1472,0,0.0,xattn
1473,0,0.0,xattn
1474,0,0.0,xattn
1475,0,0.0,xattn
1476,0,0.009345794096589088,xattn
1477,0,0.009803921915590763,xattn
1478,0,0.01075268816202879,xattn
1479,0,0.0,xattn
1472,1,0.24024640023708344,xattn
1473,1,0.23188406229019165,xattn
1474,1,0.24267782270908356,xattn
1475,1,0.29032257199287415,xattn
1476,1,0.3261339068412781,xattn
1477,1,0.3461538553237915,xattn
1478,1,0.38072288036346436,xattn
1479,1,0.3984168767929077,xattn
1472,2,0.28063061833381653,xattn
1473,2,0.24695652723312378,xattn
1474,2,0.2622222304344177,xattn
1475,2,0.28205129504203796,xattn
1476,2,0.2752293646335602,xattn
1477,2,0.2839784026145935,xattn
1478,2,0.31820353865623474,xattn
1479,2,0.3150478005409241,xattn
1480,0,0.0,xattn
1481,0,0.0,xattn
1482,0,0.0,xattn
1483,0,0.0,xattn
1484,0,0.0,xattn
1485,0,0.0,xattn
1486,0,0.0,xattn
1487,0,0.0,xattn
1480,1,0.26623377203941345,xattn
1481,1,0.2862190902233124,xattn
1482,1,0.3140496015548706,xattn
1483,1,0.3300970792770386,xattn
1484,1,0.35593220591545105,xattn
1485,1,0.31481480598449707,xattn
1486,1,0.23870967328548431,xattn
1487,1,0.22068965435028076,xattn
1480,2,0.18485523760318756,xattn
1481,2,0.21835173666477203,xattn
1482,2,0.22617901861667633,xattn
1483,2,0.21854305267333984,xattn
1484,2,0.2234848439693451,xattn
1485,2,0.2187938243150711,xattn
1486,2,0.1939849555492401,xattn
1487,2,0.1632329672574997,xattn
1488,0,0.0,xattn
1489,0,0.0,xattn
1490,0,0.0,xattn
1491,0,0.0,xattn
1492,0,0.0,xattn
1493,0,0.0,xattn
1494,0,0.0,xattn
1495,0,0.0,xattn
1488,1,0.06686046719551086,xattn
1489,1,0.056886225938797,xattn
1490,1,0.07407407462596893,xattn
1491,1,0.06645569950342178,xattn
1492,1,0.08766233921051025,xattn
1493,1,0.07920791953802109,xattn
1494,1,0.08666666597127914,xattn
1495,1,0.07666666805744171,xattn
1488,2,0.12975098192691803,xattn
1489,2,0.09421265125274658,xattn
1490,2,0.06896551698446274,xattn
1491,2,0.05477528274059296,xattn
1492,2,0.04539006948471069,xattn
1493,2,0.057863499969244,xattn
1494,2,0.0838509351015091,xattn
1495,2,0.09562398493289948,xattn
1496,0,0.0,xattn
1497,0,0.0,xattn
1498,0,0.0,xattn
1499,0,0.0,xattn
1500,0,0.0,xattn
1501,0,0.0,xattn
1502,0,0.0,xattn
1503,0,0.0,xattn
1496,1,0.37068966031074524,xattn
1497,1,0.37068966031074524,xattn
1498,1,0.3245614171028137,xattn
1499,1,0.2905983030796051,xattn
1500,1,0.38260868191719055,xattn
1501,1,0.39316239953041077,xattn
1502,1,0.3913043439388275,xattn
1503,1,0.4035087823867798,xattn
1496,2,0.08015266805887222,xattn
1497,2,0.06692160665988922,xattn
1498,2,0.07480315119028091,xattn
1499,2,0.075581394135952,xattn
1500,2,0.07915057986974716,xattn
1501,2,0.07736943662166595,xattn
1502,2,0.07976653426885605,xattn
1503,2,0.07707129418849945,xattn
1504,0,0.0,xattn
1505,0,0.0,xattn
1506,0,0.0,xattn
1507,0,0.0,xattn
1508,0,0.0,xattn
1509,0,0.0,xattn
1510,0,0.0,xattn
1511,0,0.0,xattn
1504,1,0.2709677517414093,xattn
1505,1,0.28387096524238586,xattn
1506,1,0.25974026322364807,xattn
1507,1,0.26143792271614075,xattn
1508,1,0.2922077775001526,xattn
1509,1,0.27272728085517883,xattn
1510,1,0.2857142984867096,xattn
1511,1,0.29870128631591797,xattn
1504,2,0.09784172475337982,xattn
1505,2,0.08571428805589676,xattn
1506,2,0.0884057953953743,xattn
1507,2,0.08769448101520538,xattn
1508,2,0.08732394129037857,xattn
1509,2,0.08819345384836197,xattn
1510,2,0.08403361588716507,xattn
1511,2,0.08123249560594559,xattn
1512,0,0.0,xattn
1513,0,0.0,xattn
1514,0,0.0,xattn
1515,0,0.0,xattn
1516,0,0.0,xattn
1517,0,0.0,xattn
1518,0,0.0,xattn
1519,0,0.0,xattn
1512,1,0.3360655605792999,xattn
1513,1,0.31355932354927063,xattn
1514,1,0.35593220591545105,xattn
1515,1,0.3196721374988556,xattn
1516,1,0.3499999940395355,xattn
1517,1,0.32773110270500183,xattn
1518,1,0.3445378243923187,xattn
1519,1,0.3306451737880707,xattn
1512,2,0.04121863842010498,xattn
1513,2,0.036563072353601456,xattn
1514,2,0.051756005734205246,xattn
1515,2,0.04220183566212654,xattn
1516,2,0.04651162773370743,xattn
1517,2,0.05454545468091965,xattn
1518,2,0.059369202703237534,xattn
1519,2,0.06542056053876877,xattn
1520,0,0.0,xattn
1521,0,0.0,xattn
1522,0,0.0,xattn
1523,0,0.0,xattn
1524,0,0.0,xattn
1525,0,0.0,xattn
1526,0,0.0,xattn
1527,0,0.0,xattn
1520,1,0.2857142984867096,xattn
1521,1,0.28947368264198303,xattn
1522,1,0.3302752375602722,xattn
1523,1,0.336448609828949,xattn
1524,1,0.30000001192092896,xattn
1525,1,0.31481480598449707,xattn
1526,1,0.39423078298568726,xattn
1527,1,0.349056601524353,xattn
1520,2,0.06904231756925583,xattn
1521,2,0.06904231756925583,xattn
1522,2,0.06167401000857353,xattn
1523,2,0.07207207381725311,xattn
1524,2,0.06756756454706192,xattn
1525,2,0.07013574987649918,xattn
1526,2,0.0763888880610466,xattn
1527,2,0.072727270424366,xattn
1528,0,0.0,xattn
1529,0,0.0,xattn
1530,0,0.0,xattn
1531,0,0.0,xattn
1532,0,0.0,xattn
1533,0,0.0,xattn
1534,0,0.0,xattn
1535,0,0.0,xattn
1528,1,0.3020833432674408,xattn
1529,1,0.3195876181125641,xattn
1530,1,0.33000001311302185,xattn
1531,1,0.3263157904148102,xattn
1532,1,0.3263157904148102,xattn
1533,1,0.3085106313228607,xattn
1534,1,0.30434781312942505,xattn
1535,1,0.3510638177394867,xattn
1528,2,0.08287795633077621,xattn
1529,2,0.06877828389406204,xattn
1530,2,0.07194244861602783,xattn
1531,2,0.07303877174854279,xattn
1532,2,0.06822261959314346,xattn
1533,2,0.07027027010917664,xattn
1534,2,0.07033363729715347,xattn
1535,2,0.08115419000387192,xattn
1536,0,0.0,xattn
1537,0,0.0,xattn
1538,0,0.0,xattn
1539,0,0.0,xattn
1540,0,0.0,xattn
1541,0,0.0,xattn
1542,0,0.0,xattn
1543,0,0.0,xattn
1536,1,0.3614457845687866,xattn
1537,1,0.32608696818351746,xattn
1538,1,0.31460675597190857,xattn
1539,1,0.302325576543808,xattn
1540,1,0.3048780560493469,xattn
1541,1,0.2823529541492462,xattn
1542,1,0.2409638613462448,xattn
1543,1,0.30000001192092896,xattn
1536,2,0.06694560497999191,xattn
1537,2,0.07708553224802017,xattn
1538,2,0.0791139230132103,xattn
1539,2,0.06455026566982269,xattn
1540,2,0.07470650970935822,xattn
1541,2,0.07725322246551514,xattn
1542,2,0.06430868059396744,xattn
1543,2,0.069593146443367,xattn
1544,0,0.0,xattn
1545,0,0.0,xattn
1546,0,0.0,xattn
1547,0,0.0,xattn
1548,0,0.0,xattn
1549,0,0.0,xattn
1550,0,0.0,xattn
1551,0,0.0,xattn
1544,1,0.24468085169792175,xattn
1545,1,0.25806450843811035,xattn
1546,1,0.24210526049137115,xattn
1547,1,0.2888889014720917,xattn
1548,1,0.2527472674846649,xattn
1549,1,0.18478260934352875,xattn
1550,1,0.22580644488334656,xattn
1551,1,0.16129031777381897,xattn
1544,2,0.06557376682758331,xattn
1545,2,0.05446118116378784,xattn
1546,2,0.05937136337161064,xattn
1547,2,0.05232558026909828,xattn
1548,2,0.05348837375640869,xattn
1549,2,0.05325443670153618,xattn
1550,2,0.043580684810876846,xattn
1551,2,0.05005820840597153,xattn
1552,0,0.0,xattn
1553,0,0.0,xattn
1554,0,0.0,xattn
1555,0,0.0,xattn
1556,0,0.0,xattn
1557,0,0.0,xattn
1558,0,0.0,xattn
1559,0,0.0,xattn
1552,1,0.2469135820865631,xattn
1553,1,0.2467532455921173,xattn
1554,1,0.22499999403953552,xattn
1555,1,0.2266666740179062,xattn
1556,1,0.25333333015441895,xattn
1557,1,0.20987653732299805,xattn
1558,1,0.2432432472705841,xattn
1559,1,0.1756756752729416,xattn
1552,2,0.06474819779396057,xattn
1553,2,0.05165289342403412,xattn
1554,2,0.05295950174331665,xattn
1555,2,0.05821205675601959,xattn
1556,2,0.05693581700325012,xattn
1557,2,0.05526590347290039,xattn
1558,2,0.050052136182785034,xattn
1559,2,0.04261954128742218,xattn
1560,0,0.0,xattn
1561,0,0.0,xattn
1562,0,0.0,xattn
1563,0,0.0,xattn
1564,0,0.0,xattn
1565,0,0.0,xattn
1566,0,0.0,xattn
1567,0,0.0,xattn
1560,1,0.14492753148078918,xattn
1561,1,0.21212121844291687,xattn
1562,1,0.12857143580913544,xattn
1563,1,0.15942029654979706,xattn
1564,1,0.19696970283985138,xattn
1565,1,0.1846153885126114,xattn
1566,1,0.10769230872392654,xattn
1567,1,0.16417910158634186,xattn
1560,2,0.03953148052096367,xattn
1561,2,0.058565154671669006,xattn
1562,2,0.04196816310286522,xattn
1563,2,0.04505813866853714,xattn
1564,2,0.0393013097345829,xattn
1565,2,0.04664723202586174,xattn
1566,2,0.04215116426348686,xattn
1567,2,0.04057971015572548,xattn
1568,0,0.0,xattn
1569,0,0.0,xattn
1570,0,0.0,xattn
1571,0,0.0,xattn
1572,0,0.0,xattn
1573,0,0.0,xattn
1574,0,0.0,xattn
1575,0,0.0,xattn
1568,1,0.17741934955120087,xattn
1569,1,0.19117647409439087,xattn
1570,1,0.2295081913471222,xattn
1571,1,0.19354838132858276,xattn
1572,1,0.203125,xattn
1573,1,0.22580644488334656,xattn
1574,1,0.1846153885126114,xattn
1575,1,0.11428571492433548,xattn
1568,2,0.0379403792321682,xattn
1569,2,0.049113232642412186,xattn
1570,2,0.039726026356220245,xattn
1571,2,0.038303691893815994,xattn
1572,2,0.04644808918237686,xattn
1573,2,0.05089408531785011,xattn
1574,2,0.0450819656252861,xattn
1575,2,0.04149377718567848,xattn
1576,0,0.0,xattn
1577,0,0.0,xattn
1578,0,0.0,xattn
1579,0,0.0,xattn
1580,0,0.0,xattn
1581,0,0.0,xattn
1582,0,0.0,xattn
1583,0,0.0,xattn
1576,1,0.053658537566661835,xattn
1577,1,0.043902438133955,xattn
1578,1,0.053658537566661835,xattn
1579,1,0.06829268485307693,xattn
1580,1,0.0731707289814949,xattn
1581,1,0.0731707289814949,xattn
1582,1,0.057416267693042755,xattn
1583,1,0.05288461595773697,xattn
1576,2,0.06927710771560669,xattn
1577,2,0.06896551698446274,xattn
1578,2,0.07485029846429825,xattn
1579,2,0.07407407462596893,xattn
1580,2,0.06932153552770615,xattn
1581,2,0.06942392885684967,xattn
1582,2,0.063421830534935,xattn
1583,2,0.05710102617740631,xattn
1584,0,0.0,xattn
1585,0,0.0,xattn
1586,0,0.0,xattn
1587,0,0.0,xattn
1588,0,0.0,xattn
1589,0,0.0,xattn
1590,0,0.0,xattn
1591,0,0.0,xattn
1584,1,0.061611372977495193,xattn
1585,1,0.051643192768096924,xattn
1586,1,0.05607476457953453,xattn
1587,1,0.06542056053876877,xattn
1588,1,0.06635071337223053,xattn
1589,1,0.07906977087259293,xattn
1590,1,0.0758293867111206,xattn
1591,1,0.08173076808452606,xattn
1584,2,0.04010025039315224,xattn
1585,2,0.041147131472826004,xattn
1586,2,0.0445544570684433,xattn
1587,2,0.04932182654738426,xattn
1588,2,0.053020961582660675,xattn
1589,2,0.05210918188095093,xattn
1590,2,0.054999999701976776,xattn
1591,2,0.05926860123872757,xattn
1592,0,0.0,xattn
1593,0,0.0,xattn
1594,0,0.0,xattn
1595,0,0.0,xattn
1596,0,0.0,xattn
1597,0,0.0,xattn
1598,0,0.0,xattn
1599,0,0.0,xattn
1592,1,0.071856290102005,xattn
1593,1,0.06508875638246536,xattn
1594,1,0.1011904776096344,xattn
1595,1,0.11445783078670502,xattn
1596,1,0.15757575631141663,xattn
1597,1,0.17283950746059418,xattn
1598,1,0.21250000596046448,xattn
1599,1,0.20000000298023224,xattn
1592,2,0.06306306272745132,xattn
1593,2,0.06716418266296387,xattn
1594,2,0.0788690447807312,xattn
1595,2,0.09402985125780106,xattn
1596,2,0.10597015172243118,xattn
1597,2,0.11791044473648071,xattn
1598,2,0.14328809082508087,xattn
1599,2,0.14372164011001587,xattn
1600,0,0.0,xattn
1601,0,0.0,xattn
1602,0,0.0,xattn
1603,0,0.0,xattn
1604,0,0.0,xattn
1605,0,0.0,xattn
1606,0,0.0,xattn
1607,0,0.0,xattn
1600,1,0.21848739683628082,xattn
1601,1,0.23931623995304108,xattn
1602,1,0.21848739683628082,xattn
1603,1,0.2542372941970825,xattn
1604,1,0.24786324799060822,xattn
1605,1,0.24786324799060822,xattn
1606,1,0.2649572789669037,xattn
1607,1,0.2689075767993927,xattn
1600,2,0.14603960514068604,xattn
1601,2,0.13737623393535614,xattn
1602,2,0.13613861799240112,xattn
1603,2,0.1435643583536148,xattn
1604,2,0.13613861799240112,xattn
1605,2,0.1423267275094986,xattn
1606,2,0.14851485192775726,xattn
1607,2,0.1522277295589447,xattn
1608,0,0.0,xattn
1609,0,0.0,xattn
1610,0,0.0,xattn
1611,0,0.0,xattn
1612,0,0.0,xattn
1613,0,0.0,xattn
1614,0,0.0,xattn
1615,0,0.0,xattn
1608,1,0.14746543765068054,xattn
1609,1,0.11520737409591675,xattn
1610,1,0.13242009282112122,xattn
1611,1,0.1409090906381607,xattn
1612,1,0.15668202936649323,xattn
1613,1,0.18139535188674927,xattn
1614,1,0.1805555522441864,xattn
1615,1,0.18139535188674927,xattn
1608,2,0.1835147738456726,xattn
1609,2,0.164869025349617,xattn
1610,2,0.15629741549491882,xattn
1611,2,0.15844544768333435,xattn
1612,2,0.14181286096572876,xattn
1613,2,0.12642045319080353,xattn
1614,2,0.10972221940755844,xattn
1615,2,0.09890110045671463,xattn
1616,0,0.0,xattn
1617,0,0.0,xattn
1618,0,0.0,xattn
1619,0,0.0,xattn
1620,0,0.0,xattn
1621,0,0.0,xattn
1622,0,0.0,xattn
1623,0,0.0,xattn
1616,1,0.11538461595773697,xattn
1617,1,0.125,xattn
1618,1,0.10447761416435242,xattn
1619,1,0.11999999731779099,xattn
1620,1,0.11675126850605011,xattn
1621,1,0.10152284055948257,xattn
1622,1,0.11167512834072113,xattn
1623,1,0.11822660267353058,xattn
1616,2,0.0859232172369957,xattn
1617,2,0.08239700645208359,xattn
1618,2,0.08269231021404266,xattn
1619,2,0.09266409277915955,xattn
1620,2,0.0815533995628357,xattn
1621,2,0.07976653426885605,xattn
1622,2,0.0794573649764061,xattn
1623,2,0.08163265138864517,xattn
1624,0,0.0,xattn
1625,0,0.0,xattn
1626,0,0.0,xattn
1627,0,0.0,xattn
1628,0,0.0,xattn
1629,0,0.0,xattn
1630,0,0.0,xattn
1631,0,0.0,xattn
1624,1,0.11500000208616257,xattn
1625,1,0.14141413569450378,xattn
1626,1,0.1494845300912857,xattn
1627,1,0.15343914926052094,xattn
1628,1,0.16304348409175873,xattn
1629,1,0.15591397881507874,xattn
1630,1,0.18918919563293457,xattn
1631,1,0.19148936867713928,xattn
1624,2,0.06704438477754593,xattn
1625,2,0.06091846153140068,xattn
1626,2,0.061147693544626236,xattn
1627,2,0.06220095604658127,xattn
1628,2,0.05507246404886246,xattn
1629,2,0.04471931606531143,xattn
1630,2,0.04609595611691475,xattn
1631,2,0.05342080444097519,xattn
1632,0,0.0,xattn
1633,0,0.0,xattn
1634,0,0.0,xattn
1635,0,0.0,xattn
1636,0,0.0,xattn
1637,0,0.0,xattn
1638,0,0.0,xattn
1639,0,0.0,xattn
1632,1,0.0731707289814949,xattn
1633,1,0.0734693855047226,xattn
1634,1,0.09716599434614182,xattn
1635,1,0.12083332985639572,xattn
1636,1,0.13278008997440338,xattn
1637,1,0.14830508828163147,xattn
1638,1,0.16379310190677643,xattn
1639,1,0.1659388691186905,xattn
1632,2,0.03451676666736603,xattn
1633,2,0.04442250728607178,xattn
1634,2,0.06132541969418526,xattn
1635,2,0.07333993911743164,xattn
1636,2,0.07418397814035416,xattn
1637,2,0.07593688368797302,xattn
1638,2,0.09018035978078842,xattn
1639,2,0.09723643958568573,xattn
1640,0,0.0,xattn
1641,0,0.0,xattn
1642,0,0.0,xattn
1643,0,0.0,xattn
1644,0,0.0,xattn
1645,0,0.0,xattn
1646,0,0.0,xattn
1647,0,0.0,xattn
1640,1,0.16393442451953888,xattn
1641,1,0.17977528274059296,xattn
1642,1,0.15789473056793213,xattn
1643,1,0.1488095223903656,xattn
1644,1,0.1666666716337204,xattn
1645,1,0.1726190447807312,xattn
1646,1,0.1834319531917572,xattn
1647,1,0.2083333283662796,xattn
1640,2,0.12010796368122101,xattn
1641,2,0.14742697775363922,xattn
1642,2,0.15988372266292572,xattn
1643,2,0.16691285371780396,xattn
1644,2,0.16568046808242798,xattn
1645,2,0.16544656455516815,xattn
1646,2,0.17569546401500702,xattn
1647,2,0.1744185984134674,xattn
1648,0,0.0,xattn
1649,0,0.0,xattn
1650,0,0.0,xattn
1651,0,0.0,xattn
1652,0,0.0,xattn
1653,0,0.0,xattn
1654,0,0.0,xattn
1655,0,0.0,xattn
1648,1,0.08658009022474289,xattn
1649,1,0.104347825050354,xattn
1650,1,0.11013215780258179,xattn
1651,1,0.1150442510843277,xattn
1652,1,0.11061947047710419,xattn
1653,1,0.11926605552434921,xattn
1654,1,0.14485980570316315,xattn
1655,1,0.15566037595272064,xattn
1648,2,0.13084112107753754,xattn
1649,2,0.13003452122211456,xattn
1650,2,0.11858608573675156,xattn
1651,2,0.1137656420469284,xattn
1652,2,0.10011376440525055,xattn
1653,2,0.09297052025794983,xattn
1654,2,0.07963594794273376,xattn
1655,2,0.055617351084947586,xattn
1656,0,0.0,xattn
1657,0,0.0,xattn
1658,0,0.0,xattn
1659,0,0.0,xattn
1660,0,0.0,xattn
1661,0,0.0,xattn
1662,0,0.0,xattn
1663,0,0.0,xattn
1656,1,0.09583333134651184,xattn
1657,1,0.09322033822536469,xattn
1658,1,0.11158798635005951,xattn
1659,1,0.10917030274868011,xattn
1660,1,0.11403508484363556,xattn
1661,1,0.10964912176132202,xattn
1662,1,0.12719298899173737,xattn
1663,1,0.12334802001714706,xattn
1656,2,0.03836316987872124,xattn
1657,2,0.02806122414767742,xattn
1658,2,0.029449423775076866,xattn
1659,2,0.0365535244345665,xattn
1660,2,0.03810775279998779,xattn
1661,2,0.04755614325404167,xattn
1662,2,0.04894179850816727,xattn
1663,2,0.04730617627501488,xattn
1664,0,0.0,xattn
1665,0,0.0,xattn
1666,0,0.0,xattn
1667,0,0.0,xattn
1668,0,0.0,xattn
1669,0,0.0,xattn
1670,0,0.0,xattn
1671,0,0.0,xattn
1664,1,0.08945687115192413,xattn
1665,1,0.09584664553403854,xattn
1666,1,0.10543131083250046,xattn
1667,1,0.10862620174884796,xattn
1668,1,0.10543131083250046,xattn
1669,1,0.10543131083250046,xattn
1670,1,0.09904153645038605,xattn
1671,1,0.09265175461769104,xattn
1664,2,0.04054053872823715,xattn
1665,2,0.04736129939556122,xattn
1666,2,0.042953021824359894,xattn
1667,2,0.03471295163035393,xattn
1668,2,0.03609625622630119,xattn
1669,2,0.0346205048263073,xattn
1670,2,0.03638814017176628,xattn
1671,2,0.03945578262209892,xattn
1672,0,0.0,xattn
1673,0,0.0,xattn
1674,0,0.0,xattn
1675,0,0.0,xattn
1676,0,0.0,xattn
1677,0,0.0,xattn
1678,0,0.0,xattn
1679,0,0.0,xattn
1672,1,0.44625407457351685,xattn
1673,1,0.4397394061088562,xattn
1674,1,0.43606558442115784,xattn
1675,1,0.4346405267715454,xattn
1676,1,0.42105263471603394,xattn
1677,1,0.430463582277298,xattn
1678,1,0.43790850043296814,xattn
1679,1,0.43934425711631775,xattn
1672,2,0.22041763365268707,xattn
1673,2,0.2226107269525528,xattn
1674,2,0.2232612520456314,xattn
1675,2,0.2259194403886795,xattn
1676,2,0.22241784632205963,xattn
1677,2,0.2218330353498459,xattn
1678,2,0.22021028399467468,xattn
1679,2,0.21941176056861877,xattn
1680,0,0.0,xattn
1681,0,0.0,xattn
1682,0,0.0,xattn
1683,0,0.0,xattn
1684,0,0.0,xattn
1685,0,0.0,xattn
1686,0,0.0,xattn
1687,0,0.0,xattn
1680,1,0.5282486081123352,xattn
1681,1,0.5184136033058167,xattn
1682,1,0.5244956612586975,xattn
1683,1,0.5478261113166809,xattn
1684,1,0.530434787273407,xattn
1685,1,0.5327635407447815,xattn
1686,1,0.5317919254302979,xattn
1687,1,0.530259370803833,xattn
1680,2,0.25882354378700256,xattn
1681,2,0.2532239258289337,xattn
1682,2,0.25146540999412537,xattn
1683,2,0.2521994113922119,xattn
1684,2,0.2517688572406769,xattn
1685,2,0.25394967198371887,xattn
1686,2,0.2504398822784424,xattn
1687,2,0.2463599294424057,xattn
1688,0,0.0,xattn
1689,0,0.0,xattn
1690,0,0.0,xattn
1691,0,0.0,xattn
1692,0,0.0,xattn
1693,0,0.0,xattn
1694,0,0.0,xattn
1695,0,0.0,xattn
1688,1,0.5518207550048828,xattn
1689,1,0.5661971569061279,xattn
1690,1,0.5614525079727173,xattn
1691,1,0.5574229955673218,xattn
1692,1,0.5492957830429077,xattn
1693,1,0.5467422008514404,xattn
1694,1,0.5436619520187378,xattn
1695,1,0.5480226278305054,xattn
1688,2,0.2346268594264984,xattn
1689,2,0.23361144959926605,xattn
1690,2,0.23553965985774994,xattn
1691,2,0.22976189851760864,xattn
1692,2,0.23127621412277222,xattn
1693,2,0.23081570863723755,xattn
1694,2,0.23049001395702362,xattn
1695,2,0.2330508530139923,xattn
1696,0,0.0,xattn
1697,0,0.0,xattn
1698,0,0.0,xattn
1699,0,0.0,xattn
1700,0,0.0,xattn
1701,0,0.0,xattn
1702,0,0.0,xattn
1703,0,0.0,xattn
1696,1,0.4716981053352356,xattn
1697,1,0.4716981053352356,xattn
1698,1,0.4735202491283417,xattn
1699,1,0.47987616062164307,xattn
1700,1,0.46483179926872253,xattn
1701,1,0.4613003134727478,xattn
1702,1,0.46105918288230896,xattn
1703,1,0.4781250059604645,xattn
1696,2,0.23995406925678253,xattn
1697,2,0.23995406925678253,xattn
1698,2,0.2402745932340622,xattn
1699,2,0.24045583605766296,xattn
1700,2,0.23876404762268066,xattn
1701,2,0.23582257330417633,xattn
1702,2,0.23442809283733368,xattn
1703,2,0.2369614541530609,xattn
1704,0,0.0,xattn
1705,0,0.0,xattn
1706,0,0.0,xattn
1707,0,0.0,xattn
1708,0,0.0,xattn
1709,0,0.0,xattn
1710,0,0.0,xattn
1711,0,0.0,xattn
1704,1,0.47632312774658203,xattn
1705,1,0.4733893573284149,xattn
1706,1,0.4751381278038025,xattn
1707,1,0.4780219793319702,xattn
1708,1,0.4832402169704437,xattn
1709,1,0.48595505952835083,xattn
1710,1,0.49162012338638306,xattn
1711,1,0.5084269642829895,xattn
1704,2,0.22283950448036194,xattn
1705,2,0.2231149524450302,xattn
1706,2,0.22791846096515656,xattn
1707,2,0.22802704572677612,xattn
1708,2,0.227076917886734,xattn
1709,2,0.2263222634792328,xattn
1710,2,0.22235722839832306,xattn
1711,2,0.22303473949432373,xattn
1712,0,0.0,xattn
1713,0,0.0,xattn
1714,0,0.0,xattn
1715,0,0.0,xattn
1716,0,0.0,xattn
1717,0,0.0,xattn
1718,0,0.0,xattn
1719,0,0.0,xattn
1712,1,0.5,xattn
1713,1,0.49854227900505066,xattn
1714,1,0.5072886347770691,xattn
1715,1,0.5253731608390808,xattn
1716,1,0.522522509098053,xattn
1717,1,0.5541795492172241,xattn
1718,1,0.5607476830482483,xattn
1719,1,0.567307710647583,xattn
1712,2,0.21546170115470886,xattn
1713,2,0.21521739661693573,xattn
1714,2,0.21330441534519196,xattn
1715,2,0.2117476463317871,xattn
1716,2,0.2152828872203827,xattn
1717,2,0.20885609090328217,xattn
1718,2,0.20836445689201355,xattn
1719,2,0.20574887096881866,xattn
1720,0,0.0,xattn
1721,0,0.0,xattn
1722,0,0.0,xattn
1723,0,0.0,xattn
1724,0,0.0,xattn
1725,0,0.0,xattn
1726,0,0.0,xattn
1727,0,0.0,xattn
1720,1,0.584967315196991,xattn
1721,1,0.5993377566337585,xattn
1722,1,0.5993377566337585,xattn
1723,1,0.5953177213668823,xattn
1724,1,0.6033898591995239,xattn
1725,1,0.6137930750846863,xattn
1726,1,0.6118881106376648,xattn
1727,1,0.6021126508712769,xattn
1720,2,0.24646227061748505,xattn
1721,2,0.24539512395858765,xattn
1722,2,0.24539512395858765,xattn
1723,2,0.24654239416122437,xattn
1724,2,0.2513727843761444,xattn
1725,2,0.25555557012557983,xattn
1726,2,0.2517133951187134,xattn
1727,2,0.2528301775455475,xattn
1728,0,0.0,xattn
1729,0,0.0,xattn
1730,0,0.0,xattn
1731,0,0.0,xattn
1732,0,0.0,xattn
1733,0,0.0,xattn
1734,0,0.0,xattn
1735,0,0.0,xattn
1728,1,0.5909090638160706,xattn
1729,1,0.589958131313324,xattn
1730,1,0.6034482717514038,xattn
1731,1,0.6120689511299133,xattn
1732,1,0.6228070259094238,xattn
1733,1,0.6238937973976135,xattn
1734,1,0.6278026700019836,xattn
1735,1,0.6278026700019836,xattn
1728,2,0.2501641511917114,xattn
1729,2,0.24571804702281952,xattn
1730,2,0.24983300268650055,xattn
1731,2,0.2441471517086029,xattn
1732,2,0.24209818243980408,xattn
1733,2,0.24306026101112366,xattn
1734,2,0.2409556359052658,xattn
1735,2,0.24133148789405823,xattn
1736,0,0.0,xattn
1737,0,0.0,xattn
1738,0,0.0,xattn
1739,0,0.0,xattn
1740,0,0.0,xattn
1741,0,0.0,xattn
1742,0,0.0,xattn
1743,0,0.0,xattn
1736,1,0.6558139324188232,xattn
1737,1,0.6325581669807434,xattn
1738,1,0.629807710647583,xattn
1739,1,0.6076555252075195,xattn
1740,1,0.6135265827178955,xattn
1741,1,0.606796145439148,xattn
1742,1,0.6146341562271118,xattn
1743,1,0.6188119053840637,xattn
1736,2,0.21990369260311127,xattn
1737,2,0.22006472945213318,xattn
1738,2,0.2186732143163681,xattn
1739,2,0.21926909685134888,xattn
1740,2,0.2162386029958725,xattn
1741,2,0.21583333611488342,xattn
1742,2,0.21158690750598907,xattn
1743,2,0.20941968262195587,xattn
1744,0,0.0,xattn
1745,0,0.0,xattn
1746,0,0.0,xattn
1747,0,0.0,xattn
1748,0,0.0,xattn
1749,0,0.0,xattn
1750,0,0.0,xattn
1751,0,0.0,xattn
1744,1,0.0,xattn
1745,1,0.0,xattn
1746,1,0.0,xattn
1747,1,0.0,xattn
1748,1,0.0,xattn
1749,1,0.0,xattn
1750,1,0.0,xattn
1751,1,0.0,xattn
1744,2,0.018842529505491257,xattn
1745,2,0.020053476095199585,xattn
1746,2,0.0213618166744709,xattn
1747,2,0.021276595070958138,xattn
1748,2,0.022576361894607544,xattn
1749,2,0.025099074468016624,xattn
1750,2,0.02493438310921192,xattn
1751,2,0.027522936463356018,xattn
1752,0,0.0,xattn
1753,0,0.0,xattn
1754,0,0.0,xattn
1755,0,0.0,xattn
1756,0,0.0,xattn
1757,0,0.0,xattn
1758,0,0.0,xattn
1759,0,0.0,xattn
1752,1,0.018518518656492233,xattn
1753,1,0.030487805604934692,xattn
1754,1,0.030674846842885017,xattn
1755,1,0.03726708143949509,xattn
1756,1,0.03703703731298447,xattn
1757,1,0.03658536449074745,xattn
1758,1,0.042944785207509995,xattn
1759,1,0.0602409653365612,xattn
1752,2,0.02818991057574749,xattn
1753,2,0.03101920150220394,xattn
1754,2,0.029027575626969337,xattn
1755,2,0.028985507786273956,xattn
1756,2,0.034433286637067795,xattn
1757,2,0.035410765558481216,xattn
1758,2,0.03531073406338692,xattn
1759,2,0.03888889029622078,xattn
1760,0,0.0,xattn
1761,0,0.0,xattn
1762,0,0.0,xattn
1763,0,0.0,xattn
1764,0,0.0,xattn
1765,0,0.0,xattn
1766,0,0.0,xattn
1767,0,0.0,xattn
1760,1,0.06363636255264282,xattn
1761,1,0.059090908616781235,xattn
1762,1,0.0625,xattn
1763,1,0.06637167930603027,xattn
1764,1,0.08296943455934525,xattn
1765,1,0.08695652335882187,xattn
1766,1,0.09090909361839294,xattn
1767,1,0.10593220591545105,xattn
1760,2,0.04353741556406021,xattn
1761,2,0.03475935757160187,xattn
1762,2,0.03515625,xattn
1763,2,0.03846153989434242,xattn
1764,2,0.036204744130373,xattn
1765,2,0.03699136897921562,xattn
1766,2,0.03618817776441574,xattn
1767,2,0.037383176386356354,xattn
1768,0,0.0,xattn
1769,0,0.0,xattn
1770,0,0.0,xattn
1771,0,0.0,xattn
1772,0,0.0,xattn
1773,0,0.0,xattn
1774,0,0.0,xattn
1775,0,0.0,xattn
1768,1,0.12337662279605865,xattn
1769,1,0.13442623615264893,xattn
1770,1,0.1461038887500763,xattn
1771,1,0.16883116960525513,xattn
1772,1,0.20394736528396606,xattn
1773,1,0.2218542993068695,xattn
1774,1,0.25752508640289307,xattn
1775,1,0.2847457528114319,xattn
1768,2,0.03354037180542946,xattn
1769,2,0.03272727131843567,xattn
1770,2,0.037691403180360794,xattn
1771,2,0.037931036204099655,xattn
1772,2,0.0451977401971817,xattn
1773,2,0.04894326999783516,xattn
1774,2,0.06181015446782112,xattn
1775,2,0.06637649983167648,xattn
1776,0,0.0,xattn
1777,0,0.0,xattn
1778,0,0.0,xattn
1779,0,0.0,xattn
1780,0,0.0,xattn
1781,0,0.0,xattn
1782,0,0.0,xattn
1783,0,0.0,xattn
1776,1,0.25438597798347473,xattn
1777,1,0.29955947399139404,xattn
1778,1,0.30180180072784424,xattn
1779,1,0.3755868673324585,xattn
1780,1,0.38604649901390076,xattn
1781,1,0.40758293867111206,xattn
1782,1,0.39423078298568726,xattn
1783,1,0.40776699781417847,xattn
1776,2,0.06463878601789474,xattn
1777,2,0.06765523552894592,xattn
1778,2,0.06716418266296387,xattn
1779,2,0.07428041100502014,xattn
1780,2,0.07043559104204178,xattn
1781,2,0.0659945011138916,xattn
1782,2,0.057195570319890976,xattn
1783,2,0.05272895470261574,xattn
1784,0,0.0,xattn
1785,0,0.0,xattn
1786,0,0.0,xattn
1787,0,0.0,xattn
1788,0,0.0,xattn
1789,0,0.0,xattn
1790,0,0.0,xattn
1791,0,0.0,xattn
1784,1,0.40221402049064636,xattn
1785,1,0.44905659556388855,xattn
1786,1,0.4656488597393036,xattn
1787,1,0.47148290276527405,xattn
1788,1,0.5019454956054688,xattn
1789,1,0.5399239659309387,xattn
1790,1,0.5675675868988037,xattn
1791,1,0.5953307151794434,xattn
1784,2,0.2512124180793762,xattn
1785,2,0.276699036359787,xattn
1786,2,0.27799227833747864,xattn
1787,2,0.26985645294189453,xattn
1788,2,0.27462121844291687,xattn
1789,2,0.2756706774234772,xattn
1790,2,0.2803308963775635,xattn
1791,2,0.2845454514026642,xattn
1792,0,0.0,xattn
1793,0,0.0,xattn
1794,0,0.0,xattn
1795,0,0.0,xattn
1796,0,0.0,xattn
1797,0,0.0,xattn
1798,0,0.0,xattn
1799,0,0.0,xattn
1792,1,0.4888888895511627,xattn
1793,1,0.49145299196243286,xattn
1794,1,0.49367088079452515,xattn
1795,1,0.4788135588169098,xattn
1796,1,0.47325101494789124,xattn
1797,1,0.5123966932296753,xattn
1798,1,0.5289255976676941,xattn
1799,1,0.5019920468330383,xattn
1792,2,0.24280230700969696,xattn
1793,2,0.24556489288806915,xattn
1794,2,0.23573432862758636,xattn
1795,2,0.2153419554233551,xattn
1796,2,0.22272726893424988,xattn
1797,2,0.23482142388820648,xattn
1798,2,0.26048171520233154,xattn
1799,2,0.30887681245803833,xattn
1800,0,0.0,xattn
1801,0,0.0,xattn
1802,0,0.0,xattn
1803,0,0.0,xattn
1804,0,0.0,xattn
1805,0,0.0,xattn
1806,0,0.0,xattn
1807,0,0.0,xattn
1800,1,0.5494505763053894,xattn
1801,1,0.6363636255264282,xattn
1802,1,0.6557376980781555,xattn
1803,1,0.6182572841644287,xattn
1804,1,0.6115702390670776,xattn
1805,1,0.577235758304596,xattn
1806,1,0.5696721076965332,xattn
1807,1,0.5840336084365845,xattn
1800,2,0.33301159739494324,xattn
1801,2,0.3253731429576874,xattn
1802,2,0.3193449378013611,xattn
1803,2,0.3213149607181549,xattn
1804,2,0.32822757959365845,xattn
1805,2,0.32929515838623047,xattn
1806,2,0.32926830649375916,xattn
1807,2,0.3239910304546356,xattn
1808,0,0.0,xattn
1809,0,0.0,xattn
1810,0,0.0,xattn
1811,0,0.0,xattn
1812,0,0.0,xattn
1813,0,0.0,xattn
1814,0,0.0,xattn
1815,0,0.0,xattn
1808,1,0.4545454680919647,xattn
1809,1,0.43192487955093384,xattn
1810,1,0.43661972880363464,xattn
1811,1,0.44907405972480774,xattn
1812,1,0.4861111044883728,xattn
1813,1,0.47111111879348755,xattn
1814,1,0.4727272689342499,xattn
1815,1,0.477477490901947,xattn
1808,2,0.27639156579971313,xattn
1809,2,0.30516430735588074,xattn
1810,2,0.3273584842681885,xattn
1811,2,0.3223992586135864,xattn
1812,2,0.3226397931575775,xattn
1813,2,0.33061593770980835,xattn
1814,2,0.33211344480514526,xattn
1815,2,0.3336380124092102,xattn
1816,0,0.0,xattn
1817,0,0.0,xattn
1818,0,0.0,xattn
1819,0,0.0,xattn
1820,0,0.0,xattn
1821,0,0.0,xattn
1822,0,0.0,xattn
1823,0,0.0,xattn
1816,1,0.40909090638160706,xattn
1817,1,0.3936651647090912,xattn
1818,1,0.3963133692741394,xattn
1819,1,0.39534884691238403,xattn
1820,1,0.3820754587650299,xattn
1821,1,0.3971962630748749,xattn
1822,1,0.37674418091773987,xattn
1823,1,0.34545454382896423,xattn
1816,2,0.3388756811618805,xattn
1817,2,0.3217938542366028,xattn
1818,2,0.31195566058158875,xattn
1819,2,0.3125,xattn
1820,2,0.3162939250469208,xattn
1821,2,0.3135860860347748,xattn
1822,2,0.29402637481689453,xattn
1823,2,0.2725208103656769,xattn
1824,0,0.0,xattn
1825,0,0.0,xattn
1826,0,0.0,xattn
1827,0,0.0,xattn
1828,0,0.0,xattn
1829,0,0.0,xattn
1830,0,0.0,xattn
1831,0,0.0,xattn
1824,1,0.05797101557254791,xattn
1825,1,0.05797101557254791,xattn
1826,1,0.05714285746216774,xattn
1827,1,0.043478261679410934,xattn
1828,1,0.043478261679410934,xattn
1829,1,0.0882352963089943,xattn
1830,1,0.10294117778539658,xattn
1831,1,0.10447761416435242,xattn
1824,2,0.03051181137561798,xattn
1825,2,0.035467978566884995,xattn
1826,2,0.03638151288032532,xattn
1827,2,0.0333988219499588,xattn
1828,2,0.034381140023469925,xattn
1829,2,0.03740157559514046,xattn
1830,2,0.044378697872161865,xattn
1831,2,0.04146100580692291,xattn
1832,0,0.0,xattn
1833,0,0.0,xattn
1834,0,0.0,xattn
1835,0,0.0,xattn
1836,0,0.0,xattn
1837,0,0.0,xattn
1838,0,0.0,xattn
1839,0,0.0,xattn
1832,1,0.09782608598470688,xattn
1833,1,0.09782608598470688,xattn
1834,1,0.08695652335882187,xattn
1835,1,0.08791209012269974,xattn
1836,1,0.10989011079072952,xattn
1837,1,0.10989011079072952,xattn
1838,1,0.14130434393882751,xattn
1839,1,0.14130434393882751,xattn
1832,2,0.04047217592597008,xattn
1833,2,0.044575273990631104,xattn
1834,2,0.03956228867173195,xattn
1835,2,0.04047217592597008,xattn
1836,2,0.04303797334432602,xattn
1837,2,0.04215851426124573,xattn
1838,2,0.047979798167943954,xattn
1839,2,0.04873949661850929,xattn
1840,0,0.0,xattn
1841,0,0.0,xattn
1842,0,0.0,xattn
1843,0,0.0,xattn
1844,0,0.0,xattn
1845,0,0.0,xattn
1846,0,0.0,xattn
1847,0,0.0,xattn
1840,1,0.1702127605676651,xattn
1841,1,0.15625,xattn
1842,1,0.1354166716337204,xattn
1843,1,0.1458333283662796,xattn
1844,1,0.1979166716337204,xattn
1845,1,0.2291666716337204,xattn
1846,1,0.2291666716337204,xattn
1847,1,0.21875,xattn
1840,2,0.06480304896831512,xattn
1841,2,0.07088607549667358,xattn
1842,2,0.07332490384578705,xattn
1843,2,0.07178841531276703,xattn
1844,2,0.07924528419971466,xattn
1845,2,0.08531995117664337,xattn
1846,2,0.09068010002374649,xattn
1847,2,0.10353535413742065,xattn
1848,0,0.0,xattn
1849,0,0.0,xattn
1850,0,0.0,xattn
1851,0,0.0,xattn
1852,0,0.0,xattn
1853,0,0.0,xattn
1854,0,0.0,xattn
1855,0,0.0,xattn
1848,1,0.22608695924282074,xattn
1849,1,0.27826085686683655,xattn
1850,1,0.2844827473163605,xattn
1851,1,0.3103448152542114,xattn
1852,1,0.32758620381355286,xattn
1853,1,0.3162393271923065,xattn
1854,1,0.32773110270500183,xattn
1855,1,0.3361344635486603,xattn
1848,2,0.09746328741312027,xattn
1849,2,0.10519307851791382,xattn
1850,2,0.1099337711930275,xattn
1851,2,0.11710526049137115,xattn
1852,2,0.12057667225599289,xattn
1853,2,0.1281045824289322,xattn
1854,2,0.1306597739458084,xattn
1855,2,0.1434108465909958,xattn
1856,0,0.0,xattn
1857,0,0.0,xattn
1858,0,0.0,xattn
1859,0,0.0,xattn
1860,0,0.0,xattn
1861,0,0.0,xattn
1862,0,0.0,xattn
1863,0,0.0,xattn
1856,1,0.22627736628055573,xattn
1857,1,0.277372270822525,xattn
1858,1,0.28985506296157837,xattn
1859,1,0.3191489279270172,xattn
1860,1,0.3380281627178192,xattn
1861,1,0.3546099364757538,xattn
1862,1,0.37857142090797424,xattn
1863,1,0.37142857909202576,xattn
1856,2,0.11561181396245956,xattn
1857,2,0.11464434862136841,xattn
1858,2,0.11930406093597412,xattn
1859,2,0.11274509876966476,xattn
1860,2,0.11066235601902008,xattn
1861,2,0.10350318253040314,xattn
1862,2,0.10347551107406616,xattn
1863,2,0.10148321837186813,xattn
1864,0,0.0,xattn
1865,0,0.0,xattn
1866,0,0.0,xattn
1867,0,0.0,xattn
1868,0,0.0,xattn
1869,0,0.0,xattn
1870,0,0.0,xattn
1871,0,0.0,xattn
1864,1,0.25333333015441895,xattn
1865,1,0.2763157784938812,xattn
1866,1,0.269565224647522,xattn
1867,1,0.29955947399139404,xattn
1868,1,0.2943722903728485,xattn
1869,1,0.31489360332489014,xattn
1870,1,0.3025210201740265,xattn
1871,1,0.2933884263038635,xattn
1864,2,0.08388157933950424,xattn
1865,2,0.08441558480262756,xattn
1866,2,0.08313349634408951,xattn
1867,2,0.07486209273338318,xattn
1868,2,0.07131782919168472,xattn
1869,2,0.063214011490345,xattn
1870,2,0.05451829731464386,xattn
1871,2,0.04208998382091522,xattn
1872,0,0.0,xattn
1873,0,0.0,xattn
1874,0,0.0,xattn
1875,0,0.0,xattn
1876,0,0.0,xattn
1877,0,0.0,xattn
1878,0,0.0,xattn
1879,0,0.0,xattn
1872,1,0.27843138575553894,xattn
1873,1,0.30314961075782776,xattn
1874,1,0.3176470696926117,xattn
1875,1,0.3217054307460785,xattn
1876,1,0.33976835012435913,xattn
1877,1,0.3295454680919647,xattn
1878,1,0.33208954334259033,xattn
1879,1,0.3468634784221649,xattn
1872,2,0.04775280877947807,xattn
1873,2,0.051353227347135544,xattn
1874,2,0.05574673041701317,xattn
1875,2,0.06228610500693321,xattn
1876,2,0.0723055899143219,xattn
1877,2,0.0758293867111206,xattn
1878,2,0.08042895793914795,xattn
1879,2,0.085317462682724,xattn
1880,0,0.0,xattn
1881,0,0.0,xattn
1882,0,0.0,xattn
1883,0,0.0,xattn
1884,0,0.0,xattn
1885,0,0.0,xattn
1886,0,0.0,xattn
1887,0,0.0,xattn
1880,1,0.22983871400356293,xattn
1881,1,0.23715415596961975,xattn
1882,1,0.24513618648052216,xattn
1883,1,0.24513618648052216,xattn
1884,1,0.25,xattn
1885,1,0.24436090886592865,xattn
1886,1,0.24436090886592865,xattn
1887,1,0.26037734746932983,xattn
1880,2,0.07346189022064209,xattn
1881,2,0.07894736528396606,xattn
1882,2,0.08617594093084335,xattn
1883,2,0.09244444221258163,xattn
1884,2,0.08571428805589676,xattn
1885,2,0.08598452061414719,xattn
1886,2,0.08361774682998657,xattn
1887,2,0.08206430077552795,xattn
1888,0,0.0,xattn
1889,0,0.0,xattn
1890,0,0.0,xattn
1891,0,0.0,xattn
1892,0,0.0,xattn
1893,0,0.0,xattn
1894,0,0.0,xattn
1895,0,0.0,xattn
1888,1,0.2942942976951599,xattn
1889,1,0.28070175647735596,xattn
1890,1,0.3090378940105438,xattn
1891,1,0.29855072498321533,xattn
1892,1,0.3020527958869934,xattn
1893,1,0.2982456088066101,xattn
1894,1,0.29597702622413635,xattn
1895,1,0.29885056614875793,xattn
1888,2,0.06915629655122757,xattn
1889,2,0.06790123134851456,xattn
1890,2,0.06530611962080002,xattn
1891,2,0.06359945982694626,xattn
1892,2,0.08270158618688583,xattn
1893,2,0.09368494153022766,xattn
1894,2,0.10000000149011612,xattn
1895,2,0.09717436134815216,xattn
1896,0,0.0,xattn
1897,0,0.0,xattn
1898,0,0.0,xattn
1899,0,0.0,xattn
1900,0,0.0,xattn
1901,0,0.0,xattn
1902,0,0.0,xattn
1903,0,0.0,xattn
1896,1,0.25333333015441895,xattn
1897,1,0.24444444477558136,xattn
1898,1,0.24611973762512207,xattn
1899,1,0.2584269642829895,xattn
1900,1,0.27210885286331177,xattn
1901,1,0.28246012330055237,xattn
1902,1,0.26255708932876587,xattn
1903,1,0.2697674334049225,xattn
1896,2,0.11564171314239502,xattn
1897,2,0.11096345633268356,xattn
1898,2,0.09914077818393707,xattn
1899,2,0.09966997057199478,xattn
1900,2,0.10072416067123413,xattn
1901,2,0.1029900312423706,xattn
1902,2,0.10006716102361679,xattn
1903,2,0.0972972959280014,xattn
1904,0,0.0,xattn
1905,0,0.0,xattn
1906,0,0.0,xattn
1907,0,0.0,xattn
1908,0,0.0,xattn
1909,0,0.0,xattn
1910,0,0.0,xattn
1911,0,0.0,xattn
1904,1,0.24637681245803833,xattn
1905,1,0.24260355532169342,xattn
1906,1,0.24624624848365784,xattn
1907,1,0.26791277527809143,xattn
1908,1,0.27760252356529236,xattn
1909,1,0.27124184370040894,xattn
1910,1,0.2970297038555145,xattn
1911,1,0.29830509424209595,xattn
1904,2,0.09131075441837311,xattn
1905,2,0.08925870060920715,xattn
1906,2,0.08492731302976608,xattn
1907,2,0.08970358967781067,xattn
1908,2,0.08757961541414261,xattn
1909,2,0.0909842848777771,xattn
1910,2,0.09400998055934906,xattn
1911,2,0.09568162262439728,xattn
1912,0,0.0,xattn
1913,0,0.0,xattn
1914,0,0.0,xattn
1915,0,0.0,xattn
1916,0,0.0,xattn
1917,0,0.0,xattn
1918,0,0.0,xattn
1919,0,0.0,xattn
1912,1,0.2508143186569214,xattn
1913,1,0.2677966058254242,xattn
1914,1,0.2696245610713959,xattn
1915,1,0.261904776096344,xattn
1916,1,0.25783970952033997,xattn
1917,1,0.25806450843811035,xattn
1918,1,0.2607142925262451,xattn
1919,1,0.25539568066596985,xattn
1912,2,0.09858103096485138,xattn
1913,2,0.1055469959974289,xattn
1914,2,0.10608424246311188,xattn
1915,2,0.09761904925107956,xattn
1916,2,0.09711075574159622,xattn
1917,2,0.0934959352016449,xattn
1918,2,0.08934426307678223,xattn
1919,2,0.0772986188530922,xattn
